,T_cov,T_lf,T_bk,E_lcoh,E_val,E_fund,N_co2,N_erf,N_gas,S_li,S_aff,S_eq,S_fac
T_cov,1.0,-0.9416859651071289,0.9416691179239723,-0.8025502571476607,0.48290264964316926,-0.5525581936204929,0.10821179557862762,0.06389063621173617,0.4041441575272264,-0.7179930641053035,-0.09693763879559684,-0.40448244128893396,0.16891576081967916
T_lf,-0.9416859651071289,1.0,-0.9999713223824989,0.8061889893308907,-0.4769368920491082,0.5419673652118779,-0.1083758461283348,-0.07627996611679384,-0.3635605404467959,0.6774840949877073,-0.04727530954682657,0.19864104962058218,-0.22250225194610104
T_bk,0.9416691179239723,-0.9999713223824989,1.0,-0.806246560701466,0.4769441436102496,-0.5419766299906915,0.10854742341937464,0.07644350304910418,0.3638633054838711,-0.6775188420908773,0.04727680598388145,-0.1987281739475254,0.22280499563726297
E_lcoh,-0.8025502571476607,0.8061889893308907,-0.806246560701466,1.0,-0.4545321049986801,0.519863385827054,-0.24593140337071237,-0.23108870250385938,-0.389624227549006,0.6203833952484336,-0.26580655419145094,0.3504803680364275,-0.18226807834144831
E_val,0.48290264964316926,-0.4769368920491082,0.4769441436102496,-0.4545321049986801,1.0,-0.9949716258801958,-0.6932576225351648,-0.704803702704719,-0.5032582973416332,-0.9368623349540045,0.18539225764544526,-0.12558226916789927,-0.07578080482717393
E_fund,-0.5525581936204929,0.5419673652118779,-0.5419766299906915,0.519863385827054,-0.9949716258801958,1.0,0.6322193810939392,0.647337434577133,0.426234544700297,0.9593114031314938,-0.16953539647978072,0.16195959243324745,0.05260668589408006
N_co2,0.10821179557862762,-0.1083758461283348,0.10854742341937464,-0.24593140337071237,-0.6932576225351648,0.6322193810939392,1.0,0.9973576752249629,0.9220486783137061,0.48217382264527414,-0.07136665003949891,-0.1818616378564928,0.23674979672922034
N_erf,0.06389063621173617,-0.07627996611679384,0.07644350304910418,-0.23108870250385938,-0.704803702704719,0.647337434577133,0.9973576752249629,1.0,0.8937336110330115,0.5097382196707545,-0.023314114361372252,-0.16130184102514922,0.2333402362269733
N_gas,0.4041441575272264,-0.3635605404467959,0.3638633054838711,-0.389624227549006,-0.5032582973416332,0.426234544700297,0.9220486783137061,0.8937336110330115,1.0,0.22362904789722599,-0.25112971828838776,-0.2670737417792125,0.2582296407950389
S_li,-0.7179930641053035,0.6774840949877073,-0.6775188420908773,0.6203833952484336,-0.9368623349540045,0.9593114031314938,0.48217382264527414,0.5097382196707545,0.22362904789722599,1.0,-0.007096817835013491,0.23447675079605887,-0.002114088300422473
S_aff,-0.09693763879559684,-0.04727530954682657,0.04727680598388145,-0.26580655419145094,0.18539225764544526,-0.16953539647978072,-0.07136665003949891,-0.023314114361372252,-0.25112971828838776,-0.007096817835013491,1.0,-0.013667731361760452,0.004378454662698276
S_eq,-0.40448244128893396,0.19864104962058218,-0.1987281739475254,0.3504803680364275,-0.12558226916789927,0.16195959243324745,-0.1818616378564928,-0.16130184102514922,-0.2670737417792125,0.23447675079605887,-0.013667731361760452,1.0,-0.2264180096710559
S_fac,0.16891576081967916,-0.22250225194610104,0.22280499563726297,-0.18226807834144831,-0.07578080482717393,0.05260668589408006,0.23674979672922034,0.2333402362269733,0.2582296407950389,-0.002114088300422473,0.004378454662698276,-0.2264180096710559,1.0
