month,demand,delivered,source_used,source_available,config
1,295.43922396013556,292.26245811110186,201.9913060502361,6705.609082058296,C1 Internal reuse
2,266.84833131883215,262.87737400753997,181.68239756148952,6031.403821090477,C1 Internal reuse
3,295.43922396013556,295.43922396013556,204.1868637246952,6778.49613729806,C1 Internal reuse
4,285.9089264130344,285.9089264130344,197.60019070131793,6559.834971578767,C1 Internal reuse
5,295.43922396013556,295.43922396013556,204.1868637246952,6778.49613729806,C1 Internal reuse
6,285.9089264130344,285.9089264130344,197.60019070131793,6559.834971578767,C1 Internal reuse
7,295.43922396013556,295.43922396013556,204.1868637246952,6778.49613729806,C1 Internal reuse
8,295.43922396013556,295.43922396013556,204.1868637246952,6778.49613729806,C1 Internal reuse
9,285.9089264130344,285.9089264130344,197.60019070131793,6559.834971578767,C1 Internal reuse
10,295.43922396013556,295.43922396013556,204.1868637246952,6778.49613729806,C1 Internal reuse
11,285.9089264130344,285.9089264130344,197.60019070131793,6559.834971578767,C1 Internal reuse
12,295.43922396013556,295.43922396013556,204.1868637246952,6778.49613729806,C1 Internal reuse
1,431.8997083696468,425.13080153021934,288.1535347993353,6705.609082058296,C2 Internal + 1 community offtaker
2,383.12804361424696,374.8707169407676,254.3976212669314,6031.403821090477,C2 Internal + 1 community offtaker
3,389.8648931237086,389.529594438314,265.68394724243643,6778.49613729806,C2 Internal + 1 community offtaker
4,354.33291947523287,354.33291947523287,242.70858695432682,6559.834971578767,C2 Internal + 1 community offtaker
5,337.5635100988086,337.5635100988086,232.60719260855225,6778.49613729806,C2 Internal + 1 community offtaker
6,315.8925756286808,315.8925756286808,218.24105514747208,6559.834971578767,C2 Internal + 1 community offtaker
7,322.7313208420378,322.7313208420378,223.16640654654415,6778.49613729806,C2 Internal + 1 community offtaker
8,322.8902836902949,322.8902836902949,223.26758744548104,6778.49613729806,C2 Internal + 1 community offtaker
9,314.070149095111,314.070149095111,217.08106866676385,6559.834971578767,C2 Internal + 1 community offtaker
10,347.31410010801807,347.31410010801807,238.81350731110223,6778.49613729806,C2 Internal + 1 community offtaker
11,365.03728657398466,365.03728657398466,249.52198705049815,6559.834971578767,C2 Internal + 1 community offtaker
12,411.88689382869563,411.87256111286916,279.90539255394106,6778.49613729806,C2 Internal + 1 community offtaker
1,559.4657114931418,550.4458540634079,372.903727906606,6705.609082058296,C3 Small network (2-4 offtakers)
2,495.46265938229294,484.47598176898794,328.63792112605034,6031.403821090477,C3 Small network (2-4 offtakers)
3,500.0364745517198,499.5624259588122,340.71205142088934,6778.49613729806,C3 Small network (2-4 offtakers)
4,451.4512890185099,451.4512890185099,309.3279350582844,6559.834971578767,C3 Small network (2-4 offtakers)
5,426.0922626891208,426.0922626891208,293.88443246650246,6778.49613729806,C3 Small network (2-4 offtakers)
6,397.10395124146964,397.10395124146964,274.68861602932475,6559.834971578767,C3 Small network (2-4 offtakers)
7,405.12236703135835,405.12236703135835,280.5188669134442,6778.49613729806,C3 Small network (2-4 offtakers)
8,405.3471102761824,405.3471102761824,280.6621113348913,6778.49613729806,C3 Small network (2-4 offtakers)
9,394.5273866095525,394.5273866095525,273.0463930992916,6559.834971578767,C3 Small network (2-4 offtakers)
10,439.8777431434917,439.8777431434917,302.67087307166076,6778.49613729806,C3 Small network (2-4 offtakers)
11,466.58522894182505,466.58522894182505,318.9738421921256,6559.834971578767,C3 Small network (2-4 offtakers)
12,531.171396643409,531.1511329082199,360.8457201982239,6778.49613729806,C3 Small network (2-4 offtakers)
1,6091.7673658503445,5939.778310420437,3913.0644561052936,6705.609082058296,"C4 Large network (ABC equal-weights, today)"
2,5218.343108495148,5036.652289746909,3322.7629729438668,6031.403821090477,"C4 Large network (ABC equal-weights, today)"
3,4380.834743198137,4367.187164261067,2902.041993080119,6778.49613729806,"C4 Large network (ABC equal-weights, today)"
4,3305.157888256878,3305.157888256878,2215.6396900483182,6559.834971578767,"C4 Large network (ABC equal-weights, today)"
5,2252.0245675479255,2252.0245675479255,1540.8738769711185,6778.49613729806,"C4 Large network (ABC equal-weights, today)"
6,1740.5301403238298,1740.5301403238298,1208.7566223468675,6559.834971578767,"C4 Large network (ABC equal-weights, today)"
7,1648.313659904222,1648.313659904222,1152.3685014936984,6778.49613729806,"C4 Large network (ABC equal-weights, today)"
8,1654.7838851515894,1654.7838851515894,1156.5322779922267,6778.49613729806,"C4 Large network (ABC equal-weights, today)"
9,1666.3523667228642,1666.3523667228642,1161.0210863145614,6559.834971578767,"C4 Large network (ABC equal-weights, today)"
10,2648.9004058085734,2648.9004058085734,1796.274921757885,6778.49613729806,"C4 Large network (ABC equal-weights, today)"
11,3740.8550780017304,3740.8550780017304,2496.023393826254,6559.834971578767,"C4 Large network (ABC equal-weights, today)"
12,5277.190756702275,5276.607375737349,3487.280119893733,6778.49613729806,"C4 Large network (ABC equal-weights, today)"
1,3162.656626208164,3088.3984900133173,2316.93052004731,6705.609082058296,R2 Internal + rebuilt Fulton (2029+)
2,2724.4654372439213,2635.5035320163943,1972.7247929886923,6031.403821090477,R2 Internal + rebuilt Fulton (2029+)
3,2366.3805265138426,2360.0288790074464,1746.733287614672,6778.49613729806,R2 Internal + rebuilt Fulton (2029+)
4,1855.1903104983278,1855.1903104983278,1355.3930233356123,6559.834971578767,R2 Internal + rebuilt Fulton (2029+)
5,1375.6222457881886,1375.6222457881886,977.5153600159574,6778.49613729806,R2 Internal + rebuilt Fulton (2029+)
6,1127.0051884761992,1127.0051884761992,786.3872572546761,6559.834971578767,R2 Internal + rebuilt Fulton (2029+)
7,1094.6523463796095,1094.6523463796095,757.9647429768419,6778.49613729806,R2 Internal + rebuilt Fulton (2029+)
8,1097.663619679274,1097.663619679274,760.3177598388131,6778.49613729806,R2 Internal + rebuilt Fulton (2029+)
9,1092.4825033248553,1092.4825033248553,759.4111404436621,6559.834971578767,R2 Internal + rebuilt Fulton (2029+)
10,1560.3301298796262,1560.3301298796262,1121.8465855658299,6778.49613729806,R2 Internal + rebuilt Fulton (2029+)
11,2057.9658343877522,2057.9658343877522,1513.842350057312,6559.834971578767,R2 Internal + rebuilt Fulton (2029+)
12,2783.5488363121613,2783.2773280638307,2077.4607368780166,6778.49613729806,R2 Internal + rebuilt Fulton (2029+)
1,6591.480950459978,6432.218610729053,4905.096865849448,6705.609082058296,R3 Internal + full rebuild campus (2029+)
2,5663.460333789383,5472.860154000631,4164.627198143064,6031.403821090477,R3 Internal + full rebuild campus (2029+)
3,4842.960749111006,4829.01334571532,3634.999959161802,6778.49613729806,R3 Internal + full rebuild campus (2029+)
4,3731.84960292883,3731.84960292883,2773.1173295586254,6559.834971578767,R3 Internal + full rebuild campus (2029+)
5,2667.382618400304,2667.382618400304,1925.182720969289,6778.49613729806,R3 Internal + full rebuild campus (2029+)
6,2132.8484566351794,2132.8484566351794,1508.3315873526,6559.834971578767,R3 Internal + full rebuild campus (2029+)
7,2050.4087505729462,2050.4087505729462,1437.1657153839528,6778.49613729806,R3 Internal + full rebuild campus (2029+)
8,2057.021120576601,2057.021120576601,1442.3960001290254,6778.49613729806,R3 Internal + full rebuild campus (2029+)
9,2057.0410671943714,2057.0410671943714,1448.3690879254823,6559.834971578767,R3 Internal + full rebuild campus (2029+)
10,3072.9774451272206,3072.9774451272206,2246.0020994580386,6778.49613729806,R3 Internal + full rebuild campus (2029+)
11,4177.118649677675,4177.118649677675,3125.3184165178113,6559.834971578767,R3 Internal + full rebuild campus (2029+)
12,5759.008860218426,5758.412662923014,4370.140773754085,6778.49613729806,R3 Internal + full rebuild campus (2029+)
1,7537.11313852267,7347.703245271003,5100.141624593178,6705.609082058296,"R4 Large network (ABC equal-weights, post-rebuild)"
2,6451.995402433471,6225.627152418716,4321.452251660057,6031.403821090477,"R4 Large network (ABC equal-weights, post-rebuild)"
3,5393.3445973922035,5376.244420564356,3732.5761050307997,6778.49613729806,"R4 Large network (ABC equal-weights, post-rebuild)"
4,4048.629556626597,4048.629556626597,2811.5118334588556,6559.834971578767,"R4 Large network (ABC equal-weights, post-rebuild)"
5,2725.9828181054468,2725.9828181054468,1894.0927643501402,6778.49613729806,"R4 Large network (ABC equal-weights, post-rebuild)"
6,2088.178455168752,2088.178455168752,1451.5492218792017,6559.834971578767,"R4 Large network (ABC equal-weights, post-rebuild)"
7,1969.5436488425107,1969.5436488425107,1369.3518068394044,6778.49613729806,"R4 Large network (ABC equal-weights, post-rebuild)"
8,1977.650727494055,1977.650727494055,1374.9756777163861,6778.49613729806,"R4 Large network (ABC equal-weights, post-rebuild)"
9,1995.2350070215402,1995.2350070215402,1387.0744617704156,6559.834971578767,"R4 Large network (ABC equal-weights, post-rebuild)"
10,3223.2612763763955,3223.2612763763955,2239.054243006539,6778.49613729806,"R4 Large network (ABC equal-weights, post-rebuild)"
11,4594.550486806811,4594.550486806811,3190.2165373771454,6559.834971578767,"R4 Large network (ABC equal-weights, post-rebuild)"
12,6516.462946976622,6515.731980868696,4523.037278595215,6778.49613729806,"R4 Large network (ABC equal-weights, post-rebuild)"
1,1143.488283039378,1117.9877521812625,736.9960082855084,6705.609082058296,ref ABC phase 1 (111 8th + 363 W 16th hotel)
2,989.4817077782407,958.872625003753,633.1616656261147,6031.403821090477,ref ABC phase 1 (111 8th + 363 W 16th hotel)
3,882.2581864869505,880.1744350193379,585.8820432951677,6778.49613729806,ref ABC phase 1 (111 8th + 363 W 16th hotel)
4,711.1375424914162,711.1375424914162,477.4503202444453,6559.834971578767,ref ABC phase 1 (111 8th + 363 W 16th hotel)
5,557.2253474585842,557.2253474585842,380.29673124248086,6778.49613729806,ref ABC phase 1 (111 8th + 363 W 16th hotel)
6,472.2456935373838,472.2456935373838,325.37478510357295,6559.834971578767,ref ABC phase 1 (111 8th + 363 W 16th hotel)
7,465.0490357759842,465.0490357759842,321.6184549102458,6778.49613729806,ref ABC phase 1 (111 8th + 363 W 16th hotel)
8,466.0369283111476,466.0369283111476,322.24733482642733,6778.49613729806,ref ABC phase 1 (111 8th + 363 W 16th hotel)
9,460.920018462122,460.920018462122,318.1650033322682,6559.834971578767,ref ABC phase 1 (111 8th + 363 W 16th hotel)
10,617.8214879351399,617.8214879351399,418.87146927055335,6778.49613729806,ref ABC phase 1 (111 8th + 363 W 16th hotel)
11,777.6610381789524,777.6610381789524,519.7983377696067,6559.834971578767,ref ABC phase 1 (111 8th + 363 W 16th hotel)
12,1019.1163916862055,1019.0273194084448,674.2740365414097,6778.49613729806,ref ABC phase 1 (111 8th + 363 W 16th hotel)
