sensitivity,family,config,net_value,co2_avoided,heat_delivered_MWh,capex_total,I6,abatement_cost_per_t,feasible,d_net_vs_base,d_co2_vs_base,net_positive
base,base,C1 Internal reuse,-20787.609009530905,197.9807316126196,3471.410881531593,1461436.8613400937,2.033956415649304,104.99814219398445,True,0.0,0.0,False
base,base,C2 Internal + 1 community offtaker,-634058.7680857242,249.64583377719964,4281.235819534339,8347626.059791341,2.0142929361996122,2539.833164817002,True,0.0,0.0,False
base,base,C3 Small network (2-4 offtakers),-1169011.408150782,320.7869210659753,5451.742733650937,14753882.9609606,2.0112500441999637,3644.199097226769,True,0.0,0.0,False
base,base,"C4 Large network (ABC equal-weights, today)",-9482780.427939529,2485.9282580493264,39277.14313188338,87800900.02186254,1.9437690434564525,3814.58330393675,True,0.0,0.0,False
base,base,R2 Internal + rebuilt Fulton (2029+),-1898067.1498428504,-381.68910557549634,22128.12040751482,30932206.057209484,2.154710862201266,,False,0.0,0.0,False
base,base,R3 Internal + full rebuild campus (2029+),-7244131.676407521,-1103.3752343143433,44439.15248448114,104212635.34415963,2.156367005758723,,False,0.0,0.0,False
pipe cost low (A05 0.6x pilot),pipe,C1 Internal reuse,-20787.609009530905,197.9807316126196,3471.410881531593,1461436.8613400937,2.033956415649304,104.99814219398445,True,0.0,0.0,False
pipe cost low (A05 0.6x pilot),pipe,C2 Internal + 1 community offtaker,-562188.377141356,249.64583377719964,4281.235819534339,7459816.185426327,2.0142929361996122,2251.943758224661,True,71870.3909443682,0.0,False
pipe cost low (A05 0.6x pilot),pipe,C3 Small network (2-4 offtakers),-911762.4087351876,320.7869210659753,5451.742733650937,11576104.200462831,2.0112500441999637,2842.268025471238,True,257248.9994155945,0.0,False
pipe cost low (A05 0.6x pilot),pipe,"C4 Large network (ABC equal-weights, today)",-7901809.238588372,2485.9282580493264,39277.14313188338,68271274.33666173,1.9437690434564525,3178.615156331508,True,1580971.1893511564,0.0,False
pipe cost low (A05 0.6x pilot),pipe,R2 Internal + rebuilt Fulton (2029+),-1642379.1195526673,-381.68910557549634,22128.12040751482,27773709.83831069,2.154710862201266,,False,255688.03029018315,0.0,False
pipe cost low (A05 0.6x pilot),pipe,R3 Internal + full rebuild campus (2029+),-5308784.53842256,-1103.3752343143433,44439.15248448114,80305428.53966182,2.156367005758723,,False,1935347.1379849603,0.0,False
pipe cost high (A05 1.3x pilot),pipe,C1 Internal reuse,-20787.609009530905,197.9807316126196,3471.410881531593,1461436.8613400937,2.033956415649304,104.99814219398445,True,0.0,0.0,False
pipe cost high (A05 1.3x pilot),pipe,C2 Internal + 1 community offtaker,-687955.433191089,249.64583377719964,4281.235819534339,9013407.765541708,2.0142929361996122,2755.7256725744746,True,-53896.66510536475,0.0,False
pipe cost high (A05 1.3x pilot),pipe,C3 Small network (2-4 offtakers),-1361926.223111573,320.7869210659753,5451.742733650937,17136946.07475476,2.0112500441999637,4245.5790235645845,True,-192914.8149607908,0.0,False
pipe cost high (A05 1.3x pilot),pipe,"C4 Large network (ABC equal-weights, today)",-10668374.016816013,2485.9282580493264,39277.14313188338,102446454.0721133,1.9437690434564525,4291.505188161519,True,-1185593.588876484,0.0,False
pipe cost high (A05 1.3x pilot),pipe,R2 Internal + rebuilt Fulton (2029+),-2089811.371057223,-381.68910557549634,22128.12040751482,33300808.908950187,2.154710862201266,,False,-191744.22121437266,0.0,False
pipe cost high (A05 1.3x pilot),pipe,R3 Internal + full rebuild campus (2029+),-8695477.010529086,-1103.3752343143433,44439.15248448114,122141001.97492003,2.156367005758723,,False,-1451345.3341215653,0.0,False
route facade-to-facade,pipe,C1 Internal reuse,-20787.609009530905,197.9807316126196,3471.410881531593,1461436.8613400937,2.033956415649304,104.99814219398445,True,0.0,0.0,False
route facade-to-facade,pipe,C2 Internal + 1 community offtaker,-556868.4426581038,249.69363806589797,4281.235819534339,7394553.089074532,2.014449732582606,2230.2067724734648,True,77190.32542762044,0.04780428869833031,False
route facade-to-facade,pipe,C3 Small network (2-4 offtakers),-833208.9454001461,321.0514213469344,5451.742733650937,10608249.003929764,2.0119294493960425,2595.250760468568,True,335802.46275063604,0.2645002809590551,False
route facade-to-facade,pipe,"C4 Large network (ABC equal-weights, today)",-7715544.493702259,2495.5824353387434,39277.14313188338,66061980.58587619,1.9469882039226991,3091.680877556334,True,1767235.9342372697,9.65417728941702,False
route facade-to-facade,pipe,R2 Internal + rebuilt Fulton (2029+),-1547201.8009622418,-380.4996248021307,22128.12040751482,26609279.71745009,2.1555748831684345,,False,350865.34888060857,1.1894807733656307,False
route facade-to-facade,pipe,R3 Internal + full rebuild campus (2029+),-6371636.488065353,-1097.4371157726691,44439.15248448114,93491118.59048936,2.1585193959012385,,False,872495.188342168,5.938118541674157,False
building interface capex x0.5,retrofit,C1 Internal reuse,6565.102291039046,197.9807316126196,3471.410881531593,1075929.2645388346,2.033956415649304,-33.16030927638302,True,27352.71130056995,0.0,True
building interface capex x0.5,retrofit,C2 Internal + 1 community offtaker,-591389.8609849126,249.64583377719964,4281.235819534339,7746252.848418791,2.0142929361996122,2368.9154032216206,True,42668.9071008116,0.0,False
building interface capex x0.5,retrofit,C3 Small network (2-4 offtakers),-1113422.0911603207,320.7869210659753,5451.742733650937,13970410.208832748,2.0112500441999637,3470.9086251410054,True,55589.31699046143,0.0,False
building interface capex x0.5,retrofit,"C4 Large network (ABC equal-weights, today)",-8809610.25535158,2485.9282580493264,39277.14313188338,78313276.92589323,1.9437690434564525,3543.791027285864,True,673170.1725879479,0.0,False
building interface capex x0.5,retrofit,R2 Internal + rebuilt Fulton (2029+),-2014161.3085795287,-381.68910557549634,22128.12040751482,26089253.76135059,2.154710862201266,,False,-116094.1587366783,0.0,False
building interface capex x0.5,retrofit,R3 Internal + full rebuild campus (2029+),-7531769.896238369,-1103.3752343143433,44439.15248448114,94039150.80608118,2.156367005758723,,False,-287638.2198308483,0.0,False
building interface capex x1.5,retrofit,C1 Internal reuse,-48140.320310100884,197.9807316126196,3471.410881531593,1846944.458141353,2.033956415649304,243.15659366435207,True,-27352.71130056998,0.0,False
building interface capex x1.5,retrofit,C2 Internal + 1 community offtaker,-676727.6751865356,249.64583377719964,4281.235819534339,8948999.271163892,2.0142929361996122,2710.7509264123823,True,-42668.90710081137,0.0,False
building interface capex x1.5,retrofit,C3 Small network (2-4 offtakers),-1224600.7251412435,320.7869210659753,5451.742733650937,15537355.713088453,2.0112500441999637,3817.4895693125327,True,-55589.31699046143,0.0,False
building interface capex x1.5,retrofit,"C4 Large network (ABC equal-weights, today)",-10155950.600527473,2485.9282580493264,39277.14313188338,97288523.11783183,1.9437690434564525,4085.375580587634,True,-673170.1725879442,0.0,False
building interface capex x1.5,retrofit,R2 Internal + rebuilt Fulton (2029+),-1781972.991106173,-381.68910557549634,22128.12040751482,35775158.35306838,2.154710862201266,,False,116094.15873667737,0.0,False
building interface capex x1.5,retrofit,R3 Internal + full rebuild campus (2029+),-6956493.456576671,-1103.3752343143433,44439.15248448114,114386119.88223809,2.156367005758723,,False,287638.2198308492,0.0,False
hydronic retrofit to 60 C (A18 low),retrofit,C1 Internal reuse,-20787.609009530905,197.9807316126196,3471.410881531593,1461436.8613400937,2.033956415649304,104.99814219398445,True,0.0,0.0,False
hydronic retrofit to 60 C (A18 low),retrofit,C2 Internal + 1 community offtaker,-631662.6895465676,255.47099791863434,4281.235819534339,8373310.313704421,2.0335807199417473,2472.5416767180263,True,2396.078539156588,5.825164141434698,False
hydronic retrofit to 60 C (A18 low),retrofit,C3 Small network (2-4 offtakers),-1165630.652782638,329.01887262457194,5451.742733650937,14790244.825015344,2.0326123110844527,3542.747087680544,True,3380.7553681440186,8.23195155859662,False
hydronic retrofit to 60 C (A18 low),retrofit,"C4 Large network (ABC equal-weights, today)",-9386857.460126765,2722.1559178012803,39277.14313188338,88857853.39892441,2.025723966965978,3448.317342420506,True,95922.96781276353,236.22765975195398,False
hydronic retrofit to 60 C (A18 low),retrofit,R2 Internal + rebuilt Fulton (2029+),-1898067.1498428504,-381.68910557549634,22128.12040751482,30932206.057209484,2.154710862201266,,False,0.0,0.0,False
hydronic retrofit to 60 C (A18 low),retrofit,R3 Internal + full rebuild campus (2029+),-7244131.676407521,-1103.3752343143433,44439.15248448114,104212635.34415963,2.156367005758723,,False,0.0,0.0,False
hydronic at 80 C (A18 high),retrofit,C1 Internal reuse,-20787.609009530905,197.9807316126196,3471.410881531593,1461436.8613400937,2.033956415649304,104.99814219398445,True,0.0,0.0,False
hydronic at 80 C (A18 high),retrofit,C2 Internal + 1 community offtaker,-636321.0435513551,244.14596150461523,4281.235819534339,8323376.079445934,1.9964150493802746,2606.314024732809,True,-2262.275465630926,-5.499872272584412,False
hydronic at 80 C (A18 high),retrofit,C3 Small network (2-4 offtakers),-1172203.3736058646,313.01466246053235,5451.742733650937,14719551.635175003,1.9914887637567882,3744.883272852007,True,-3191.965455082478,-7.772258605442971,False
hydronic at 80 C (A18 high),retrofit,"C4 Large network (ABC equal-weights, today)",-9573346.81511218,2262.892147075927,39277.14313188338,86802969.58921286,1.872252956428825,4230.580245498092,True,-90566.38717265055,-223.03611097339945,False
hydronic at 80 C (A18 high),retrofit,R2 Internal + rebuilt Fulton (2029+),-1898067.1498428504,-381.68910557549634,22128.12040751482,30932206.057209484,2.154710862201266,,False,0.0,0.0,False
hydronic at 80 C (A18 high),retrofit,R3 Internal + full rebuild campus (2029+),-7244131.676407521,-1103.3752343143433,44439.15248448114,104212635.34415963,2.156367005758723,,False,0.0,0.0,False
A17 = 0 (no source-side electricity),A17,C1 Internal reuse,112367.749496936,371.29982487723976,3471.410881531593,1461436.8613400937,3.1360726932860414,-302.6334567598769,True,133155.3585064669,173.31909326462016,True
A17 = 0 (no source-side electricity),A17,C2 Internal + 1 community offtaker,-471246.8603242912,461.56679995088956,4281.235819534339,8347626.059791341,3.0755084666717574,1020.9721764529676,True,162811.907761433,211.92096617368992,False
A17 = 0 (no source-side electricity),A17,C3 Small network (2-4 offtakers),-961614.9849104222,590.7404582388621,5451.742733650937,14753882.9609606,3.0689735156457765,1627.8129786086186,True,207396.42324035987,269.95353717288674,False
A17 = 0 (no source-side electricity),A17,"C4 Large network (ABC equal-weights, today)",-8020208.912780574,4389.656141668072,39277.14313188338,87800900.02186254,2.884095139898934,1827.0699694789507,True,1462571.515158955,1903.727883618746,False
A17 = 0 (no source-side electricity),A17,R2 Internal + rebuilt Fulton (2029+),-1001934.8704283845,784.7441184072186,22128.12040751482,30932206.057209484,3.5501469589195023,1276.7663330334915,True,896132.2794144659,1166.433223982715,False
A17 = 0 (no source-side electricity),A17,R3 Internal + full rebuild campus (2029+),-5413700.176049243,1279.1704738231747,44439.15248448114,104212635.34415963,3.594482638845172,4232.196010488593,True,1830431.500358278,2382.545708137518,False
"A17 = 0.367 (pilot, per MWh extracted)",A17,C1 Internal reuse,-83104.3167905574,116.86739596477742,3471.410881531593,1461436.8613400937,1.7466797029861085,711.0992429026496,True,-62316.70778102649,-81.11333564784218,False
"A17 = 0.367 (pilot, per MWh extracted)",A17,C2 Internal + 1 community offtaker,-710254.7409180745,150.46682160791295,4281.235819534339,8347626.059791341,1.7342391162498167,4720.341224252475,True,-76195.9728323503,-99.1790121692867,False
"A17 = 0.367 (pilot, per MWh extracted)",A17,C3 Small network (2-4 offtakers),-1266072.9342272705,194.44866566906444,5451.742733650937,14753882.9609606,1.7319005971153405,6511.090882886397,True,-97061.52607648843,-126.33825539691088,False
"A17 = 0.367 (pilot, per MWh extracted)",A17,"C4 Large network (ABC equal-weights, today)",-10167263.897033917,1594.983608515755,39277.14313188338,87800900.02186254,1.6864416202227053,6374.5256332102845,True,-684483.4690943882,-890.9446495335715,False
"A17 = 0.367 (pilot, per MWh extracted)",A17,R2 Internal + rebuilt Fulton (2029+),-2317457.0566088203,-927.5798543994069,22128.12040751482,30932206.057209484,1.8199276980918155,,False,-419389.90676596994,-545.8907488239106,False
"A17 = 0.367 (pilot, per MWh extracted)",A17,R3 Internal + full rebuild campus (2029+),-8100773.618575196,-2218.4066257227005,44439.15248448114,104212635.34415963,1.8162826169881943,,False,-856641.9421676751,-1115.0313914083572,False
electricity $182/MWh (A07 low),prices,C1 Internal reuse,47481.52114139045,197.9807316126196,3471.410881531593,1461436.8613400937,2.033956415649304,-239.82900131056948,True,68269.13015092135,0.0,True
electricity $182/MWh (A07 low),prices,C2 Internal + 1 community offtaker,-549041.62400316,249.64583377719964,4281.235819534339,8347626.059791341,2.0142929361996122,2199.282141808787,True,85017.14408256416,0.0,False
electricity $182/MWh (A07 low),prices,C3 Small network (2-4 offtakers),-1060586.446284451,320.7869210659753,5451.742733650937,14753882.9609606,2.0112500441999637,3306.2022689706955,True,108424.96186633105,0.0,False
electricity $182/MWh (A07 low),prices,"C4 Large network (ABC equal-weights, today)",-8674512.73247217,2485.9282580493264,39277.14313188338,87800900.02186254,1.9437690434564525,3489.4461271697924,True,808267.6954673585,0.0,False
electricity $182/MWh (A07 low),prices,R2 Internal + rebuilt Fulton (2029+),-1749556.3495500959,-381.68910557549634,22128.12040751482,30932206.057209484,2.154710862201266,,False,148510.80029275455,0.0,False
electricity $182/MWh (A07 low),prices,R3 Internal + full rebuild campus (2029+),-6995720.386951645,-1103.3752343143433,44439.15248448114,104212635.34415963,2.156367005758723,,False,248411.28945587575,0.0,False
electricity $282/MWh (A07 high),prices,C1 Internal reuse,-123191.30423591284,197.9807316126196,3471.410881531593,1461436.8613400937,2.033956415649304,622.2388574508149,True,-102403.69522638194,0.0,False
electricity $282/MWh (A07 high),prices,C2 Internal + 1 community offtaker,-761584.4842095703,249.64583377719964,4281.235819534339,8347626.059791341,2.0142929361996122,3050.659699329324,True,-127525.71612384613,0.0,False
electricity $282/MWh (A07 high),prices,C3 Small network (2-4 offtakers),-1331648.8509502783,320.7869210659753,5451.742733650937,14753882.9609606,2.0112500441999637,4151.194339610878,True,-162637.44279949623,0.0,False
electricity $282/MWh (A07 high),prices,"C4 Large network (ABC equal-weights, today)",-10695181.971140563,2485.9282580493264,39277.14313188338,87800900.02186254,1.9437690434564525,4302.2890690871845,True,-1212401.543201035,0.0,False
electricity $282/MWh (A07 high),prices,R2 Internal + rebuilt Fulton (2029+),-2120833.3502819836,-381.68910557549634,22128.12040751482,30932206.057209484,2.154710862201266,,False,-222766.20043913322,0.0,False
electricity $282/MWh (A07 high),prices,R3 Internal + full rebuild campus (2029+),-7616748.610591336,-1103.3752343143433,44439.15248448114,104212635.34415963,2.156367005758723,,False,-372616.9341838155,0.0,False
gas + steam prices x0.7,prices,C1 Internal reuse,-166295.86899378587,197.9807316126196,3471.410881531593,1461436.8613400937,2.033956415649304,839.9598669994303,True,-145508.25998425495,0.0,False
gas + steam prices x0.7,prices,C2 Internal + 1 community offtaker,-790672.0679998947,249.64583377719964,4281.235819534339,8347626.059791341,2.0142929361996122,3167.17509776487,True,-156613.29991417052,0.0,False
gas + steam prices x0.7,prices,C3 Small network (2-4 offtakers),-1360300.9501149827,320.7869210659753,5451.742733650937,14753882.9609606,2.0112500441999637,4240.512504670393,True,-191289.54196420056,0.0,False
gas + steam prices x0.7,prices,"C4 Large network (ABC equal-weights, today)",-10119288.739540707,2485.9282580493264,39277.14313188338,87800900.02186254,1.9437690434564525,4070.627825551641,True,-636508.3116011787,0.0,False
gas + steam prices x0.7,prices,R2 Internal + rebuilt Fulton (2029+),-2043575.4098271057,-381.68910557549634,22128.12040751482,30932206.057209484,2.154710862201266,,False,-145508.2599842553,0.0,False
gas + steam prices x0.7,prices,R3 Internal + full rebuild campus (2029+),-7389639.9363917755,-1103.3752343143433,44439.15248448114,104212635.34415963,2.156367005758723,,False,-145508.25998425484,0.0,False
gas + steam prices x1.3,prices,C1 Internal reuse,124720.65097472405,197.9807316126196,3471.410881531593,1461436.8613400937,2.033956415649304,-629.9635826114614,True,145508.25998425495,0.0,True
gas + steam prices x1.3,prices,C2 Internal + 1 community offtaker,-477445.4681715537,249.64583377719964,4281.235819534339,8347626.059791341,2.0142929361996122,1912.4912318691343,True,156613.29991417052,0.0,False
gas + steam prices x1.3,prices,C3 Small network (2-4 offtakers),-977721.8661865813,320.7869210659753,5451.742733650937,14753882.9609606,2.0112500441999637,3047.8856897831447,True,191289.5419642008,0.0,False
gas + steam prices x1.3,prices,"C4 Large network (ABC equal-weights, today)",-8846272.116338348,2485.9282580493264,39277.14313188338,87800900.02186254,1.9437690434564525,3558.5387823218584,True,636508.3116011806,0.0,False
gas + steam prices x1.3,prices,R2 Internal + rebuilt Fulton (2029+),-1752558.8898585956,-381.68910557549634,22128.12040751482,30932206.057209484,2.154710862201266,,False,145508.25998425484,0.0,False
gas + steam prices x1.3,prices,R3 Internal + full rebuild campus (2029+),-7098623.416423266,-1103.3752343143433,44439.15248448114,104212635.34415963,2.156367005758723,,False,145508.25998425484,0.0,False
source 27 C (A02 low),source temperature,C1 Internal reuse,-30588.395705328017,183.14847032104586,3471.4108815315926,1441741.9460553078,1.9745716360069059,167.01420247577715,True,-9800.786695797113,-14.83226129157373,False
source 27 C (A02 low),source temperature,C2 Internal + 1 community offtaker,-645596.6402292703,231.41666957020414,4281.235819534339,8317151.442943135,1.9562299451177696,2789.758583201016,True,-11537.87214354612,-18.229164206995506,False
source 27 C (A02 low),source temperature,C3 Small network (2-4 offtakers),-1183614.737296094,297.5927482358935,5451.742733650937,14714156.051616129,1.9534056461056395,3977.296974850595,True,-14603.329145311844,-23.19417283008181,False
source 27 C (A02 low),source temperature,"C4 Large network (ABC equal-weights, today)",-9570533.000566455,2321.1901832786616,39277.14313188338,87321479.4716515,1.8904331773079763,4123.11454249223,True,-87752.572626926,-164.73807477066475,False
source 27 C (A02 low),source temperature,R2 Internal + rebuilt Fulton (2029+),-1951346.64304162,-478.01340320089366,22128.12040751482,30676212.637877055,2.086969232894438,,False,-53279.49319876963,-96.32429762539732,False
source 27 C (A02 low),source temperature,R3 Internal + full rebuild campus (2029+),-7348273.487253925,-1296.3704981584906,44439.15248448114,103667499.30016808,2.0886755566196897,,False,-104141.81084640417,-192.9952638441473,False
source 35 C (A02 high),source temperature,C1 Internal reuse,-4452.964516535823,222.70116709857587,3471.410881531593,1494261.7201480702,2.1412876221353985,19.99524553261445,True,16334.644492995081,24.720435485956273,False
source 35 C (A02 high),source temperature,C2 Internal + 1 community offtaker,-614828.9811798139,280.0277741221922,4281.235819534339,8398417.087871684,2.1191226359848208,2195.60000113249,True,19229.786905910354,30.381940344992586,False
source 35 C (A02 high),source temperature,C3 Small network (2-4 offtakers),-1144672.5262419283,359.44387578277804,5451.742733650937,14820094.476534717,2.1156654577060614,3184.5653893785798,True,24338.88190885377,38.656954716802716,False
source 35 C (A02 high),source temperature,"C4 Large network (ABC equal-weights, today)",-9336526.140227979,2760.491716000436,39277.14313188338,88599934.27221423,2.03968013587945,3382.1967608565374,True,146254.28771154955,274.56345795110974,False
source 35 C (A02 high),source temperature,R2 Internal + rebuilt Fulton (2029+),-1809267.9945115666,-221.1486095331693,22128.12040751482,31358861.756096862,2.2779451632454313,,False,88799.15533128381,160.54049604232705,False
source 35 C (A02 high),source temperature,R3 Internal + full rebuild campus (2029+),-7070561.991663517,-781.716461240765,44439.15248448114,105121195.41747889,2.279493026771962,,False,173569.68474400323,321.65877307357823,False
"source 45 C (direct liquid cooling, E04; indicative)",source temperature,C1 Internal reuse,28216.32446945434,272.14203807048835,3471.410881531593,1559911.4377640234,2.3939427549279424,-103.68234422550309,True,49003.933478985244,74.16130645786876,True
"source 45 C (direct liquid cooling, E04; indicative)",source temperature,C2 Internal + 1 community offtaker,-576369.4073679935,340.7916548121774,4281.235819534339,8499999.14403237,2.365318869435373,1691.2662010038114,True,57689.36071773071,91.14582103497776,False
"source 45 C (direct liquid cooling, E04; indicative)",source temperature,C3 Small network (2-4 offtakers),-1095994.7624242208,436.7577852163838,5451.742733650937,14952517.507682951,2.360789434969929,2509.388039600095,True,73016.64572656131,115.97086415040849,False
"source 45 C (direct liquid cooling, E04; indicative)",source temperature,"C4 Large network (ABC equal-weights, today)",-9044017.56480488,3309.6186319026556,39277.14313188338,90198002.77291763,2.2630064874342533,2732.6464377575717,True,438762.86313464865,823.6903738533292,False
"source 45 C (direct liquid cooling, E04; indicative)",source temperature,R2 Internal + rebuilt Fulton (2029+),-1631669.6838490004,99.93238255148708,22128.12040751482,32212173.153871626,2.572164598457892,16327.737237810104,False,266397.46599385,481.6214881269834,False
"source 45 C (direct liquid cooling, E04; indicative)",source temperature,R3 Internal + full rebuild campus (2029+),-6723904.743019022,-139.04806901262418,44435.34217454514,106938315.56411739,2.5733834183869764,,False,520226.9333884986,964.3271653017191,False
DC share 0.5 (A01 low),supply,C1 Internal reuse,-20787.609009530905,197.9807316126196,3471.410881531593,1461436.8613400937,2.033956415649304,104.99814219398445,True,0.0,0.0,False
DC share 0.5 (A01 low),supply,C2 Internal + 1 community offtaker,-634058.7680857242,249.64583377719964,4281.235819534339,8347626.059791341,2.0142929361996122,2539.833164817002,True,0.0,0.0,False
DC share 0.5 (A01 low),supply,C3 Small network (2-4 offtakers),-1169011.408150782,320.7869210659753,5451.742733650937,14753882.9609606,2.0112500441999637,3644.199097226769,True,0.0,0.0,False
DC share 0.5 (A01 low),supply,"C4 Large network (ABC equal-weights, today)",-9482780.427939529,2485.9282580493264,39277.14313188338,87800900.02186254,1.9437690434564525,3814.58330393675,True,0.0,0.0,False
DC share 0.5 (A01 low),supply,R2 Internal + rebuilt Fulton (2029+),-1898067.1498428504,-381.68910557549634,22128.12040751482,30932206.057209484,2.154710862201266,,False,0.0,0.0,False
DC share 0.5 (A01 low),supply,R3 Internal + full rebuild campus (2029+),-7375997.130732904,-1281.802320238031,43242.49939547833,104212635.34415963,2.16028017715722,,False,-131865.45432538353,-178.42708592368763,False
DC share 0.9 (A01 high),supply,C1 Internal reuse,-20787.609009530905,197.9807316126196,3471.410881531593,1461436.8613400937,2.033956415649304,104.99814219398445,True,0.0,0.0,False
DC share 0.9 (A01 high),supply,C2 Internal + 1 community offtaker,-634058.7680857242,249.64583377719964,4281.235819534339,8347626.059791341,2.0142929361996122,2539.833164817002,True,0.0,0.0,False
DC share 0.9 (A01 high),supply,C3 Small network (2-4 offtakers),-1169011.408150782,320.7869210659753,5451.742733650937,14753882.9609606,2.0112500441999637,3644.199097226769,True,0.0,0.0,False
DC share 0.9 (A01 high),supply,"C4 Large network (ABC equal-weights, today)",-9482780.427939529,2485.9282580493264,39277.14313188338,87800900.02186254,1.9437690434564525,3814.58330393675,True,0.0,0.0,False
DC share 0.9 (A01 high),supply,R2 Internal + rebuilt Fulton (2029+),-1898067.1498428504,-381.68910557549634,22128.12040751482,30932206.057209484,2.154710862201266,,False,0.0,0.0,False
DC share 0.9 (A01 high),supply,R3 Internal + full rebuild campus (2029+),-7244131.676407521,-1103.3752343143433,44439.15248448114,104212635.34415963,2.156367005758723,,False,0.0,0.0,False
office/commercial base share low (A20 0.05),demand,C1 Internal reuse,-6342.072496282763,60.401759152707655,1059.0895501721366,445868.42667231895,2.033956415649304,104.99814219398382,True,14445.536513248142,-137.57897245991194,False
office/commercial base share low (A20 0.05),demand,C2 Internal + 1 community offtaker,-636747.5858491102,109.30238932156584,1865.9713914725503,7533676.060790552,1.9708190374434538,5825.55962226781,True,-2688.817763385945,-140.3434444556338,False
office/commercial base share low (A20 0.05),demand,C3 Small network (2-4 offtakers),-1168735.7255044119,154.47864409855117,2577.565011273814,13746032.779902216,1.9741618042265345,7565.678300223851,True,275.68264637026004,-166.30827696742415,False
office/commercial base share low (A20 0.05),demand,"C4 Large network (ABC equal-weights, today)",-10020577.939393554,2259.4537780593428,36770.47618397713,93282650.56134388,1.9092920398015873,4434.9559334647165,True,-537797.5114540253,-226.4744799899836,False
office/commercial base share low (A20 0.05),demand,R2 Internal + rebuilt Fulton (2029+),-1883375.9207024002,-519.0428256198538,19715.799076155366,29915740.32296854,2.1706637219452496,,False,14691.229140450247,-137.3537200443575,False
office/commercial base share low (A20 0.05),demand,R3 Internal + full rebuild campus (2029+),-7227826.4496993935,-1239.2492320936926,42026.83115312169,103190275.09307837,2.164499566712846,,False,16305.226708127186,-135.87399777934934,False
office/commercial base share high (A20 0.3),demand,C1 Internal reuse,-27828.65048573009,265.0394559773895,4647.224222382241,1956445.0920040566,2.0339564156493046,104.99814219398395,True,-7041.041476199185,67.05872436476989,False
office/commercial base share high (A20 0.3),demand,C2 Internal + 1 community offtaker,-632748.1848909372,318.05201671256793,5458.483684186203,8744361.459494976,2.0217238095149064,1989.448743105341,True,1310.583194787032,68.40618293536829,False
office/commercial base share high (A20 0.3),demand,C3 Small network (2-4 offtakers),-1169145.7813494224,401.8488791932458,6852.674054870175,15245129.161482055,2.0182014199670846,2909.4165540454073,True,-134.37319864029996,81.06195812727049,False
office/commercial base share high (A20 0.3),demand,"C4 Large network (ABC equal-weights, today)",-9220647.236799702,2596.3164188108003,40498.94240053908,85128985.90671226,1.959427361845925,3551.434320560614,True,262133.19113982655,110.38816076147396,False
office/commercial base share high (A20 0.3),demand,R2 Internal + rebuilt Fulton (2029+),-1905227.9467865555,-314.74017371300397,23303.933748365467,31427651.649511456,2.148200439708112,,False,-7160.796943705063,66.94893186249237,False
office/commercial base share high (A20 0.3),demand,R3 Internal + full rebuild campus (2029+),-7252079.167829904,-1037.1475484804505,45614.96582533178,104710954.0410719,2.1527346962138405,,False,-7947.491422383115,66.22768583389279,False
grid EF -50% (illustrative post-2030),carbon,C1 Internal reuse,-20787.609009530905,444.57053644600114,3471.410881531593,1461436.8613400937,2.033956415649304,46.75885445695934,True,0.0,246.58980483338155,False
grid EF -50% (illustrative post-2030),carbon,C2 Internal + 1 community offtaker,-634058.7680857242,556.7298836320233,4281.235819534339,8347626.059791341,2.0142929361996122,1138.898389914367,True,0.0,307.08404985482366,False
grid EF -50% (illustrative post-2030),carbon,C3 Small network (2-4 offtakers),-1169011.408150782,712.4205939512094,5451.742733650937,14753882.9609606,2.0112500441999637,1640.9006394203739,True,0.0,391.6336728852341,False
grid EF -50% (illustrative post-2030),carbon,"C4 Large network (ABC equal-weights, today)",-9482780.427939529,5405.411380769806,39277.14313188338,87800900.02186254,1.9437690434564525,1754.3124398774341,True,0.0,2919.4831227204795,False
grid EF -50% (illustrative post-2030),carbon,R2 Internal + rebuilt Fulton (2029+),-1898067.1498428504,154.73561785194306,22128.12040751482,30932206.057209484,2.154710862201266,12266.517406864872,False,0.0,536.4247234274394,False
grid EF -50% (illustrative post-2030),carbon,R3 Internal + full rebuild campus (2029+),-7244131.676407521,-206.10744651748064,44439.15248448114,104212635.34415963,2.156367005758723,,False,0.0,897.2677877968626,False
discount 3% (A08 low),finance,C1 Internal reuse,-1022.280114644338,197.9807316126196,3471.410881531593,1461436.8613400937,2.033956415649304,5.163533371745436,True,19765.328894886567,0.0,False
discount 3% (A08 low),finance,C2 Internal + 1 community offtaker,-521160.5793730023,249.64583377719964,4281.235819534339,8347626.059791341,2.0142929361996122,2087.599746760125,True,112898.18871272192,0.0,False
discount 3% (A08 low),finance,C3 Small network (2-4 offtakers),-969471.2453738239,320.7869210659753,5451.742733650937,14753882.9609606,2.0112500441999637,3022.1657483798585,True,199540.1627769582,0.0,False
discount 3% (A08 low),finance,"C4 Large network (ABC equal-weights, today)",-8295309.581879271,2485.9282580493264,39277.14313188338,87800900.02186254,1.9437690434564525,3336.9062663089426,True,1187470.8460602574,0.0,False
discount 3% (A08 low),finance,R2 Internal + rebuilt Fulton (2029+),-1654978.2354709953,-381.68910557549634,22128.12040751482,30932206.057209484,2.154710862201266,,False,243088.9143718551,0.0,False
discount 3% (A08 low),finance,R3 Internal + full rebuild campus (2029+),-6219539.424378696,-1103.3752343143433,44439.15248448114,104212635.34415963,2.156367005758723,,False,1024592.2520288248,0.0,False
discount 7% (A08 high),finance,C1 Internal reuse,-42501.725466717384,197.9807316126196,3471.410881531593,1461436.8613400937,2.033956415649304,214.67607034546518,True,-21714.11645718648,0.0,False
discount 7% (A08 high),finance,C2 Internal + 1 community offtaker,-758088.2962838446,249.64583377719964,4281.235819534339,8347626.059791341,2.0142929361996122,3036.655107813305,True,-124029.52819812042,0.0,False
discount 7% (A08 high),finance,C3 Small network (2-4 offtakers),-1388225.485258588,320.7869210659753,5451.742733650937,14753882.9609606,2.0112500441999637,4327.56260961486,True,-219214.077107806,0.0,False
discount 7% (A08 high),finance,"C4 Large network (ABC equal-weights, today)",-10787331.461620374,2485.9282580493264,39277.14313188338,87800900.02186254,1.9437690434564525,4339.357512306105,True,-1304551.033680845,0.0,False
discount 7% (A08 high),finance,R2 Internal + rebuilt Fulton (2029+),-2165123.72270297,-381.68910557549634,22128.12040751482,30932206.057209484,2.154710862201266,,False,-267056.5728601194,0.0,False
discount 7% (A08 high),finance,R3 Internal + full rebuild campus (2029+),-8369744.895393247,-1103.3752343143433,44439.15248448114,104212635.34415963,2.156367005758723,,False,-1125613.2189857261,0.0,False
soft costs 15% (A21 low),finance,C1 Internal reuse,-10035.14689508779,197.9807316126196,3471.410881531593,1319352.72204314,2.033956415649304,50.68749273400571,True,10752.462114443115,0.0,False
soft costs 15% (A21 low),finance,C2 Internal + 1 community offtaker,-569529.1341205267,249.64583377719964,4281.235819534339,7536051.303978294,2.0142929361996122,2281.348442725513,True,64529.633965197485,0.0,False
soft costs 15% (A21 low),finance,C3 Small network (2-4 offtakers),-1054416.1945748506,320.7869210659753,5451.742733650937,13319477.673089428,2.0112500441999637,3286.9675330622094,True,114595.2135759315,0.0,False
soft costs 15% (A21 low),finance,"C4 Large network (ABC equal-weights, today)",-8810202.330223685,2485.9282580493264,39277.14313188338,79264701.40862589,1.9437690434564525,3544.0291978244495,True,672578.0977158435,0.0,False
soft costs 15% (A21 low),finance,R2 Internal + rebuilt Fulton (2029+),-1753424.5948046704,-381.68910557549634,22128.12040751482,27924908.246091895,2.154710862201266,,False,144642.55503817997,0.0,False
soft costs 15% (A21 low),finance,R3 Internal + full rebuild campus (2029+),-6640006.852874302,-1103.3752343143433,44439.15248448114,94080851.35236633,2.156367005758723,,False,604124.8235332184,0.0,False
no distribution loss,physics,C1 Internal reuse,-20787.609009530905,197.9807316126196,3471.410881531593,1461436.8613400937,2.033956415649304,104.99814219398445,True,0.0,0.0,False
no distribution loss,physics,C2 Internal + 1 community offtaker,-633928.4820236298,249.75718095159777,4281.235819534339,8347073.36884221,2.0146581888019655,2538.179201127688,True,130.28606209438294,0.11134717439813357,False
no distribution loss,physics,C3 Small network (2-4 offtakers),-1168413.6899261056,321.29392322844376,5451.742733650937,14751311.017543167,2.0125527521488284,3636.588199943482,True,597.7182246765587,0.5070021624684387,False
no distribution loss,physics,"C4 Large network (ABC equal-weights, today)",-9451132.195122704,2507.691269120617,39277.14313188338,87616490.21217397,1.951040968728521,3768.8579577170094,True,31648.23281682469,21.763011071290748,False
no distribution loss,physics,R2 Internal + rebuilt Fulton (2029+),-1894962.1762781977,-379.5116849955466,22128.12040751482,30914515.019765534,2.1562930347458127,,False,3104.973564652726,2.1774205799497395,False
no distribution loss,physics,R3 Internal + full rebuild campus (2029+),-7195724.452328716,-1070.118558260384,44439.15248448114,103930281.79350987,2.168477165427234,,False,48407.224078804255,33.25667605395938,False
HP sized to 100% of space-heat peak,physics,C1 Internal reuse,-20787.609009530905,197.9807316126196,3471.410881531593,1461436.8613400937,2.033956415649304,104.99814219398445,True,0.0,0.0,False
HP sized to 100% of space-heat peak,physics,C2 Internal + 1 community offtaker,-651057.580284716,249.84802912401733,4284.6515663106165,8566900.511098264,2.0141748739379794,2605.814352698175,True,-16998.81219899177,0.20219534681768891,False
HP sized to 100% of space-heat peak,physics,C3 Small network (2-4 offtakers),-1193060.0998308463,321.0724859075044,5456.571950178037,15064085.233933996,2.0111212890837176,3715.8590417945275,True,-24048.691680064192,0.28556484152909434,False
HP sized to 100% of space-heat peak,physics,"C4 Large network (ABC equal-weights, today)",-10178335.660909906,2494.087636109828,39416.17342275202,96770476.42198765,1.9434992721991173,4080.98557305935,True,-695555.2329703774,8.159378060501695,False
HP sized to 100% of space-heat peak,physics,R2 Internal + rebuilt Fulton (2029+),-2241579.3598235995,-370.75684926164195,22192.82575960556,35513343.318824515,2.1552347521947923,,False,-343512.20998074906,10.932256313854396,False
HP sized to 100% of space-heat peak,physics,R3 Internal + full rebuild campus (2029+),-8004202.371964914,-1080.3640270872156,44575.22613987113,114334286.25719063,2.1569188844930376,,False,-760070.6955573931,23.01120722712767,False
