horizon,T,E,N,S,winner,status
today,0.0,0.0,0.0,1.0,today|1633052+1634606+19906892+2830989+2831044+4040951+4473909+7536925+8899918,conditionally_feasible
today,0.0,0.0,0.1,0.9,today|1633052+1634606+19906892+2830989+2831044+4040951+4473909+7536925+8899918,conditionally_feasible
today,0.0,0.0,0.2,0.8,today|1633052+1634606+19906892+2830989+2831044+4040951+4473909+4769672+7536925+8899918,conditionally_feasible
today,0.0,0.0,0.3,0.7,today|1633052+1634606+19906892+2830989+2831044+4040951+4473909+4769672+7536925+8899918,conditionally_feasible
today,0.0,0.0,0.4,0.6,today|1633052+1634606+19906892+2830989+2831044+4040951+4473909+4769672+7536925+8899918,conditionally_feasible
today,0.0,0.0,0.5,0.5,today|1633052+1634606+19906892+2830989+2831044+4040951+4473909+4769672+7536925+8899918,conditionally_feasible
today,0.0,0.0,0.6,0.4,today|1633052+1634606+19906892+2830989+2831044+4040951+4473909+4769672+7536925+8899918,conditionally_feasible
today,0.0,0.0,0.7,0.3,today|1633052+1634606+19906892+2830989+2831044+4040951+4473909+4769672+7536925+8899918,conditionally_feasible
today,0.0,0.0,0.8,0.2,today|1633052+1634606+19906892+2830989+2831044+4040951+4473909+4769672+7536925+8899918,conditionally_feasible
today,0.0,0.0,0.9,0.1,today|1633052+1634606+19906892+2830989+2831044+4040951+4473909+4769672+7536925+8899918,conditionally_feasible
today,0.0,0.0,1.0,0.0,today|1633052+1634606+19906892+2830989+2831044+4040951+4473909+4769672+7536925+8899918,conditionally_feasible
today,0.0,0.1,0.0,0.9,today|1633052+1634606+19906892+2831044+4040951+7536925+8899918,conditionally_feasible
today,0.0,0.1,0.1,0.8,today|1633052+1634606+19906892+2831044+4040951+7536925+8899918,conditionally_feasible
today,0.0,0.1,0.2,0.7,today|1633052+1634606+19906892+2830989+2831044+4040951+4473909+4769672+7536925+8899918,conditionally_feasible
today,0.0,0.1,0.3,0.6,today|1633052+1634606+19906892+2830989+2831044+4040951+4473909+4769672+7536925+8899918,conditionally_feasible
today,0.0,0.1,0.4,0.5,today|1633052+1634606+19906892+2830989+2831044+4040951+4473909+4769672+7536925+8899918,conditionally_feasible
today,0.0,0.1,0.5,0.4,today|1633052+1634606+19906892+2830989+2831044+4040951+4473909+4769672+7536925+8899918,conditionally_feasible
today,0.0,0.1,0.6,0.3,today|1633052+1634606+19906892+2830989+2831044+4040951+4473909+4769672+7536925+8899918,conditionally_feasible
today,0.0,0.1,0.7,0.2,today|1633052+1634606+19906892+2830989+2831044+4040951+4473909+4769672+7536925+8899918,conditionally_feasible
today,0.0,0.1,0.8,0.1,today|1633052+1634606+19906892+2830989+2831044+4040951+4473909+4769672+7536925+8899918,conditionally_feasible
today,0.0,0.1,0.9,0.0,today|1633052+1634606+19906892+2830989+2831044+4040951+4473909+4769672+7536925+8899918,conditionally_feasible
today,0.0,0.2,0.0,0.8,today|1633052+1634606+19906892+2831044+4040951+7536925,conditionally_feasible
today,0.0,0.2,0.1,0.7,today|1633052+1634606+19906892+2831044+4040951+7536925+8899918,conditionally_feasible
today,0.0,0.2,0.2,0.6,today|1633052+1634606+19906892+2831044+4040951+7536925+8899918,conditionally_feasible
today,0.0,0.2,0.3,0.5,today|1633052+1634606+19906892+2830989+2831044+4040951+4473909+4769672+7536925+8899918,conditionally_feasible
today,0.0,0.2,0.4,0.4,today|1633052+1634606+19906892+2830989+2831044+4040951+4473909+4769672+7536925+8899918,conditionally_feasible
today,0.0,0.2,0.5,0.3,today|1633052+1634606+19906892+2830989+2831044+4040951+4473909+4769672+7536925+8899918,conditionally_feasible
today,0.0,0.2,0.6,0.2,today|1633052+1634606+19906892+2830989+2831044+4040951+4473909+4769672+7536925+8899918,conditionally_feasible
today,0.0,0.2,0.7,0.1,today|1633052+1634606+19906892+2830989+2831044+4040951+4473909+4769672+7536925+8899918,conditionally_feasible
today,0.0,0.2,0.8,0.0,today|1633052+1634606+19906892+2830989+2831044+4040951+4473909+4769672+7536925+8899918,conditionally_feasible
today,0.0,0.3,0.0,0.7,today|1633052+1634606+19906892+2831044+4040951+7536925,conditionally_feasible
today,0.0,0.3,0.1,0.6,today|1633052+1634606+19906892+2831044+4040951+7536925+8899918,conditionally_feasible
today,0.0,0.3,0.2,0.5,today|1633052+1634606+19906892+2831044+4040951+7536925+8899918,conditionally_feasible
today,0.0,0.3,0.3,0.4,today|1633052+1634606+19906892+2831044+4040951+4769672+7536925+8899918,conditionally_feasible
today,0.0,0.3,0.4,0.3,today|1633052+1634606+19906892+2830989+2831044+4040951+4473909+4769672+7536925+8899918,conditionally_feasible
today,0.0,0.3,0.5,0.2,today|1633052+1634606+19906892+2830989+2831044+4040951+4473909+4769672+7536925+8899918,conditionally_feasible
today,0.0,0.3,0.6,0.1,today|1633052+1634606+19906892+2830989+2831044+4040951+4473909+4769672+7536925+8899918,conditionally_feasible
today,0.0,0.3,0.7,0.0,today|1633052+1634606+19906892+2830989+2831044+4040951+4473909+4769672+7536925+8899918,conditionally_feasible
today,0.0,0.4,0.0,0.6,today|1633052+1634606+19906892+2831044+7536925,conditionally_feasible
today,0.0,0.4,0.1,0.5,today|1633052+1634606+19906892+2831044+4040951+7536925+8899918,conditionally_feasible
today,0.0,0.4,0.2,0.4,today|1633052+1634606+19906892+2831044+4040951+7536925+8899918,conditionally_feasible
today,0.0,0.4,0.3,0.3,today|1633052+1634606+19906892+2831044+4040951+7536925+8899918,conditionally_feasible
today,0.0,0.4,0.4,0.2,today|1633052+1634606+19906892+4040951+4769672+7536925+8899918,conditionally_feasible
today,0.0,0.4,0.5,0.1,today|1633052+1634606+19906892+4040951+4769672+7536925+8899918,conditionally_feasible
today,0.0,0.4,0.6,0.0,today|1633052+1634606+19906892+2830989+4040951+4473909+4769672+7536925+8899918,conditionally_feasible
today,0.0,0.5,0.0,0.5,today|1634606+7536925,conditionally_feasible
today,0.0,0.5,0.1,0.4,today|1633052+1634606+19906892+4040951+7536925,conditionally_feasible
today,0.0,0.5,0.2,0.3,today|1633052+1634606+19906892+4040951+7536925+8899918,conditionally_feasible
today,0.0,0.5,0.3,0.2,today|1633052+1634606+19906892+4040951+7536925+8899918,conditionally_feasible
today,0.0,0.5,0.4,0.1,today|1633052+1634606+19906892+4040951+4769672+7536925+8899918,conditionally_feasible
today,0.0,0.5,0.5,0.0,today|1633052+1634606+19906892+4040951+4769672+7536925+8899918,conditionally_feasible
today,0.0,0.6,0.0,0.4,today|1634606+7536925,conditionally_feasible
today,0.0,0.6,0.1,0.3,today|1633052+1634606+19906892+7536925,conditionally_feasible
today,0.0,0.6,0.2,0.2,today|1633052+1634606+19906892+4040951+7536925+8899918,conditionally_feasible
today,0.0,0.6,0.3,0.1,today|1633052+1634606+19906892+4040951+7536925+8899918,conditionally_feasible
today,0.0,0.6,0.4,0.0,today|1633052+1634606+19906892+4040951+4769672+7536925+8899918,conditionally_feasible
today,0.0,0.7,0.0,0.3,today|7536925,conditionally_feasible
today,0.0,0.7,0.1,0.2,today|7536925,conditionally_feasible
today,0.0,0.7,0.2,0.1,today|7536925,conditionally_feasible
today,0.0,0.7,0.3,0.0,today|1633052+1634606+19906892+4040951+7536925+8899918,conditionally_feasible
today,0.0,0.8,0.0,0.2,today|7536925,conditionally_feasible
today,0.0,0.8,0.1,0.1,today|7536925,conditionally_feasible
today,0.0,0.8,0.2,0.0,today|7536925,conditionally_feasible
today,0.0,0.9,0.0,0.1,today|7536925,conditionally_feasible
today,0.0,0.9,0.1,0.0,today|7536925,conditionally_feasible
today,0.0,1.0,0.0,0.0,today|7536925,conditionally_feasible
today,0.1,0.0,0.0,0.9,today|1633052+1634606+19906892+2830989+2831044+4040951+4473909+7536925+8899918,conditionally_feasible
today,0.1,0.0,0.1,0.8,today|1633052+1634606+19906892+2830989+2831044+4040951+4473909+7536925+8899918,conditionally_feasible
today,0.1,0.0,0.2,0.7,today|1633052+1634606+19906892+2830989+2831044+4040951+4473909+4769672+7536925+8899918,conditionally_feasible
today,0.1,0.0,0.3,0.6,today|1633052+1634606+19906892+2830989+2831044+4040951+4473909+4769672+7536925+8899918,conditionally_feasible
today,0.1,0.0,0.4,0.5,today|1633052+1634606+19906892+2830989+2831044+4040951+4473909+4769672+7536925+8899918,conditionally_feasible
today,0.1,0.0,0.5,0.4,today|1633052+1634606+19906892+2830989+2831044+4040951+4473909+4769672+7536925+8899918,conditionally_feasible
today,0.1,0.0,0.6,0.3,today|1633052+1634606+19906892+2830989+2831044+4040951+4473909+4769672+7536925+8899918,conditionally_feasible
today,0.1,0.0,0.7,0.2,today|1633052+1634606+19906892+2830989+2831044+4040951+4473909+4769672+7536925+8899918,conditionally_feasible
today,0.1,0.0,0.8,0.1,today|1633052+1634606+19906892+2830989+2831044+4040951+4473909+4769672+7536925+8899918,conditionally_feasible
today,0.1,0.0,0.9,0.0,today|1633052+1634606+19906892+2830989+2831044+4040951+4473909+4769672+7536925+8899918,conditionally_feasible
today,0.1,0.1,0.0,0.8,today|1633052+1634606+19906892+2831044+4040951+7536925+8899918,conditionally_feasible
today,0.1,0.1,0.1,0.7,today|1633052+1634606+19906892+2831044+4040951+7536925+8899918,conditionally_feasible
today,0.1,0.1,0.2,0.6,today|1633052+1634606+19906892+2830989+2831044+4040951+4473909+4769672+7536925+8899918,conditionally_feasible
today,0.1,0.1,0.3,0.5,today|1633052+1634606+19906892+2830989+2831044+4040951+4473909+4769672+7536925+8899918,conditionally_feasible
today,0.1,0.1,0.4,0.4,today|1633052+1634606+19906892+2830989+2831044+4040951+4473909+4769672+7536925+8899918,conditionally_feasible
today,0.1,0.1,0.5,0.3,today|1633052+1634606+19906892+2830989+2831044+4040951+4473909+4769672+7536925+8899918,conditionally_feasible
today,0.1,0.1,0.6,0.2,today|1633052+1634606+19906892+2830989+2831044+4040951+4473909+4769672+7536925+8899918,conditionally_feasible
today,0.1,0.1,0.7,0.1,today|1633052+1634606+19906892+2830989+2831044+4040951+4473909+4769672+7536925+8899918,conditionally_feasible
today,0.1,0.1,0.8,0.0,today|1633052+1634606+19906892+2830989+2831044+4040951+4473909+4769672+7536925+8899918,conditionally_feasible
today,0.1,0.2,0.0,0.7,today|1633052+1634606+19906892+2831044+4040951+7536925,conditionally_feasible
today,0.1,0.2,0.1,0.6,today|1633052+1634606+19906892+2831044+4040951+7536925+8899918,conditionally_feasible
today,0.1,0.2,0.2,0.5,today|1633052+1634606+19906892+2831044+4040951+7536925+8899918,conditionally_feasible
today,0.1,0.2,0.3,0.4,today|1633052+1634606+19906892+2830989+2831044+4040951+4473909+4769672+7536925+8899918,conditionally_feasible
today,0.1,0.2,0.4,0.3,today|1633052+1634606+19906892+2830989+2831044+4040951+4473909+4769672+7536925+8899918,conditionally_feasible
today,0.1,0.2,0.5,0.2,today|1633052+1634606+19906892+2830989+2831044+4040951+4473909+4769672+7536925+8899918,conditionally_feasible
today,0.1,0.2,0.6,0.1,today|1633052+1634606+19906892+2830989+2831044+4040951+4473909+4769672+7536925+8899918,conditionally_feasible
today,0.1,0.2,0.7,0.0,today|1633052+1634606+19906892+2830989+2831044+4040951+4473909+4769672+7536925+8899918,conditionally_feasible
today,0.1,0.3,0.0,0.6,today|1633052+1634606+19906892+2831044+4040951+7536925,conditionally_feasible
today,0.1,0.3,0.1,0.5,today|1633052+1634606+19906892+2831044+4040951+7536925+8899918,conditionally_feasible
today,0.1,0.3,0.2,0.4,today|1633052+1634606+19906892+2831044+4040951+7536925+8899918,conditionally_feasible
today,0.1,0.3,0.3,0.3,today|1633052+1634606+19906892+2831044+4040951+4769672+7536925+8899918,conditionally_feasible
today,0.1,0.3,0.4,0.2,today|1633052+1634606+19906892+2831044+4040951+4769672+7536925+8899918,conditionally_feasible
today,0.1,0.3,0.5,0.1,today|1633052+1634606+19906892+2830989+2831044+4040951+4473909+4769672+7536925+8899918,conditionally_feasible
today,0.1,0.3,0.6,0.0,today|1633052+1634606+19906892+2830989+2831044+4040951+4473909+4769672+7536925+8899918,conditionally_feasible
today,0.1,0.4,0.0,0.5,today|1633052+1634606+19906892+7536925,conditionally_feasible
today,0.1,0.4,0.1,0.4,today|1633052+1634606+19906892+4040951+7536925+8899918,conditionally_feasible
today,0.1,0.4,0.2,0.3,today|1633052+1634606+19906892+4040951+7536925+8899918,conditionally_feasible
today,0.1,0.4,0.3,0.2,today|1633052+1634606+19906892+4040951+4769672+7536925+8899918,conditionally_feasible
today,0.1,0.4,0.4,0.1,today|1633052+1634606+19906892+4040951+4769672+7536925+8899918,conditionally_feasible
today,0.1,0.4,0.5,0.0,today|1633052+1634606+19906892+4040951+4769672+7536925+8899918,conditionally_feasible
today,0.1,0.5,0.0,0.4,today|1634606+7536925,conditionally_feasible
today,0.1,0.5,0.1,0.3,today|1633052+1634606+19906892+4040951+7536925,conditionally_feasible
today,0.1,0.5,0.2,0.2,today|1633052+1634606+19906892+4040951+7536925+8899918,conditionally_feasible
today,0.1,0.5,0.3,0.1,today|1633052+1634606+19906892+4040951+7536925+8899918,conditionally_feasible
today,0.1,0.5,0.4,0.0,today|1633052+1634606+19906892+4040951+4769672+7536925+8899918,conditionally_feasible
today,0.1,0.6,0.0,0.3,today|7536925,conditionally_feasible
today,0.1,0.6,0.1,0.2,today|7536925,conditionally_feasible
today,0.1,0.6,0.2,0.1,today|1633052+1634606+19906892+4040951+7536925+8899918,conditionally_feasible
today,0.1,0.6,0.3,0.0,today|1633052+1634606+19906892+4040951+7536925+8899918,conditionally_feasible
today,0.1,0.7,0.0,0.2,today|7536925,conditionally_feasible
today,0.1,0.7,0.1,0.1,today|7536925,conditionally_feasible
today,0.1,0.7,0.2,0.0,today|7536925,conditionally_feasible
today,0.1,0.8,0.0,0.1,today|7536925,conditionally_feasible
today,0.1,0.8,0.1,0.0,today|7536925,conditionally_feasible
today,0.1,0.9,0.0,0.0,today|7536925,conditionally_feasible
today,0.2,0.0,0.0,0.8,today|1633052+1634606+19906892+2830989+2831044+4040951+4473909+7536925+8899918,conditionally_feasible
today,0.2,0.0,0.1,0.7,today|1633052+1634606+19906892+2830989+2831044+4040951+4473909+7536925+8899918,conditionally_feasible
today,0.2,0.0,0.2,0.6,today|1633052+1634606+19906892+2830989+2831044+4040951+4473909+4769672+7536925+8899918,conditionally_feasible
today,0.2,0.0,0.3,0.5,today|1633052+1634606+19906892+2830989+2831044+4040951+4473909+4769672+7536925+8899918,conditionally_feasible
today,0.2,0.0,0.4,0.4,today|1633052+1634606+19906892+2830989+2831044+4040951+4473909+4769672+7536925+8899918,conditionally_feasible
today,0.2,0.0,0.5,0.3,today|1633052+1634606+19906892+2830989+2831044+4040951+4473909+4769672+7536925+8899918,conditionally_feasible
today,0.2,0.0,0.6,0.2,today|1633052+1634606+19906892+2830989+2831044+4040951+4473909+4769672+7536925+8899918,conditionally_feasible
today,0.2,0.0,0.7,0.1,today|1633052+1634606+19906892+2830989+2831044+4040951+4473909+4769672+7536925+8899918,conditionally_feasible
today,0.2,0.0,0.8,0.0,today|1633052+1634606+19906892+2830989+2831044+4040951+4473909+4769672+7536925+8899918,conditionally_feasible
today,0.2,0.1,0.0,0.7,today|1633052+1634606+19906892+2831044+4040951+7536925+8899918,conditionally_feasible
today,0.2,0.1,0.1,0.6,today|1633052+1634606+19906892+2831044+4040951+7536925+8899918,conditionally_feasible
today,0.2,0.1,0.2,0.5,today|1633052+1634606+19906892+2830989+2831044+4040951+4473909+4769672+7536925+8899918,conditionally_feasible
today,0.2,0.1,0.3,0.4,today|1633052+1634606+19906892+2830989+2831044+4040951+4473909+4769672+7536925+8899918,conditionally_feasible
today,0.2,0.1,0.4,0.3,today|1633052+1634606+19906892+2830989+2831044+4040951+4473909+4769672+7536925+8899918,conditionally_feasible
today,0.2,0.1,0.5,0.2,today|1633052+1634606+19906892+2830989+2831044+4040951+4473909+4769672+7536925+8899918,conditionally_feasible
today,0.2,0.1,0.6,0.1,today|1633052+1634606+19906892+2830989+2831044+4040951+4473909+4769672+7536925+8899918,conditionally_feasible
today,0.2,0.1,0.7,0.0,today|1633052+1634606+19906892+2830989+2831044+4040951+4473909+4769672+7536925+8899918,conditionally_feasible
today,0.2,0.2,0.0,0.6,today|1633052+1634606+19906892+2831044+4040951+7536925,conditionally_feasible
today,0.2,0.2,0.1,0.5,today|1633052+1634606+19906892+2831044+4040951+7536925+8899918,conditionally_feasible
today,0.2,0.2,0.2,0.4,today|1633052+1634606+19906892+2831044+4040951+4769672+7536925+8899918,conditionally_feasible
today,0.2,0.2,0.3,0.3,today|1633052+1634606+19906892+2830989+2831044+4040951+4473909+4769672+7536925+8899918,conditionally_feasible
today,0.2,0.2,0.4,0.2,today|1633052+1634606+19906892+2830989+2831044+4040951+4473909+4769672+7536925+8899918,conditionally_feasible
today,0.2,0.2,0.5,0.1,today|1633052+1634606+19906892+2830989+2831044+4040951+4473909+4769672+7536925+8899918,conditionally_feasible
today,0.2,0.2,0.6,0.0,today|1633052+1634606+19906892+2830989+2831044+4040951+4473909+4769672+7536925+8899918,conditionally_feasible
today,0.2,0.3,0.0,0.5,today|1633052+1634606+19906892+2831044+7536925,conditionally_feasible
today,0.2,0.3,0.1,0.4,today|1633052+1634606+19906892+2831044+4040951+7536925+8899918,conditionally_feasible
today,0.2,0.3,0.2,0.3,today|1633052+1634606+19906892+4040951+7536925+8899918,conditionally_feasible
today,0.2,0.3,0.3,0.2,today|1633052+1634606+19906892+4040951+4769672+7536925+8899918,conditionally_feasible
today,0.2,0.3,0.4,0.1,today|1633052+1634606+19906892+4040951+4769672+7536925+8899918,conditionally_feasible
today,0.2,0.3,0.5,0.0,today|1633052+1634606+19906892+2830989+4040951+4473909+4769672+7536925+8899918,conditionally_feasible
today,0.2,0.4,0.0,0.4,today|1634606+19906892,conditionally_feasible
today,0.2,0.4,0.1,0.3,today|1633052+1634606+19906892+4040951+8899918,conditionally_feasible
today,0.2,0.4,0.2,0.2,today|1633052+1634606+19906892+4040951+7536925+8899918,conditionally_feasible
today,0.2,0.4,0.3,0.1,today|1633052+1634606+19906892+4040951+4769672+7536925+8899918,conditionally_feasible
today,0.2,0.4,0.4,0.0,today|1633052+1634606+19906892+4040951+4769672+7536925+8899918,conditionally_feasible
today,0.2,0.5,0.0,0.3,today|7536925,conditionally_feasible
today,0.2,0.5,0.1,0.2,today|7536925,conditionally_feasible
today,0.2,0.5,0.2,0.1,today|1633052+1634606+19906892+4040951+8899918,conditionally_feasible
today,0.2,0.5,0.3,0.0,today|1633052+1634606+19906892+4040951+4769672+7536925+8899918,conditionally_feasible
today,0.2,0.6,0.0,0.2,today|7536925,conditionally_feasible
today,0.2,0.6,0.1,0.1,today|7536925,conditionally_feasible
today,0.2,0.6,0.2,0.0,today|7536925,conditionally_feasible
today,0.2,0.7,0.0,0.1,today|7536925,conditionally_feasible
today,0.2,0.7,0.1,0.0,today|7536925,conditionally_feasible
today,0.2,0.8,0.0,0.0,today|7536925,conditionally_feasible
today,0.3,0.0,0.0,0.7,today|1633052+1634606+19906892+2830989+2831044+4040951+4473909+7536925+8899918,conditionally_feasible
today,0.3,0.0,0.1,0.6,today|1633052+1634606+19906892+2830989+2831044+4040951+4473909+7536925+8899918,conditionally_feasible
today,0.3,0.0,0.2,0.5,today|1633052+1634606+19906892+2830989+2831044+4040951+4473909+4769672+7536925+8899918,conditionally_feasible
today,0.3,0.0,0.3,0.4,today|1633052+1634606+19906892+2830989+2831044+4040951+4473909+4769672+7536925+8899918,conditionally_feasible
today,0.3,0.0,0.4,0.3,today|1633052+1634606+19906892+2830989+2831044+4040951+4473909+4769672+7536925+8899918,conditionally_feasible
today,0.3,0.0,0.5,0.2,today|1633052+1634606+19906892+2830989+2831044+4040951+4473909+4769672+7536925+8899918,conditionally_feasible
today,0.3,0.0,0.6,0.1,today|1633052+1634606+19906892+2830989+2831044+4040951+4473909+4769672+7536925+8899918,conditionally_feasible
today,0.3,0.0,0.7,0.0,today|1633052+1634606+19906892+2830989+2831044+4040951+4473909+4769672+7536925+8899918,conditionally_feasible
today,0.3,0.1,0.0,0.6,today|1633052+1634606+19906892+2831044+4040951+7536925+8899918,conditionally_feasible
today,0.3,0.1,0.1,0.5,today|1633052+1634606+19906892+2831044+4040951+7536925+8899918,conditionally_feasible
today,0.3,0.1,0.2,0.4,today|1633052+1634606+19906892+2830989+2831044+4040951+4473909+4769672+7536925+8899918,conditionally_feasible
today,0.3,0.1,0.3,0.3,today|1633052+1634606+19906892+2830989+2831044+4040951+4473909+4769672+7536925+8899918,conditionally_feasible
today,0.3,0.1,0.4,0.2,today|1633052+1634606+19906892+2830989+2831044+4040951+4473909+4769672+7536925+8899918,conditionally_feasible
today,0.3,0.1,0.5,0.1,today|1633052+1634606+19906892+2830989+2831044+4040951+4473909+4769672+7536925+8899918,conditionally_feasible
today,0.3,0.1,0.6,0.0,today|1633052+1634606+19906892+2830989+2831044+4040951+4473909+4769672+7536925+8899918,conditionally_feasible
today,0.3,0.2,0.0,0.5,today|1633052+1634606+19906892+2831044+4040951+7536925,conditionally_feasible
today,0.3,0.2,0.1,0.4,today|1633052+1634606+19906892+2831044+4040951+7536925+8899918,conditionally_feasible
today,0.3,0.2,0.2,0.3,today|1633052+1634606+19906892+2831044+4040951+4769672+7536925+8899918,conditionally_feasible
today,0.3,0.2,0.3,0.2,today|1633052+1634606+19906892+2830989+2831044+4040951+4473909+4769672+7536925+8899918,conditionally_feasible
today,0.3,0.2,0.4,0.1,today|1633052+1634606+19906892+2830989+2831044+4040951+4473909+4769672+7536925+8899918,conditionally_feasible
today,0.3,0.2,0.5,0.0,today|1633052+1634606+19906892+2830989+2831044+4040951+4473909+4769672+7536925+8899918,conditionally_feasible
today,0.3,0.3,0.0,0.4,today|1633052+1634606+19906892+4040951,conditionally_feasible
today,0.3,0.3,0.1,0.3,today|1633052+1634606+19906892+4040951+8899918,conditionally_feasible
today,0.3,0.3,0.2,0.2,today|1633052+1634606+19906892+4040951+8899918,conditionally_feasible
today,0.3,0.3,0.3,0.1,today|1633052+1634606+19906892+4040951+4769672+7536925+8899918,conditionally_feasible
today,0.3,0.3,0.4,0.0,today|1633052+1634606+19906892+4040951+4769672+7536925+8899918,conditionally_feasible
today,0.3,0.4,0.0,0.3,today|1634606+19906892,conditionally_feasible
today,0.3,0.4,0.1,0.2,today|1633052+1634606+19906892+4040951,conditionally_feasible
today,0.3,0.4,0.2,0.1,today|1633052+1634606+19906892+4040951+8899918,conditionally_feasible
today,0.3,0.4,0.3,0.0,today|1633052+1634606+19906892+4040951+4769672+7536925+8899918,conditionally_feasible
today,0.3,0.5,0.0,0.2,today|7536925,conditionally_feasible
today,0.3,0.5,0.1,0.1,today|7536925,conditionally_feasible
today,0.3,0.5,0.2,0.0,today|7536925,conditionally_feasible
today,0.3,0.6,0.0,0.1,today|7536925,conditionally_feasible
today,0.3,0.6,0.1,0.0,today|7536925,conditionally_feasible
today,0.3,0.7,0.0,0.0,today|7536925,conditionally_feasible
today,0.4,0.0,0.0,0.6,today|1633052+1634606+19906892+2830989+2831044+4040951+4473909+7536925+8899918,conditionally_feasible
today,0.4,0.0,0.1,0.5,today|1633052+1634606+19906892+2830989+2831044+4040951+4473909+4769672+7536925+8899918,conditionally_feasible
today,0.4,0.0,0.2,0.4,today|1633052+1634606+19906892+2830989+2831044+4040951+4473909+4769672+7536925+8899918,conditionally_feasible
today,0.4,0.0,0.3,0.3,today|1633052+1634606+19906892+2830989+2831044+4040951+4473909+4769672+7536925+8899918,conditionally_feasible
today,0.4,0.0,0.4,0.2,today|1633052+1634606+19906892+2830989+2831044+4040951+4473909+4769672+7536925+8899918,conditionally_feasible
today,0.4,0.0,0.5,0.1,today|1633052+1634606+19906892+2830989+2831044+4040951+4473909+4769672+7536925+8899918,conditionally_feasible
today,0.4,0.0,0.6,0.0,today|1633052+1634606+19906892+2830989+2831044+4040951+4473909+4769672+7536925+8899918,conditionally_feasible
today,0.4,0.1,0.0,0.5,today|1633052+1634606+19906892+2831044+4040951+8899918,conditionally_feasible
today,0.4,0.1,0.1,0.4,today|1633052+1634606+19906892+2831044+4040951+7536925+8899918,conditionally_feasible
today,0.4,0.1,0.2,0.3,today|1633052+1634606+19906892+2830989+2831044+4040951+4473909+4769672+7536925+8899918,conditionally_feasible
today,0.4,0.1,0.3,0.2,today|1633052+1634606+19906892+2830989+2831044+4040951+4473909+4769672+7536925+8899918,conditionally_feasible
today,0.4,0.1,0.4,0.1,today|1633052+1634606+19906892+2830989+2831044+4040951+4473909+4769672+7536925+8899918,conditionally_feasible
today,0.4,0.1,0.5,0.0,today|1633052+1634606+19906892+2830989+2831044+4040951+4473909+4769672+7536925+8899918,conditionally_feasible
today,0.4,0.2,0.0,0.4,today|1633052+1634606+19906892+4040951,conditionally_feasible
today,0.4,0.2,0.1,0.3,today|1633052+1634606+19906892+4040951+8899918,conditionally_feasible
today,0.4,0.2,0.2,0.2,today|1633052+1634606+19906892+4040951+4769672+8899918,conditionally_feasible
today,0.4,0.2,0.3,0.1,today|1633052+1634606+19906892+4040951+4769672+8899918,conditionally_feasible
today,0.4,0.2,0.4,0.0,today|1633052+1634606+19906892+2830989+4040951+4473909+4769672+7536925+8899918,conditionally_feasible
today,0.4,0.3,0.0,0.3,today|1634606+19906892,conditionally_feasible
today,0.4,0.3,0.1,0.2,today|1633052+1634606+19906892+4040951+8899918,conditionally_feasible
today,0.4,0.3,0.2,0.1,today|1633052+1634606+19906892+4040951+4769672+8899918,conditionally_feasible
today,0.4,0.3,0.3,0.0,today|1633052+1634606+19906892+4040951+4769672+8899918,conditionally_feasible
today,0.4,0.4,0.0,0.2,today|7536925,conditionally_feasible
today,0.4,0.4,0.1,0.1,today|7536925,conditionally_feasible
today,0.4,0.4,0.2,0.0,today|1633052+1634606+19906892+4040951+8899918,conditionally_feasible
today,0.4,0.5,0.0,0.1,today|7536925,conditionally_feasible
today,0.4,0.5,0.1,0.0,today|7536925,conditionally_feasible
today,0.4,0.6,0.0,0.0,today|7536925,conditionally_feasible
today,0.5,0.0,0.0,0.5,today|1633052+1634606+19906892+2831044+4040951+8899918,conditionally_feasible
today,0.5,0.0,0.1,0.4,today|1633052+1634606+19906892+2830989+2831044+4040951+4473909+4769672+7536925+8899918,conditionally_feasible
today,0.5,0.0,0.2,0.3,today|1633052+1634606+19906892+2830989+2831044+4040951+4473909+4769672+7536925+8899918,conditionally_feasible
today,0.5,0.0,0.3,0.2,today|1633052+1634606+19906892+2830989+2831044+4040951+4473909+4769672+7536925+8899918,conditionally_feasible
today,0.5,0.0,0.4,0.1,today|1633052+1634606+19906892+2830989+2831044+4040951+4473909+4769672+7536925+8899918,conditionally_feasible
today,0.5,0.0,0.5,0.0,today|1633052+1634606+19906892+2830989+2831044+4040951+4473909+4769672+7536925+8899918,conditionally_feasible
today,0.5,0.1,0.0,0.4,today|1633052+1634606+19906892+4040951+8899918,conditionally_feasible
today,0.5,0.1,0.1,0.3,today|1633052+1634606+19906892+4040951+8899918,conditionally_feasible
today,0.5,0.1,0.2,0.2,today|1633052+1634606+19906892+2830989+2831044+4040951+4473909+4769672+7536925+8899918,conditionally_feasible
today,0.5,0.1,0.3,0.1,today|1633052+1634606+19906892+2830989+2831044+4040951+4473909+4769672+7536925+8899918,conditionally_feasible
today,0.5,0.1,0.4,0.0,today|1633052+1634606+19906892+2830989+2831044+4040951+4473909+4769672+7536925+8899918,conditionally_feasible
today,0.5,0.2,0.0,0.3,today|1633052+1634606+19906892+4040951,conditionally_feasible
today,0.5,0.2,0.1,0.2,today|1633052+1634606+19906892+4040951+8899918,conditionally_feasible
today,0.5,0.2,0.2,0.1,today|1633052+1634606+19906892+4040951+4769672+8899918,conditionally_feasible
today,0.5,0.2,0.3,0.0,today|1633052+1634606+19906892+4040951+4769672+8899918,conditionally_feasible
today,0.5,0.3,0.0,0.2,today|1634606+19906892,conditionally_feasible
today,0.5,0.3,0.1,0.1,today|1633052+1634606+19906892+4040951+8899918,conditionally_feasible
today,0.5,0.3,0.2,0.0,today|1633052+1634606+19906892+4040951+4769672+8899918,conditionally_feasible
today,0.5,0.4,0.0,0.1,today|7536925,conditionally_feasible
today,0.5,0.4,0.1,0.0,today|7536925,conditionally_feasible
today,0.5,0.5,0.0,0.0,today|7536925,conditionally_feasible
today,0.6,0.0,0.0,0.4,today|1633052+1634606+19906892+2831044+4040951+8899918,conditionally_feasible
today,0.6,0.0,0.1,0.3,today|1633052+1634606+19906892+2830989+2831044+4040951+4473909+4769672+7536925+8899918,conditionally_feasible
today,0.6,0.0,0.2,0.2,today|1633052+1634606+19906892+2830989+2831044+4040951+4473909+4769672+7536925+8899918,conditionally_feasible
today,0.6,0.0,0.3,0.1,today|1633052+1634606+19906892+2830989+2831044+4040951+4473909+4769672+7536925+8899918,conditionally_feasible
today,0.6,0.0,0.4,0.0,today|1633052+1634606+19906892+2830989+2831044+4040951+4473909+4769672+7536925+8899918,conditionally_feasible
today,0.6,0.1,0.0,0.3,today|1633052+1634606+19906892+4040951+8899918,conditionally_feasible
today,0.6,0.1,0.1,0.2,today|1633052+1634606+19906892+4040951+4769672+8899918,conditionally_feasible
today,0.6,0.1,0.2,0.1,today|1633052+1634606+19906892+4040951+4769672+8899918,conditionally_feasible
today,0.6,0.1,0.3,0.0,today|1633052+1634606+19906892+4040951+4769672+8899918,conditionally_feasible
today,0.6,0.2,0.0,0.2,today|1634606+19906892,conditionally_feasible
today,0.6,0.2,0.1,0.1,today|1633052+1634606+19906892+4040951+8899918,conditionally_feasible
today,0.6,0.2,0.2,0.0,today|1633052+1634606+19906892+4040951+4769672+8899918,conditionally_feasible
today,0.6,0.3,0.0,0.1,today|7536925,conditionally_feasible
today,0.6,0.3,0.1,0.0,today|7536925,conditionally_feasible
today,0.6,0.4,0.0,0.0,today|7536925,conditionally_feasible
today,0.7,0.0,0.0,0.3,today|1633052+1634606+19906892+4040951+8899918,conditionally_feasible
today,0.7,0.0,0.1,0.2,today|1633052+1634606+19906892+2830989+2831044+4040951+4473909+4769672+7536925+8899918,conditionally_feasible
today,0.7,0.0,0.2,0.1,today|1633052+1634606+19906892+2830989+2831044+4040951+4473909+4769672+7536925+8899918,conditionally_feasible
today,0.7,0.0,0.3,0.0,today|1633052+1634606+19906892+2830989+2831044+4040951+4473909+4769672+7536925+8899918,conditionally_feasible
today,0.7,0.1,0.0,0.2,today|1633052+1634606+19906892+4040951,conditionally_feasible
today,0.7,0.1,0.1,0.1,today|1633052+1634606+19906892+4040951+4769672+8899918,conditionally_feasible
today,0.7,0.1,0.2,0.0,today|1633052+1634606+19906892+4040951+4769672+8899918,conditionally_feasible
today,0.7,0.2,0.0,0.1,today|7536925,conditionally_feasible
today,0.7,0.2,0.1,0.0,today|1633052+1634606+19906892+4040951+4769672+8899918,conditionally_feasible
today,0.7,0.3,0.0,0.0,today|7536925,conditionally_feasible
today,0.8,0.0,0.0,0.2,today|1633052+1634606+19906892+4040951+8899918,conditionally_feasible
today,0.8,0.0,0.1,0.1,today|1633052+1634606+19906892+4040951+4769672+8899918,conditionally_feasible
today,0.8,0.0,0.2,0.0,today|1633052+1634606+19906892+4040951+4769672+8899918,conditionally_feasible
today,0.8,0.1,0.0,0.1,today|1634606+19906892,conditionally_feasible
today,0.8,0.1,0.1,0.0,today|1633052+1634606+19906892+4040951+4769672+8899918,conditionally_feasible
today,0.8,0.2,0.0,0.0,today|7536925,conditionally_feasible
today,0.9,0.0,0.0,0.1,today|1633052+1634606+19906892+4040951+4769672+8899918,conditionally_feasible
today,0.9,0.0,0.1,0.0,today|1633052+1634606+19906892+4040951+4769672+8899918,conditionally_feasible
today,0.9,0.1,0.0,0.0,today|4769672,conditionally_feasible
today,1.0,0.0,0.0,0.0,today|4769672,conditionally_feasible
post_rebuild,0.0,0.0,0.0,1.0,post_rebuild|1633052+1634606+19906892+4040951+7536925+8899918+R2831044+R4473909,conditionally_feasible
post_rebuild,0.0,0.0,0.1,0.9,post_rebuild|1633052+1634606+19906892+4040951+7536925+8899918+R2831044+R4473909,conditionally_feasible
post_rebuild,0.0,0.0,0.2,0.8,post_rebuild|1633052+1634606+19906892+4040951+4769672+7536925+8899918+R2831044+R4473909,conditionally_feasible
post_rebuild,0.0,0.0,0.3,0.7,post_rebuild|1633052+1634606+19906892+4040951+4769672+7536925+8899918+R2831044+R4473909,conditionally_feasible
post_rebuild,0.0,0.0,0.4,0.6,post_rebuild|1633052+1634606+19906892+4040951+4769672+7536925+8899918+R2831044+R4473909,conditionally_feasible
post_rebuild,0.0,0.0,0.5,0.5,post_rebuild|1633052+1634606+19906892+4040951+4769672+7536925+8899918+R2831044+R4473909,conditionally_feasible
post_rebuild,0.0,0.0,0.6,0.4,post_rebuild|1633052+1634606+19906892+4040951+4769672+7536925+8899918+R4473909,conditionally_feasible
post_rebuild,0.0,0.0,0.7,0.3,post_rebuild|1633052+1634606+19906892+4040951+4769672+7536925+8899918+R4473909,conditionally_feasible
post_rebuild,0.0,0.0,0.8,0.2,post_rebuild|1633052+1634606+19906892+4040951+4769672+7536925+8899918+R4473909,conditionally_feasible
post_rebuild,0.0,0.0,0.9,0.1,post_rebuild|1633052+1634606+19906892+4040951+4769672+7536925+8899918+R4473909,conditionally_feasible
post_rebuild,0.0,0.0,1.0,0.0,post_rebuild|1633052+1634606+19906892+4040951+4769672+7536925+8899918+R2831044,conditionally_feasible
post_rebuild,0.0,0.1,0.0,0.9,post_rebuild|1633052+1634606+7536925+R2831044+R4473909,conditionally_feasible
post_rebuild,0.0,0.1,0.1,0.8,post_rebuild|1633052+1634606+19906892+4040951+7536925+8899918+R2831044+R4473909,conditionally_feasible
post_rebuild,0.0,0.1,0.2,0.7,post_rebuild|1633052+1634606+19906892+4040951+7536925+8899918+R2831044+R4473909,conditionally_feasible
post_rebuild,0.0,0.1,0.3,0.6,post_rebuild|1633052+1634606+19906892+4040951+4769672+7536925+8899918+R2831044+R4473909,conditionally_feasible
post_rebuild,0.0,0.1,0.4,0.5,post_rebuild|1633052+1634606+19906892+4040951+4769672+7536925+8899918+R2831044+R4473909,conditionally_feasible
post_rebuild,0.0,0.1,0.5,0.4,post_rebuild|1633052+1634606+19906892+4040951+4769672+7536925+8899918+R4473909,conditionally_feasible
post_rebuild,0.0,0.1,0.6,0.3,post_rebuild|1633052+1634606+19906892+4040951+4769672+7536925+8899918+R4473909,conditionally_feasible
post_rebuild,0.0,0.1,0.7,0.2,post_rebuild|1633052+1634606+19906892+4040951+4769672+7536925+8899918+R4473909,conditionally_feasible
post_rebuild,0.0,0.1,0.8,0.1,post_rebuild|1633052+1634606+19906892+4040951+4769672+7536925+8899918,conditionally_feasible
post_rebuild,0.0,0.1,0.9,0.0,post_rebuild|1633052+1634606+19906892+4040951+4769672+7536925+8899918,conditionally_feasible
post_rebuild,0.0,0.2,0.0,0.8,post_rebuild|1633052+1634606+7536925+R2831044+R4473909,conditionally_feasible
post_rebuild,0.0,0.2,0.1,0.7,post_rebuild|1633052+1634606+19906892+4040951+7536925+R2831044+R4473909,conditionally_feasible
post_rebuild,0.0,0.2,0.2,0.6,post_rebuild|1633052+1634606+19906892+4040951+7536925+8899918+R2831044+R4473909,conditionally_feasible
post_rebuild,0.0,0.2,0.3,0.5,post_rebuild|1633052+1634606+19906892+4040951+4769672+7536925+8899918+R2831044+R4473909,conditionally_feasible
post_rebuild,0.0,0.2,0.4,0.4,post_rebuild|1633052+1634606+19906892+4040951+4769672+7536925+8899918+R4473909,conditionally_feasible
post_rebuild,0.0,0.2,0.5,0.3,post_rebuild|1633052+1634606+19906892+4040951+4769672+7536925+8899918+R4473909,conditionally_feasible
post_rebuild,0.0,0.2,0.6,0.2,post_rebuild|1633052+1634606+19906892+4040951+4769672+7536925+8899918,conditionally_feasible
post_rebuild,0.0,0.2,0.7,0.1,post_rebuild|1633052+1634606+19906892+4040951+4769672+7536925+8899918,conditionally_feasible
post_rebuild,0.0,0.2,0.8,0.0,post_rebuild|1633052+1634606+19906892+4040951+4769672+7536925+8899918,conditionally_feasible
post_rebuild,0.0,0.3,0.0,0.7,post_rebuild|1633052+1634606+7536925+R2831044+R4473909,conditionally_feasible
post_rebuild,0.0,0.3,0.1,0.6,post_rebuild|1633052+1634606+19906892+7536925+R2831044+R4473909,conditionally_feasible
post_rebuild,0.0,0.3,0.2,0.5,post_rebuild|1633052+1634606+4040951+7536925+8899918+R2831044,conditionally_feasible
post_rebuild,0.0,0.3,0.3,0.4,post_rebuild|1633052+1634606+4040951+7536925+8899918+R2831044,conditionally_feasible
post_rebuild,0.0,0.3,0.4,0.3,post_rebuild|1633052+1634606+19906892+4040951+7536925+8899918,conditionally_feasible
post_rebuild,0.0,0.3,0.5,0.2,post_rebuild|1633052+1634606+19906892+4040951+4769672+7536925+8899918,conditionally_feasible
post_rebuild,0.0,0.3,0.6,0.1,post_rebuild|1633052+1634606+19906892+4040951+4769672+7536925+8899918,conditionally_feasible
post_rebuild,0.0,0.3,0.7,0.0,post_rebuild|1633052+1634606+19906892+4040951+4769672+7536925+8899918,conditionally_feasible
post_rebuild,0.0,0.4,0.0,0.6,post_rebuild|1633052+1634606+R2831044,conditionally_feasible
post_rebuild,0.0,0.4,0.1,0.5,post_rebuild|1633052+1634606+19906892+R2831044,conditionally_feasible
post_rebuild,0.0,0.4,0.2,0.4,post_rebuild|1633052+1634606+4040951+7536925+8899918+R2831044,conditionally_feasible
post_rebuild,0.0,0.4,0.3,0.3,post_rebuild|1633052+1634606+4040951+7536925+8899918+R2831044,conditionally_feasible
post_rebuild,0.0,0.4,0.4,0.2,post_rebuild|1633052+1634606+19906892+4040951+7536925+8899918,conditionally_feasible
post_rebuild,0.0,0.4,0.5,0.1,post_rebuild|1633052+1634606+19906892+4040951+4769672+7536925+8899918,conditionally_feasible
post_rebuild,0.0,0.4,0.6,0.0,post_rebuild|1633052+1634606+19906892+4040951+4769672+7536925+8899918,conditionally_feasible
post_rebuild,0.0,0.5,0.0,0.5,post_rebuild|1633052+1634606+R2831044,conditionally_feasible
post_rebuild,0.0,0.5,0.1,0.4,post_rebuild|7536925,conditionally_feasible
post_rebuild,0.0,0.5,0.2,0.3,post_rebuild|7536925,conditionally_feasible
post_rebuild,0.0,0.5,0.3,0.2,post_rebuild|7536925,conditionally_feasible
post_rebuild,0.0,0.5,0.4,0.1,post_rebuild|1633052+1634606+19906892+4040951+7536925+8899918,conditionally_feasible
post_rebuild,0.0,0.5,0.5,0.0,post_rebuild|1633052+1634606+19906892+4040951+7536925+8899918,conditionally_feasible
post_rebuild,0.0,0.6,0.0,0.4,post_rebuild|7536925,conditionally_feasible
post_rebuild,0.0,0.6,0.1,0.3,post_rebuild|7536925,conditionally_feasible
post_rebuild,0.0,0.6,0.2,0.2,post_rebuild|7536925,conditionally_feasible
post_rebuild,0.0,0.6,0.3,0.1,post_rebuild|7536925,conditionally_feasible
post_rebuild,0.0,0.6,0.4,0.0,post_rebuild|7536925,conditionally_feasible
post_rebuild,0.0,0.7,0.0,0.3,post_rebuild|7536925,conditionally_feasible
post_rebuild,0.0,0.7,0.1,0.2,post_rebuild|7536925,conditionally_feasible
post_rebuild,0.0,0.7,0.2,0.1,post_rebuild|7536925,conditionally_feasible
post_rebuild,0.0,0.7,0.3,0.0,post_rebuild|7536925,conditionally_feasible
post_rebuild,0.0,0.8,0.0,0.2,post_rebuild|7536925,conditionally_feasible
post_rebuild,0.0,0.8,0.1,0.1,post_rebuild|7536925,conditionally_feasible
post_rebuild,0.0,0.8,0.2,0.0,post_rebuild|7536925,conditionally_feasible
post_rebuild,0.0,0.9,0.0,0.1,post_rebuild|7536925,conditionally_feasible
post_rebuild,0.0,0.9,0.1,0.0,post_rebuild|7536925,conditionally_feasible
post_rebuild,0.0,1.0,0.0,0.0,post_rebuild|7536925,conditionally_feasible
post_rebuild,0.1,0.0,0.0,0.9,post_rebuild|1633052+1634606+4040951+R2831044+R4473909,conditionally_feasible
post_rebuild,0.1,0.0,0.1,0.8,post_rebuild|1633052+1634606+19906892+4040951+7536925+8899918+R2831044+R4473909,conditionally_feasible
post_rebuild,0.1,0.0,0.2,0.7,post_rebuild|1633052+1634606+19906892+4040951+4769672+7536925+8899918+R2831044+R4473909,conditionally_feasible
post_rebuild,0.1,0.0,0.3,0.6,post_rebuild|1633052+1634606+19906892+4040951+4769672+7536925+8899918+R2831044+R4473909,conditionally_feasible
post_rebuild,0.1,0.0,0.4,0.5,post_rebuild|1633052+1634606+19906892+4040951+4769672+7536925+8899918+R2831044+R4473909,conditionally_feasible
post_rebuild,0.1,0.0,0.5,0.4,post_rebuild|1633052+1634606+19906892+4040951+4769672+7536925+8899918+R4473909,conditionally_feasible
post_rebuild,0.1,0.0,0.6,0.3,post_rebuild|1633052+1634606+19906892+4040951+4769672+7536925+8899918+R4473909,conditionally_feasible
post_rebuild,0.1,0.0,0.7,0.2,post_rebuild|1633052+1634606+19906892+4040951+4769672+7536925+8899918+R4473909,conditionally_feasible
post_rebuild,0.1,0.0,0.8,0.1,post_rebuild|1633052+1634606+19906892+4040951+4769672+7536925+8899918+R4473909,conditionally_feasible
post_rebuild,0.1,0.0,0.9,0.0,post_rebuild|1633052+1634606+19906892+4040951+4769672+7536925+8899918+R2831044,conditionally_feasible
post_rebuild,0.1,0.1,0.0,0.8,post_rebuild|1633052+1634606+R2831044+R4473909,conditionally_feasible
post_rebuild,0.1,0.1,0.1,0.7,post_rebuild|1633052+1634606+19906892+4040951+7536925+R2831044+R4473909,conditionally_feasible
post_rebuild,0.1,0.1,0.2,0.6,post_rebuild|1633052+1634606+19906892+4040951+7536925+8899918+R2831044+R4473909,conditionally_feasible
post_rebuild,0.1,0.1,0.3,0.5,post_rebuild|1633052+1634606+19906892+4040951+4769672+7536925+8899918+R2831044+R4473909,conditionally_feasible
post_rebuild,0.1,0.1,0.4,0.4,post_rebuild|1633052+1634606+19906892+4040951+4769672+7536925+8899918+R4473909,conditionally_feasible
post_rebuild,0.1,0.1,0.5,0.3,post_rebuild|1633052+1634606+19906892+4040951+4769672+7536925+8899918+R4473909,conditionally_feasible
post_rebuild,0.1,0.1,0.6,0.2,post_rebuild|1633052+1634606+19906892+4040951+4769672+7536925+8899918+R4473909,conditionally_feasible
post_rebuild,0.1,0.1,0.7,0.1,post_rebuild|1633052+1634606+19906892+4040951+4769672+7536925+8899918,conditionally_feasible
post_rebuild,0.1,0.1,0.8,0.0,post_rebuild|1633052+1634606+19906892+4040951+4769672+7536925+8899918,conditionally_feasible
post_rebuild,0.1,0.2,0.0,0.7,post_rebuild|1633052+1634606+R2831044+R4473909,conditionally_feasible
post_rebuild,0.1,0.2,0.1,0.6,post_rebuild|1633052+1634606+19906892+4040951+7536925+R2831044+R4473909,conditionally_feasible
post_rebuild,0.1,0.2,0.2,0.5,post_rebuild|1633052+1634606+19906892+4040951+7536925+8899918+R2831044+R4473909,conditionally_feasible
post_rebuild,0.1,0.2,0.3,0.4,post_rebuild|1633052+1634606+19906892+4040951+4769672+7536925+8899918+R4473909,conditionally_feasible
post_rebuild,0.1,0.2,0.4,0.3,post_rebuild|1633052+1634606+19906892+4040951+4769672+7536925+8899918+R4473909,conditionally_feasible
post_rebuild,0.1,0.2,0.5,0.2,post_rebuild|1633052+1634606+19906892+4040951+4769672+7536925+8899918+R4473909,conditionally_feasible
post_rebuild,0.1,0.2,0.6,0.1,post_rebuild|1633052+1634606+19906892+4040951+4769672+7536925+8899918,conditionally_feasible
post_rebuild,0.1,0.2,0.7,0.0,post_rebuild|1633052+1634606+19906892+4040951+4769672+7536925+8899918,conditionally_feasible
post_rebuild,0.1,0.3,0.0,0.6,post_rebuild|1633052+1634606+R2831044+R4473909,conditionally_feasible
post_rebuild,0.1,0.3,0.1,0.5,post_rebuild|1633052+1634606+19906892+R2831044,conditionally_feasible
post_rebuild,0.1,0.3,0.2,0.4,post_rebuild|1633052+1634606+4040951+7536925+8899918+R2831044,conditionally_feasible
post_rebuild,0.1,0.3,0.3,0.3,post_rebuild|1633052+1634606+4040951+7536925+8899918+R2831044,conditionally_feasible
post_rebuild,0.1,0.3,0.4,0.2,post_rebuild|1633052+1634606+19906892+4040951+4769672+7536925+8899918,conditionally_feasible
post_rebuild,0.1,0.3,0.5,0.1,post_rebuild|1633052+1634606+19906892+4040951+4769672+7536925+8899918,conditionally_feasible
post_rebuild,0.1,0.3,0.6,0.0,post_rebuild|1633052+1634606+19906892+4040951+4769672+7536925+8899918,conditionally_feasible
post_rebuild,0.1,0.4,0.0,0.5,post_rebuild|1633052+1634606+R2831044,conditionally_feasible
post_rebuild,0.1,0.4,0.1,0.4,post_rebuild|1633052+1634606+19906892+R2831044,conditionally_feasible
post_rebuild,0.1,0.4,0.2,0.3,post_rebuild|1633052+1634606+4040951+7536925+8899918+R2831044,conditionally_feasible
post_rebuild,0.1,0.4,0.3,0.2,post_rebuild|1633052+1634606+19906892+4040951+7536925+8899918,conditionally_feasible
post_rebuild,0.1,0.4,0.4,0.1,post_rebuild|1633052+1634606+19906892+4040951+7536925+8899918,conditionally_feasible
post_rebuild,0.1,0.4,0.5,0.0,post_rebuild|1633052+1634606+19906892+4040951+4769672+7536925+8899918,conditionally_feasible
post_rebuild,0.1,0.5,0.0,0.4,post_rebuild|7536925,conditionally_feasible
post_rebuild,0.1,0.5,0.1,0.3,post_rebuild|7536925,conditionally_feasible
post_rebuild,0.1,0.5,0.2,0.2,post_rebuild|7536925,conditionally_feasible
post_rebuild,0.1,0.5,0.3,0.1,post_rebuild|7536925,conditionally_feasible
post_rebuild,0.1,0.5,0.4,0.0,post_rebuild|7536925,conditionally_feasible
post_rebuild,0.1,0.6,0.0,0.3,post_rebuild|7536925,conditionally_feasible
post_rebuild,0.1,0.6,0.1,0.2,post_rebuild|7536925,conditionally_feasible
post_rebuild,0.1,0.6,0.2,0.1,post_rebuild|7536925,conditionally_feasible
post_rebuild,0.1,0.6,0.3,0.0,post_rebuild|7536925,conditionally_feasible
post_rebuild,0.1,0.7,0.0,0.2,post_rebuild|7536925,conditionally_feasible
post_rebuild,0.1,0.7,0.1,0.1,post_rebuild|7536925,conditionally_feasible
post_rebuild,0.1,0.7,0.2,0.0,post_rebuild|7536925,conditionally_feasible
post_rebuild,0.1,0.8,0.0,0.1,post_rebuild|7536925,conditionally_feasible
post_rebuild,0.1,0.8,0.1,0.0,post_rebuild|7536925,conditionally_feasible
post_rebuild,0.1,0.9,0.0,0.0,post_rebuild|7536925,conditionally_feasible
post_rebuild,0.2,0.0,0.0,0.8,post_rebuild|1633052+1634606+4040951+R2831044+R4473909,conditionally_feasible
post_rebuild,0.2,0.0,0.1,0.7,post_rebuild|1633052+1634606+19906892+4040951+8899918+R2831044+R4473909,conditionally_feasible
post_rebuild,0.2,0.0,0.2,0.6,post_rebuild|1633052+1634606+19906892+4040951+8899918+R2831044+R4473909,conditionally_feasible
post_rebuild,0.2,0.0,0.3,0.5,post_rebuild|1633052+1634606+19906892+4040951+4769672+8899918+R2831044+R4473909,conditionally_feasible
post_rebuild,0.2,0.0,0.4,0.4,post_rebuild|1633052+1634606+19906892+4040951+4769672+7536925+8899918+R4473909,conditionally_feasible
post_rebuild,0.2,0.0,0.5,0.3,post_rebuild|1633052+1634606+19906892+4040951+4769672+7536925+8899918+R4473909,conditionally_feasible
post_rebuild,0.2,0.0,0.6,0.2,post_rebuild|1633052+1634606+19906892+4040951+4769672+7536925+8899918+R4473909,conditionally_feasible
post_rebuild,0.2,0.0,0.7,0.1,post_rebuild|1633052+1634606+19906892+4040951+4769672+7536925+8899918+R4473909,conditionally_feasible
post_rebuild,0.2,0.0,0.8,0.0,post_rebuild|1633052+1634606+19906892+4040951+4769672+7536925+8899918+R2831044,conditionally_feasible
post_rebuild,0.2,0.1,0.0,0.7,post_rebuild|1633052+1634606+R2831044+R4473909,conditionally_feasible
post_rebuild,0.2,0.1,0.1,0.6,post_rebuild|1633052+1634606+19906892+4040951+R2831044+R4473909,conditionally_feasible
post_rebuild,0.2,0.1,0.2,0.5,post_rebuild|1633052+1634606+19906892+4040951+8899918+R2831044+R4473909,conditionally_feasible
post_rebuild,0.2,0.1,0.3,0.4,post_rebuild|1633052+1634606+19906892+4040951+4769672+7536925+8899918+R4473909,conditionally_feasible
post_rebuild,0.2,0.1,0.4,0.3,post_rebuild|1633052+1634606+19906892+4040951+4769672+7536925+8899918+R4473909,conditionally_feasible
post_rebuild,0.2,0.1,0.5,0.2,post_rebuild|1633052+1634606+19906892+4040951+4769672+7536925+8899918+R4473909,conditionally_feasible
post_rebuild,0.2,0.1,0.6,0.1,post_rebuild|1633052+1634606+19906892+4040951+4769672+7536925+8899918,conditionally_feasible
post_rebuild,0.2,0.1,0.7,0.0,post_rebuild|1633052+1634606+19906892+4040951+4769672+7536925+8899918,conditionally_feasible
post_rebuild,0.2,0.2,0.0,0.6,post_rebuild|1633052+1634606+R2831044+R4473909,conditionally_feasible
post_rebuild,0.2,0.2,0.1,0.5,post_rebuild|1633052+1634606+4040951+R2831044+R4473909,conditionally_feasible
post_rebuild,0.2,0.2,0.2,0.4,post_rebuild|1633052+1634606+4040951+7536925+8899918+R2831044,conditionally_feasible
post_rebuild,0.2,0.2,0.3,0.3,post_rebuild|1633052+1634606+19906892+4040951+4769672+7536925+8899918+R4473909,conditionally_feasible
post_rebuild,0.2,0.2,0.4,0.2,post_rebuild|1633052+1634606+19906892+4040951+4769672+7536925+8899918+R4473909,conditionally_feasible
post_rebuild,0.2,0.2,0.5,0.1,post_rebuild|1633052+1634606+19906892+4040951+4769672+7536925+8899918,conditionally_feasible
post_rebuild,0.2,0.2,0.6,0.0,post_rebuild|1633052+1634606+19906892+4040951+4769672+7536925+8899918,conditionally_feasible
post_rebuild,0.2,0.3,0.0,0.5,post_rebuild|1633052+1634606+R2831044,conditionally_feasible
post_rebuild,0.2,0.3,0.1,0.4,post_rebuild|1633052+1634606+19906892+R2831044,conditionally_feasible
post_rebuild,0.2,0.3,0.2,0.3,post_rebuild|1633052+1634606+4040951+7536925+8899918+R2831044,conditionally_feasible
post_rebuild,0.2,0.3,0.3,0.2,post_rebuild|1633052+1634606+19906892+4040951+7536925+8899918,conditionally_feasible
post_rebuild,0.2,0.3,0.4,0.1,post_rebuild|1633052+1634606+19906892+4040951+4769672+7536925+8899918,conditionally_feasible
post_rebuild,0.2,0.3,0.5,0.0,post_rebuild|1633052+1634606+19906892+4040951+4769672+7536925+8899918,conditionally_feasible
post_rebuild,0.2,0.4,0.0,0.4,post_rebuild|1633052+1634606+R2831044,conditionally_feasible
post_rebuild,0.2,0.4,0.1,0.3,post_rebuild|7536925,conditionally_feasible
post_rebuild,0.2,0.4,0.2,0.2,post_rebuild|7536925,conditionally_feasible
post_rebuild,0.2,0.4,0.3,0.1,post_rebuild|1633052+1634606+19906892+4040951+7536925+8899918,conditionally_feasible
post_rebuild,0.2,0.4,0.4,0.0,post_rebuild|1633052+1634606+19906892+4040951+7536925+8899918,conditionally_feasible
post_rebuild,0.2,0.5,0.0,0.3,post_rebuild|7536925,conditionally_feasible
post_rebuild,0.2,0.5,0.1,0.2,post_rebuild|7536925,conditionally_feasible
post_rebuild,0.2,0.5,0.2,0.1,post_rebuild|7536925,conditionally_feasible
post_rebuild,0.2,0.5,0.3,0.0,post_rebuild|7536925,conditionally_feasible
post_rebuild,0.2,0.6,0.0,0.2,post_rebuild|7536925,conditionally_feasible
post_rebuild,0.2,0.6,0.1,0.1,post_rebuild|7536925,conditionally_feasible
post_rebuild,0.2,0.6,0.2,0.0,post_rebuild|7536925,conditionally_feasible
post_rebuild,0.2,0.7,0.0,0.1,post_rebuild|7536925,conditionally_feasible
post_rebuild,0.2,0.7,0.1,0.0,post_rebuild|7536925,conditionally_feasible
post_rebuild,0.2,0.8,0.0,0.0,post_rebuild|7536925,conditionally_feasible
post_rebuild,0.3,0.0,0.0,0.7,post_rebuild|1633052+1634606+8899918+R2831044+R4473909,conditionally_feasible
post_rebuild,0.3,0.0,0.1,0.6,post_rebuild|1633052+1634606+19906892+4040951+8899918+R2831044+R4473909,conditionally_feasible
post_rebuild,0.3,0.0,0.2,0.5,post_rebuild|1633052+1634606+19906892+4040951+8899918+R2831044+R4473909,conditionally_feasible
post_rebuild,0.3,0.0,0.3,0.4,post_rebuild|1633052+1634606+19906892+4040951+4769672+8899918+R2831044+R4473909,conditionally_feasible
post_rebuild,0.3,0.0,0.4,0.3,post_rebuild|1633052+1634606+19906892+4040951+4769672+7536925+8899918+R4473909,conditionally_feasible
post_rebuild,0.3,0.0,0.5,0.2,post_rebuild|1633052+1634606+19906892+4040951+4769672+7536925+8899918+R4473909,conditionally_feasible
post_rebuild,0.3,0.0,0.6,0.1,post_rebuild|1633052+1634606+19906892+4040951+4769672+7536925+8899918+R4473909,conditionally_feasible
post_rebuild,0.3,0.0,0.7,0.0,post_rebuild|1633052+1634606+19906892+4040951+4769672+7536925+8899918+R2831044,conditionally_feasible
post_rebuild,0.3,0.1,0.0,0.6,post_rebuild|1633052+1634606+R2831044+R4473909,conditionally_feasible
post_rebuild,0.3,0.1,0.1,0.5,post_rebuild|1633052+1634606+19906892+4040951+R2831044+R4473909,conditionally_feasible
post_rebuild,0.3,0.1,0.2,0.4,post_rebuild|1633052+1634606+19906892+4040951+8899918+R2831044+R4473909,conditionally_feasible
post_rebuild,0.3,0.1,0.3,0.3,post_rebuild|1633052+1634606+19906892+4040951+4769672+7536925+8899918+R4473909,conditionally_feasible
post_rebuild,0.3,0.1,0.4,0.2,post_rebuild|1633052+1634606+19906892+4040951+4769672+7536925+8899918+R4473909,conditionally_feasible
post_rebuild,0.3,0.1,0.5,0.1,post_rebuild|1633052+1634606+19906892+4040951+4769672+7536925+8899918,conditionally_feasible
post_rebuild,0.3,0.1,0.6,0.0,post_rebuild|1633052+1634606+19906892+4040951+4769672+7536925+8899918,conditionally_feasible
post_rebuild,0.3,0.2,0.0,0.5,post_rebuild|1633052+1634606+R2831044+R4473909,conditionally_feasible
post_rebuild,0.3,0.2,0.1,0.4,post_rebuild|1633052+1634606+4040951+8899918+R2831044,conditionally_feasible
post_rebuild,0.3,0.2,0.2,0.3,post_rebuild|1633052+1634606+4040951+8899918+R2831044,conditionally_feasible
post_rebuild,0.3,0.2,0.3,0.2,post_rebuild|1633052+1634606+19906892+4040951+4769672+7536925+8899918+R4473909,conditionally_feasible
post_rebuild,0.3,0.2,0.4,0.1,post_rebuild|1633052+1634606+19906892+4040951+4769672+7536925+8899918,conditionally_feasible
post_rebuild,0.3,0.2,0.5,0.0,post_rebuild|1633052+1634606+19906892+4040951+4769672+7536925+8899918,conditionally_feasible
post_rebuild,0.3,0.3,0.0,0.4,post_rebuild|1633052+1634606+R2831044,conditionally_feasible
post_rebuild,0.3,0.3,0.1,0.3,post_rebuild|1633052+1634606+19906892+R2831044,conditionally_feasible
post_rebuild,0.3,0.3,0.2,0.2,post_rebuild|1633052+1634606+4040951+8899918+R2831044,conditionally_feasible
post_rebuild,0.3,0.3,0.3,0.1,post_rebuild|1633052+1634606+19906892+4040951+8899918,conditionally_feasible
post_rebuild,0.3,0.3,0.4,0.0,post_rebuild|1633052+1634606+19906892+4040951+4769672+7536925+8899918,conditionally_feasible
post_rebuild,0.3,0.4,0.0,0.3,post_rebuild|7536925,conditionally_feasible
post_rebuild,0.3,0.4,0.1,0.2,post_rebuild|7536925,conditionally_feasible
post_rebuild,0.3,0.4,0.2,0.1,post_rebuild|7536925,conditionally_feasible
post_rebuild,0.3,0.4,0.3,0.0,post_rebuild|7536925,conditionally_feasible
post_rebuild,0.3,0.5,0.0,0.2,post_rebuild|7536925,conditionally_feasible
post_rebuild,0.3,0.5,0.1,0.1,post_rebuild|7536925,conditionally_feasible
post_rebuild,0.3,0.5,0.2,0.0,post_rebuild|7536925,conditionally_feasible
post_rebuild,0.3,0.6,0.0,0.1,post_rebuild|7536925,conditionally_feasible
post_rebuild,0.3,0.6,0.1,0.0,post_rebuild|7536925,conditionally_feasible
post_rebuild,0.3,0.7,0.0,0.0,post_rebuild|7536925,conditionally_feasible
post_rebuild,0.4,0.0,0.0,0.6,post_rebuild|1633052+1634606+R2831044+R4473909,conditionally_feasible
post_rebuild,0.4,0.0,0.1,0.5,post_rebuild|1633052+1634606+19906892+4040951+R2831044+R4473909,conditionally_feasible
post_rebuild,0.4,0.0,0.2,0.4,post_rebuild|1633052+1634606+19906892+4040951+8899918+R2831044+R4473909,conditionally_feasible
post_rebuild,0.4,0.0,0.3,0.3,post_rebuild|1633052+1634606+19906892+4040951+4769672+8899918+R4473909,conditionally_feasible
post_rebuild,0.4,0.0,0.4,0.2,post_rebuild|1633052+1634606+19906892+4040951+4769672+8899918+R4473909,conditionally_feasible
post_rebuild,0.4,0.0,0.5,0.1,post_rebuild|1633052+1634606+19906892+4040951+4769672+7536925+8899918+R4473909,conditionally_feasible
post_rebuild,0.4,0.0,0.6,0.0,post_rebuild|1633052+1634606+19906892+4040951+4769672+7536925+8899918+R2831044,conditionally_feasible
post_rebuild,0.4,0.1,0.0,0.5,post_rebuild|1633052+1634606+R2831044+R4473909,conditionally_feasible
post_rebuild,0.4,0.1,0.1,0.4,post_rebuild|1633052+1634606+4040951+R2831044+R4473909,conditionally_feasible
post_rebuild,0.4,0.1,0.2,0.3,post_rebuild|1633052+1634606+19906892+4040951+4769672+8899918+R4473909,conditionally_feasible
post_rebuild,0.4,0.1,0.3,0.2,post_rebuild|1633052+1634606+19906892+4040951+4769672+8899918+R4473909,conditionally_feasible
post_rebuild,0.4,0.1,0.4,0.1,post_rebuild|1633052+1634606+19906892+4040951+4769672+8899918,conditionally_feasible
post_rebuild,0.4,0.1,0.5,0.0,post_rebuild|1633052+1634606+19906892+4040951+4769672+7536925+8899918,conditionally_feasible
post_rebuild,0.4,0.2,0.0,0.4,post_rebuild|1633052+1634606+R2831044+R4473909,conditionally_feasible
post_rebuild,0.4,0.2,0.1,0.3,post_rebuild|1633052+1634606+4040951+8899918+R2831044,conditionally_feasible
post_rebuild,0.4,0.2,0.2,0.2,post_rebuild|1633052+1634606+4040951+8899918+R2831044,conditionally_feasible
post_rebuild,0.4,0.2,0.3,0.1,post_rebuild|1633052+1634606+19906892+4040951+4769672+8899918,conditionally_feasible
post_rebuild,0.4,0.2,0.4,0.0,post_rebuild|1633052+1634606+19906892+4040951+4769672+8899918,conditionally_feasible
post_rebuild,0.4,0.3,0.0,0.3,post_rebuild|1633052+1634606+R2831044,conditionally_feasible
post_rebuild,0.4,0.3,0.1,0.2,post_rebuild|7536925,conditionally_feasible
post_rebuild,0.4,0.3,0.2,0.1,post_rebuild|7536925,conditionally_feasible
post_rebuild,0.4,0.3,0.3,0.0,post_rebuild|1633052+1634606+19906892+4040951+8899918,conditionally_feasible
post_rebuild,0.4,0.4,0.0,0.2,post_rebuild|7536925,conditionally_feasible
post_rebuild,0.4,0.4,0.1,0.1,post_rebuild|7536925,conditionally_feasible
post_rebuild,0.4,0.4,0.2,0.0,post_rebuild|7536925,conditionally_feasible
post_rebuild,0.4,0.5,0.0,0.1,post_rebuild|7536925,conditionally_feasible
post_rebuild,0.4,0.5,0.1,0.0,post_rebuild|7536925,conditionally_feasible
post_rebuild,0.4,0.6,0.0,0.0,post_rebuild|7536925,conditionally_feasible
post_rebuild,0.5,0.0,0.0,0.5,post_rebuild|1633052+1634606+R2831044+R4473909,conditionally_feasible
post_rebuild,0.5,0.0,0.1,0.4,post_rebuild|1633052+1634606+4040951+R2831044+R4473909,conditionally_feasible
post_rebuild,0.5,0.0,0.2,0.3,post_rebuild|1633052+1634606+19906892+4040951+4769672+8899918+R4473909,conditionally_feasible
post_rebuild,0.5,0.0,0.3,0.2,post_rebuild|1633052+1634606+19906892+4040951+4769672+8899918+R4473909,conditionally_feasible
post_rebuild,0.5,0.0,0.4,0.1,post_rebuild|1633052+1634606+19906892+4040951+4769672+8899918+R4473909,conditionally_feasible
post_rebuild,0.5,0.0,0.5,0.0,post_rebuild|1633052+1634606+19906892+4040951+4769672+8899918+R2831044,conditionally_feasible
post_rebuild,0.5,0.1,0.0,0.4,post_rebuild|1633052+1634606+R2831044+R4473909,conditionally_feasible
post_rebuild,0.5,0.1,0.1,0.3,post_rebuild|1633052+1634606+4040951+R2831044+R4473909,conditionally_feasible
post_rebuild,0.5,0.1,0.2,0.2,post_rebuild|1633052+1634606+19906892+4040951+4769672+8899918+R4473909,conditionally_feasible
post_rebuild,0.5,0.1,0.3,0.1,post_rebuild|1633052+1634606+19906892+4040951+4769672+8899918,conditionally_feasible
post_rebuild,0.5,0.1,0.4,0.0,post_rebuild|1633052+1634606+19906892+4040951+4769672+8899918,conditionally_feasible
post_rebuild,0.5,0.2,0.0,0.3,post_rebuild|1633052+1634606+R2831044,conditionally_feasible
post_rebuild,0.5,0.2,0.1,0.2,post_rebuild|1633052+1634606+4040951+8899918+R2831044,conditionally_feasible
post_rebuild,0.5,0.2,0.2,0.1,post_rebuild|1633052+1634606+19906892+4040951+8899918,conditionally_feasible
post_rebuild,0.5,0.2,0.3,0.0,post_rebuild|1633052+1634606+19906892+4040951+4769672+8899918,conditionally_feasible
post_rebuild,0.5,0.3,0.0,0.2,post_rebuild|7536925,conditionally_feasible
post_rebuild,0.5,0.3,0.1,0.1,post_rebuild|7536925,conditionally_feasible
post_rebuild,0.5,0.3,0.2,0.0,post_rebuild|7536925,conditionally_feasible
post_rebuild,0.5,0.4,0.0,0.1,post_rebuild|7536925,conditionally_feasible
post_rebuild,0.5,0.4,0.1,0.0,post_rebuild|7536925,conditionally_feasible
post_rebuild,0.5,0.5,0.0,0.0,post_rebuild|7536925,conditionally_feasible
post_rebuild,0.6,0.0,0.0,0.4,post_rebuild|1633052+1634606+R2831044+R4473909,conditionally_feasible
post_rebuild,0.6,0.0,0.1,0.3,post_rebuild|1633052+1634606+4040951+R2831044+R4473909,conditionally_feasible
post_rebuild,0.6,0.0,0.2,0.2,post_rebuild|1633052+1634606+19906892+4040951+4769672+8899918+R4473909,conditionally_feasible
post_rebuild,0.6,0.0,0.3,0.1,post_rebuild|1633052+1634606+19906892+4040951+4769672+8899918+R4473909,conditionally_feasible
post_rebuild,0.6,0.0,0.4,0.0,post_rebuild|1633052+1634606+19906892+4040951+4769672+8899918+R2831044,conditionally_feasible
post_rebuild,0.6,0.1,0.0,0.3,post_rebuild|1633052+1634606+R2831044+R4473909,conditionally_feasible
post_rebuild,0.6,0.1,0.1,0.2,post_rebuild|1633052+1634606+4040951+8899918+R2831044,conditionally_feasible
post_rebuild,0.6,0.1,0.2,0.1,post_rebuild|1633052+1634606+19906892+4040951+4769672+8899918,conditionally_feasible
post_rebuild,0.6,0.1,0.3,0.0,post_rebuild|1633052+1634606+19906892+4040951+4769672+8899918,conditionally_feasible
post_rebuild,0.6,0.2,0.0,0.2,post_rebuild|1633052+1634606+R2831044,conditionally_feasible
post_rebuild,0.6,0.2,0.1,0.1,post_rebuild|7536925,conditionally_feasible
post_rebuild,0.6,0.2,0.2,0.0,post_rebuild|1633052+1634606+19906892+4040951+4769672+8899918,conditionally_feasible
post_rebuild,0.6,0.3,0.0,0.1,post_rebuild|7536925,conditionally_feasible
post_rebuild,0.6,0.3,0.1,0.0,post_rebuild|7536925,conditionally_feasible
post_rebuild,0.6,0.4,0.0,0.0,post_rebuild|7536925,conditionally_feasible
post_rebuild,0.7,0.0,0.0,0.3,post_rebuild|1633052+1634606+R2831044+R4473909,conditionally_feasible
post_rebuild,0.7,0.0,0.1,0.2,post_rebuild|1633052+1634606+19906892+4040951+4769672+8899918+R4473909,conditionally_feasible
post_rebuild,0.7,0.0,0.2,0.1,post_rebuild|1633052+1634606+19906892+4040951+4769672+8899918+R4473909,conditionally_feasible
post_rebuild,0.7,0.0,0.3,0.0,post_rebuild|1633052+1634606+19906892+4040951+4769672+8899918+R2831044,conditionally_feasible
post_rebuild,0.7,0.1,0.0,0.2,post_rebuild|1633052+1634606+R2831044+R4473909,conditionally_feasible
post_rebuild,0.7,0.1,0.1,0.1,post_rebuild|1633052+1634606+4040951+8899918+R2831044,conditionally_feasible
post_rebuild,0.7,0.1,0.2,0.0,post_rebuild|1633052+1634606+19906892+4040951+4769672+8899918,conditionally_feasible
post_rebuild,0.7,0.2,0.0,0.1,post_rebuild|7536925,conditionally_feasible
post_rebuild,0.7,0.2,0.1,0.0,post_rebuild|7536925,conditionally_feasible
post_rebuild,0.7,0.3,0.0,0.0,post_rebuild|7536925,conditionally_feasible
post_rebuild,0.8,0.0,0.0,0.2,post_rebuild|1633052+1634606+R2831044+R4473909,conditionally_feasible
post_rebuild,0.8,0.0,0.1,0.1,post_rebuild|1633052+1634606+19906892+4040951+4769672+8899918+R4473909,conditionally_feasible
post_rebuild,0.8,0.0,0.2,0.0,post_rebuild|1633052+1634606+19906892+4040951+4769672+8899918+R2831044,conditionally_feasible
post_rebuild,0.8,0.1,0.0,0.1,post_rebuild|1633052+1634606+R2831044,conditionally_feasible
post_rebuild,0.8,0.1,0.1,0.0,post_rebuild|1633052+1634606+19906892+4040951+4769672+8899918,conditionally_feasible
post_rebuild,0.8,0.2,0.0,0.0,post_rebuild|7536925,conditionally_feasible
post_rebuild,0.9,0.0,0.0,0.1,post_rebuild|1633052+1634606+R2831044+R4473909,conditionally_feasible
post_rebuild,0.9,0.0,0.1,0.0,post_rebuild|1633052+1634606+19906892+4040951+4769672+8899918,conditionally_feasible
post_rebuild,0.9,0.1,0.0,0.0,post_rebuild|7536925,conditionally_feasible
post_rebuild,1.0,0.0,0.0,0.0,post_rebuild|4769672,conditionally_feasible
