item_id,aspect,scenarios,stakeholder,statement,evidence_level,evidence_source,quantitative_link,open_question
RC1,revenue_connection_model,S2;S3;S3R,data_center,The network pays the data center a fence price per MWh of heat it takes (Con Ed pilot: $26/MMBtu = $88.7/MWh).,nyc_precedent,S13 p.101,A06 x a_annual_system.Q_DC_used_MWh,Price for 111 8th tenants to be negotiated (A06 19.5 / 26 / 31.5)
RC2,revenue_connection_model,S2;S3;S3R,heat_users,"Users pay a usage rate per MWh plus a fixed annual connection charge (pilot: $26.63/MMBtu + $5,000/yr, subsidised).",nyc_precedent,S13 p.102,a_annual_building.Q_network_MWh,Unsubsidised level for a larger network
RC3,revenue_connection_model,S3;S3R,network_operator,A fully cost-based rate would be $151.93 per MBH of heat-exchanger capacity vs $0.12 in the pilot: scale is needed for cost recovery.,nyc_precedent,S13 p.103,Model B C2 (LCOH),Rate design at network scale
RC4,revenue_connection_model,S2;S3;S3R,data_center,Standard multi-tenant heat contract at 111 8th: any tenant cooling plant can sell heat on the same terms (Term 2).,proposal,Team proposal (Term 2); pilot single-source contract S13 p.108,Model B S7,Tenant and owner willingness at 111 8th
RC5,revenue_connection_model,S3;S3R,community,"Pilot costs are recovered across Con Ed ratepayers (bill impact +0.06% electric, +0.23% gas).",nyc_precedent,S13 p.95,-,Whether a scaled network keeps ratepayer recovery
RC6,revenue_connection_model,all,network_operator,"Federal ITC does not apply to non-geothermal heat-recovery projects (Con Ed finding): financing must come from rates, grants or developers.",nyc_precedent,S13 p.93,Model B ITC = 0,"Alternative funding (NYSERDA, city)"
OW1,ownership,S3;S3R,network_operator,"A regulated utility (Con Ed, under UTENJA) owns and operates the loop and energy-centre equipment.",nyc_precedent,S13 p.7; R02,-,Who owns an expansion beyond the 5-year pilot
OW2,ownership,S3;S3R,heat_users,"NYCHA owns the buildings; PACT partners (Related, Essence) manage the campus.",nyc_precedent,S13 p.7; S18,-,
OW3,ownership,S1;S2;S3;S3R,data_center,The source building owner keeps its cooling plant and sells heat at the fence; heat-recovery interfaces funded by the network or by tenants (DC_funding).,proposal,S13 Table 11 (thermal resource construction 2.56 M$ funded by the pilot),Model B C1 (CAPEX_HX),Interface funding choice
OW4,ownership,S3R,heat_users,Rebuild developer delivers heat-ready plant rooms and 45 C distribution in each new tower (Term 3).,proposal,S18 (new buildings move to electric/renewable heating),Model A sh45 class,Design team commitment before design freeze
RE1,responsibilities,S2;S3;S3R,network_operator,The operator decides when the network accepts heat from the source.,nyc_precedent,S13 p.101 (fn. 37),-,
RE2,responsibilities,S2;S3;S3R,data_center,The source commits a monthly minimum of heat; its revenue is reduced for any shortfall.,nyc_precedent,S13 p.108,a_operating_modes M2,Minimum level for 111 8th
RE3,responsibilities,S2;S3;S3R,heat_users,Customers commit a minimum purchase; shortfall compensation is capped.,nyc_precedent,S13 p.108,-,Cap level for NYCHA
RE4,responsibilities,all,data_center,The data center keeps its cooling towers; the network never becomes part of its cooling (the pilot rejects heat to the source only ~10 h/yr).,nyc_precedent,"S13 p.20, p.44",H1; a_operating_modes M4,
RE5,responsibilities,all,network_operator,Backup heat: existing steam/boilers (pilot adds a steam heat exchanger and keeps the radiators); electric boilers in rebuilt towers.,nyc_precedent,S13 p.23; S18,H2; a_operating_modes M2/M3,
RE6,responsibilities,S3;S3R,network_operator,"Monitoring and public reporting (pilot budgets ~$1M for metrics); our Term 5 adds a public dashboard of heat, CO2 and combustion displaced.",proposal,S13 p.92,"Model B N2, N4",
RK1,risk_allocation,all,network_operator,Data-center heat unavailable or a tenant leaves: backup sized to the full peak; several tenants under one contract.,proposal,OCP-101 (E11); S13 p.23,H2; a_operating_modes M2,
RK2,risk_allocation,S3,network_operator,Rebuild demolishes connected buildings: the pilot keeps $19M of reusable infrastructure and the connected block is rebuilt last.,nyc_precedent,S13 p.15,-,Transition plan from S3 to S3R
RK3,risk_allocation,S3;S3R,heat_users,"Affordability: the pilot nets Fulton only +$1k/yr, so tariffs must keep NYCHA bills at or below today (H6).",nyc_precedent,S13 p.102,H6 (Model B),Tariff level that passes H6
RK4,risk_allocation,S2;S3;S3R,data_center,Source operations can change the heat price: 85 10th Ave cut chiller use and the needed price rose ~25%.,nyc_precedent,S13 p.101,A06; A17,Contract indexation
RK5,risk_allocation,S2;S3;S3R,network_operator,Urban construction costs (test pits on Manhattan streets) exceeded expectations: 15% contingency.,nyc_precedent,S13 p.93,A05; Model B C1,
RK6,risk_allocation,all,data_center,"Contract horizon: data centers plan ~10 years and pilot agreements last 5 years, shorter than network assets (25 yr).",documented_elsewhere,E26 (DATA HEAT); S13 p.104,Model B C2 (CRF),Long-term offtake guarantee
RK7,risk_allocation,S3;S3R,community,Exit cost if the network ends: pilot decommissioning estimated at $13.3M.,nyc_precedent,S13 p.92,-,
PA1,public_acceptance,all,community,Data centers face growing opposition nationally (25+ projects cancelled); visible community benefit matters.,documented_elsewhere,R07 (CenTrio),Model B value split,
PA2,public_acceptance,S3;S3R,heat_users,Pilot practice: residents engaged and building managers compensated for design review.,nyc_precedent,S13 p.93,-,
PA3,public_acceptance,S3R,heat_users,"Rebuild: 94% of households stay in place during construction; the project is contested, so the network should fit whatever is built.",nyc_precedent,S18,-,Resident views on the network itself
PA4,public_acceptance,all,community,NYC precedent (FPCJ / Verizon): NYSERDA and NYC EDC support; the heat source insisted on redundancy.,nyc_precedent,R04,H2,
PA5,public_acceptance,S2;S3;S3R,community,Visible air-quality benefit: Chelsea PM2.5 9.5 vs 6.3 ug/m3 citywide; combustion displaced is reported.,nyc_precedent,S05,Model B N4,
LC1,local_context_fit,S3;S3R,network_operator,An operating pilot loop already runs on the same block (85 10th Ave -> Fulton) with valves for future connections; Google (111 8th) has expressed interest.,nyc_precedent,S13 p.66,Scenario S3 (second source),
LC2,local_context_fit,S3R,heat_users,"Rebuild timing: first move-ins end of 2028; new buildings use electric/renewable heating, so they can be designed heat-ready now.",nyc_precedent,S18,S6 rubric; A15,
LC3,local_context_fit,all,heat_users,"Baseline is Con Ed steam (Fulton, 111 8th) and gas boilers (Elliott-Chelsea, Chelsea Market).",nyc_precedent,S01; R01,Model B baselines,
LC4,local_context_fit,S3;S3R,community,The site and Fulton are in a state-designated disadvantaged tract (LMI 80%).,nyc_precedent,S04,"S1, S3",
LC5,local_context_fit,all,heat_users,LL97 fines do not apply to NYCHA (pilot filing); LL97 motivates only the commercial offtakers.,nyc_precedent,S13 p.102; S12,Model B C3 (LL97 avoided),
LC6,local_context_fit,all,community,Manhattan grid: Zone J winter peak 7.55 GW; the pilot raised the customer winter peak by 320 kW.,nyc_precedent,S09; S13 p.67,N6,
SV1,stakeholder_value,S1;S2;S3;S3R,data_center,Value to the data center: heat revenue minus added electricity and O&M; own steam/gas displaced (S1); social licence (qualitative).,proposal,S13 Table 13 (structure),b_stakeholder_value (data_center),
SV2,stakeholder_value,S1;S2;S3;S3R,heat_users,"Value to heat users: bill change per building and per apartment, continuity, in-unit cooling where added (pilot: 36 apartments).",proposal,S13 Table 14 (structure),b_stakeholder_value (heat_users); b_building_bills,
SV3,stakeholder_value,S1;S2;S3;S3R,community,"Value to the community: CO2 avoided, local NOx avoided, low-income households served, winter peak effect.",proposal,S12; S17; S04,b_stakeholder_value (community),
