portfolio,parameter,swing_of_mean_value,mean_at_base,mean_at_high,mean_at_low
balanced,A17,1909625.8010685574,-6394790.730277528,,-4485164.929208971
balanced,A08,1777870.6634464767,-5410330.197909283,-6343736.977383471,-4565866.313936994
balanced,A21,1725446.7044062847,-5133231.748959911,-6456074.222338062,-4730627.517931777
balanced,A05,1426168.9029556122,-5507917.107502655,-6119092.642341353,-4692923.739385741
balanced,A07,1288671.0929582901,-5354066.42354603,-6127269.079321004,-4838597.986362714
balanced,gas_price,1054269.207816395,-5967112.433651447,-4912843.225835052,
balanced,hx_scale_exp,694186.757998433,-5787071.208742466,,-5092884.450744033
balanced,network_life,607524.4923211802,-5743740.075903839,,-5136215.583582659
balanced,A10,542909.8387245722,-5420016.832053916,-5178503.409225631,-5721413.247950203
balanced,A02,419502.17335590627,-5475025.603221742,-5212702.85632605,-5632205.029681956
balanced,A18,248701.62945744302,-5442463.344006389,-5563085.887340401,-5314384.257882958
balanced,steam_price,82884.8701216057,-5398535.3946824465,,-5481420.264804052
community,A05,3796265.2445631567,-8754308.860209892,-10381173.978659093,-6584908.734095937
community,A08,3081104.3807957917,-8521534.690838752,-10139980.631460981,-7058876.25066519
community,A21,2987368.713531808,-8042376.08636043,-10332692.10006815,-7345323.386536342
community,A17,2609865.7345597744,-9878396.724934861,,-7268530.990375087
community,network_life,1237611.7304087393,-9192269.722859344,,-7954657.992450604
community,hx_scale_exp,1130207.3285326147,-9138567.52192128,,-8008360.193388666
community,A07,1035139.1450208761,-8504454.58132025,-9125538.068332775,-8090398.9233118985
community,gas_price,792913.632482578,-8969920.673896262,-8177007.041413684,
community,A10,749486.4991102163,-8542928.06980749,-8213988.5020236075,-8963475.001133824
community,A02,624739.6876345212,-8624405.042565888,-8235623.421382257,-8860363.109016778
community,A18,180001.21767221764,-8573427.820023108,-8663482.485307015,-8483481.267634798
community,steam_price,82884.87012160383,-8532021.422594173,,-8614906.292715777
minimum_cost,A07,140122.85009164095,-16980.470736905147,-101054.18079188971,39068.66929975123
minimum_cost,A17,137519.903976126,-95081.94606441086,,42437.957911715115
minimum_cost,steam_price,82884.87012160553,15120.440984454888,,-67764.42913715064
minimum_cost,A08,53136.503900724485,-25453.099355508108,-53324.69338713,-188.18948640551744
minimum_cost,A21,51660.04848279471,-17137.985457184375,-56744.02262732698,-5083.97414453227
minimum_cost,A10,41626.74152144578,-24788.156114942278,-6275.542296327782,-47902.28381777356
minimum_cost,hx_scale_exp,36369.827314257156,-8137.080419219296,,-44506.90773347645
minimum_cost,A02,32212.513910691356,-29010.891848804877,-8871.288234773698,-41083.80214546505
minimum_cost,network_life,12366.496880969436,-32505.242516832594,,-20138.745635863157
minimum_cost,A18,0.0,-26321.994076347877,-26321.994076347877,-26321.994076347877
minimum_cost,A05,0.0,-26321.994076347877,-26321.994076347877,-26321.994076347877
minimum_cost,gas_price,0.0,-26321.994076347873,-26321.994076347873,
minimum_cost_network,A08,440603.6317373293,-1070562.8177410413,-1301925.2426236854,-861321.6108863561
minimum_cost_network,A21,427473.60071734525,-1001941.2502894995,-1329671.0108394641,-902197.4101221189
minimum_cost_network,A05,354743.3818170909,-1094835.683898642,-1246858.6845847657,-892115.3027676748
minimum_cost_network,A07,234007.2540729459,-1062336.0734788312,-1202740.4259225987,-968733.1718496528
minimum_cost_network,A17,219413.95293005835,-1187643.5335487234,,-968229.5806186651
minimum_cost_network,network_life,159401.93563003058,-1157637.5248987095,,-998235.5892686789
minimum_cost_network,gas_price,87836.1220946454,-1121854.6181310168,-1034018.4960363714,
minimum_cost_network,steam_price,82884.87012160558,-1036494.1220228915,,-1119378.992144497
minimum_cost_network,A10,66346.6373158705,-1075498.1729353266,-1045982.4304999427,-1112329.0678158132
minimum_cost_network,A02,49515.826753704576,-1082071.6841831282,-1051111.080157125,-1100626.9069108295
minimum_cost_network,hx_scale_exp,36149.19754980295,-1059861.9583087927,,-1096011.1558585956
minimum_cost_network,A18,18120.585463753436,-1078120.085421127,-1086905.0856468545,-1068784.500183101
proposal_phase1,A08,414681.2111848842,-1117023.6548533663,-1334680.957705649,-919999.7465207649
proposal_phase1,A21,402649.95277799084,-1052319.239199395,-1361017.536329188,-958367.5835511971
proposal_phase1,A07,358605.24400184874,-1099994.4367598034,-1315157.5831609126,-956552.3391590639
proposal_phase1,A17,328099.03217741684,-1287950.9691153017,,-959851.9369378849
proposal_phase1,gas_price,204407.1796083277,-1226105.042830757,-1021697.8632224294,
proposal_phase1,A05,155561.59734162863,-1131312.0357062372,-1197976.9603575857,-1042415.3630159571
proposal_phase1,network_life,129116.8187196718,-1188459.8623864292,,-1059343.0436667574
proposal_phase1,A10,100113.60626281518,-1120224.098569644,-1075683.3271236604,-1175796.9333864755
proposal_phase1,steam_price,82884.87012160546,-1082459.0179657906,,-1165343.888087396
proposal_phase1,A02,73043.80551330186,-1130001.8200715017,-1084329.3667474883,-1157373.1722607901
proposal_phase1,A18,43947.39440512168,-1124348.0512155446,-1145651.8511346786,-1101704.456729557
proposal_phase1,hx_scale_exp,16457.37922822428,-1115672.7634124812,,-1132130.1426407055
proposal_phase2,A17,1117271.881852698,-2579089.8635367183,,-1461817.9816840203
proposal_phase2,A08,732484.8603452365,-2008052.2142670548,-2392897.2069546445,-1660412.346609408
proposal_phase2,A21,709904.6443082483,-1894248.652511125,-2438508.8798141154,-1728604.235505867
proposal_phase2,A05,546280.8672799999,-2046477.4374267904,-2280582.5988421584,-1734301.7315621586
proposal_phase2,A07,380265.0172111895,-1995102.9214629568,-2223261.93178967,-1842996.9145784806
proposal_phase2,network_life,313190.35927979136,-2177049.102250265,,-1863858.7429704736
proposal_phase2,A10,285754.6581566967,-2009909.4205259911,-1882848.8445742098,-2168603.5027309065
proposal_phase2,hx_scale_exp,278292.3661839559,-2159600.105702347,,-1881307.7395183912
proposal_phase2,A02,240284.22227047314,-2040508.095792832,-1890284.7248839012,-2130568.9471543743
proposal_phase2,gas_price,204407.17960832827,-2122657.512414533,-1918250.332806205,
proposal_phase2,steam_price,82884.87012160523,-1979011.4875495664,,-2061896.3576711717
proposal_phase2,A18,47175.588530007284,-2020909.8499725836,-2043813.7531942653,-1996638.164664258
proposal_phase2_school,A17,1199165.93080663,-3197902.013563946,,-1998736.0827573158
proposal_phase2_school,A08,930355.504166679,-2582616.7883951287,-3071347.9301267215,-2140992.4259600425
proposal_phase2_school,A21,901936.0871844469,-2437974.8548833956,-3129459.1883914717,-2227523.101207025
proposal_phase2_school,A05,798671.2773438827,-2636365.838858053,-2978631.291483861,-2179960.014139978
proposal_phase2_school,A07,474149.42119249376,-2566709.0867477977,-2851198.739463294,-2377049.3182708
proposal_phase2_school,network_life,381100.53167211544,-2788869.3139966885,,-2407768.782324573
proposal_phase2_school,hx_scale_exp,318225.21938580554,-2757431.6578535335,,-2439206.438467728
proposal_phase2_school,A10,312119.8551660427,-2586803.459085181,-2448016.915115334,-2760136.770281377
proposal_phase2_school,gas_price,292243.30170297297,-2744440.699012117,-2452197.397309144,
proposal_phase2_school,A02,258693.14124070806,-2619909.4582769163,-2458177.272482134,-2716870.413722842
proposal_phase2_school,steam_price,82884.8701216057,-2556876.613099828,,-2639761.4832214336
proposal_phase2_school,A18,67657.10938749881,-2598974.664528253,-2631819.794670569,-2564162.68528307
