run_id,scenario,hp_frac,tank_hours,assumption_set,varied,level,is_reference,param_A01,param_A02,param_A03,param_A04,param_A05,param_A06,param_A07,param_A08,param_A09,param_A10,param_A11,param_A12,param_A13,param_A15,param_A16,param_A17,param_A18,param_A19,param_A20
S0_hp0.5_tk0_base,S0,0.5,0,base,,base,False,0.7,30.0,7.5,0.77,29318.0,26.0,222.0,0.05,0.289,0.45,0.01,2.2,2.0,2028.0,0.998,0.25,70.0,0.5,0.2
S0_hp0.5_tk2_base,S0,0.5,2,base,,base,False,0.7,30.0,7.5,0.77,29318.0,26.0,222.0,0.05,0.289,0.45,0.01,2.2,2.0,2028.0,0.998,0.25,70.0,0.5,0.2
S0_hp0.5_tk6_base,S0,0.5,6,base,,base,False,0.7,30.0,7.5,0.77,29318.0,26.0,222.0,0.05,0.289,0.45,0.01,2.2,2.0,2028.0,0.998,0.25,70.0,0.5,0.2
S0_hp0.75_tk0_base,S0,0.75,0,base,,base,False,0.7,30.0,7.5,0.77,29318.0,26.0,222.0,0.05,0.289,0.45,0.01,2.2,2.0,2028.0,0.998,0.25,70.0,0.5,0.2
S0_hp0.75_tk2_base,S0,0.75,2,base,,base,True,0.7,30.0,7.5,0.77,29318.0,26.0,222.0,0.05,0.289,0.45,0.01,2.2,2.0,2028.0,0.998,0.25,70.0,0.5,0.2
S0_hp0.75_tk6_base,S0,0.75,6,base,,base,False,0.7,30.0,7.5,0.77,29318.0,26.0,222.0,0.05,0.289,0.45,0.01,2.2,2.0,2028.0,0.998,0.25,70.0,0.5,0.2
S0_hp1_tk0_base,S0,1.0,0,base,,base,False,0.7,30.0,7.5,0.77,29318.0,26.0,222.0,0.05,0.289,0.45,0.01,2.2,2.0,2028.0,0.998,0.25,70.0,0.5,0.2
S0_hp1_tk2_base,S0,1.0,2,base,,base,False,0.7,30.0,7.5,0.77,29318.0,26.0,222.0,0.05,0.289,0.45,0.01,2.2,2.0,2028.0,0.998,0.25,70.0,0.5,0.2
S0_hp1_tk6_base,S0,1.0,6,base,,base,False,0.7,30.0,7.5,0.77,29318.0,26.0,222.0,0.05,0.289,0.45,0.01,2.2,2.0,2028.0,0.998,0.25,70.0,0.5,0.2
S0_hp0.75_tk2_A01_low,S0,0.75,2,A01_low,A01,low,True,0.5,30.0,7.5,0.77,29318.0,26.0,222.0,0.05,0.289,0.45,0.01,2.2,2.0,2028.0,0.998,0.25,70.0,0.5,0.2
S0_hp0.75_tk2_A01_high,S0,0.75,2,A01_high,A01,high,True,0.9,30.0,7.5,0.77,29318.0,26.0,222.0,0.05,0.289,0.45,0.01,2.2,2.0,2028.0,0.998,0.25,70.0,0.5,0.2
S0_hp0.75_tk2_A02_low,S0,0.75,2,A02_low,A02,low,True,0.7,27.0,7.5,0.77,29318.0,26.0,222.0,0.05,0.289,0.45,0.01,2.2,2.0,2028.0,0.998,0.25,70.0,0.5,0.2
S0_hp0.75_tk2_A02_high,S0,0.75,2,A02_high,A02,high,True,0.7,35.0,7.5,0.77,29318.0,26.0,222.0,0.05,0.289,0.45,0.01,2.2,2.0,2028.0,0.998,0.25,70.0,0.5,0.2
S0_hp0.75_tk2_A03_low,S0,0.75,2,A03_low,A03,low,True,0.7,30.0,6.0,0.77,29318.0,26.0,222.0,0.05,0.289,0.45,0.01,2.2,2.0,2028.0,0.998,0.25,70.0,0.5,0.2
S0_hp0.75_tk2_A03_high,S0,0.75,2,A03_high,A03,high,True,0.7,30.0,9.0,0.77,29318.0,26.0,222.0,0.05,0.289,0.45,0.01,2.2,2.0,2028.0,0.998,0.25,70.0,0.5,0.2
S0_hp0.75_tk2_A04_low,S0,0.75,2,A04_low,A04,low,True,0.7,30.0,7.5,0.7,29318.0,26.0,222.0,0.05,0.289,0.45,0.01,2.2,2.0,2028.0,0.998,0.25,70.0,0.5,0.2
S0_hp0.75_tk2_A04_high,S0,0.75,2,A04_high,A04,high,True,0.7,30.0,7.5,0.85,29318.0,26.0,222.0,0.05,0.289,0.45,0.01,2.2,2.0,2028.0,0.998,0.25,70.0,0.5,0.2
S0_hp0.75_tk2_A10_low,S0,0.75,2,A10_low,A10,low,True,0.7,30.0,7.5,0.77,29318.0,26.0,222.0,0.05,0.289,0.4,0.01,2.2,2.0,2028.0,0.998,0.25,70.0,0.5,0.2
S0_hp0.75_tk2_A10_high,S0,0.75,2,A10_high,A10,high,True,0.7,30.0,7.5,0.77,29318.0,26.0,222.0,0.05,0.289,0.5,0.01,2.2,2.0,2028.0,0.998,0.25,70.0,0.5,0.2
S0_hp0.75_tk2_A11_low,S0,0.75,2,A11_low,A11,low,True,0.7,30.0,7.5,0.77,29318.0,26.0,222.0,0.05,0.289,0.45,0.005,2.2,2.0,2028.0,0.998,0.25,70.0,0.5,0.2
S0_hp0.75_tk2_A11_high,S0,0.75,2,A11_high,A11,high,True,0.7,30.0,7.5,0.77,29318.0,26.0,222.0,0.05,0.289,0.45,0.03,2.2,2.0,2028.0,0.998,0.25,70.0,0.5,0.2
S0_hp0.75_tk2_A16_low,S0,0.75,2,A16_low,A16,low,True,0.7,30.0,7.5,0.77,29318.0,26.0,222.0,0.05,0.289,0.45,0.01,2.2,2.0,2028.0,0.998,0.25,70.0,0.5,0.2
S0_hp0.75_tk2_A16_high,S0,0.75,2,A16_high,A16,high,True,0.7,30.0,7.5,0.77,29318.0,26.0,222.0,0.05,0.289,0.45,0.01,2.2,2.0,2028.0,1.0,0.25,70.0,0.5,0.2
S0_hp0.75_tk2_A17_low,S0,0.75,2,A17_low,A17,low,True,0.7,30.0,7.5,0.77,29318.0,26.0,222.0,0.05,0.289,0.45,0.01,2.2,2.0,2028.0,0.998,0.0,70.0,0.5,0.2
S0_hp0.75_tk2_A17_high,S0,0.75,2,A17_high,A17,high,True,0.7,30.0,7.5,0.77,29318.0,26.0,222.0,0.05,0.289,0.45,0.01,2.2,2.0,2028.0,0.998,0.25,70.0,0.5,0.2
S0_hp0.75_tk2_A18_low,S0,0.75,2,A18_low,A18,low,True,0.7,30.0,7.5,0.77,29318.0,26.0,222.0,0.05,0.289,0.45,0.01,2.2,2.0,2028.0,0.998,0.25,60.0,0.5,0.2
S0_hp0.75_tk2_A18_high,S0,0.75,2,A18_high,A18,high,True,0.7,30.0,7.5,0.77,29318.0,26.0,222.0,0.05,0.289,0.45,0.01,2.2,2.0,2028.0,0.998,0.25,80.0,0.5,0.2
S0_hp0.75_tk2_A19_low,S0,0.75,2,A19_low,A19,low,True,0.7,30.0,7.5,0.77,29318.0,26.0,222.0,0.05,0.289,0.45,0.01,2.2,2.0,2028.0,0.998,0.25,70.0,0.4,0.2
S0_hp0.75_tk2_A19_high,S0,0.75,2,A19_high,A19,high,True,0.7,30.0,7.5,0.77,29318.0,26.0,222.0,0.05,0.289,0.45,0.01,2.2,2.0,2028.0,0.998,0.25,70.0,0.6,0.2
S0_hp0.75_tk2_A20_low,S0,0.75,2,A20_low,A20,low,True,0.7,30.0,7.5,0.77,29318.0,26.0,222.0,0.05,0.289,0.45,0.01,2.2,2.0,2028.0,0.998,0.25,70.0,0.5,0.05
S0_hp0.75_tk2_A20_high,S0,0.75,2,A20_high,A20,high,True,0.7,30.0,7.5,0.77,29318.0,26.0,222.0,0.05,0.289,0.45,0.01,2.2,2.0,2028.0,0.998,0.25,70.0,0.5,0.3
S1_hp0.5_tk0_base,S1,0.5,0,base,,base,False,0.7,30.0,7.5,0.77,29318.0,26.0,222.0,0.05,0.289,0.45,0.01,2.2,2.0,2028.0,0.998,0.25,70.0,0.5,0.2
S1_hp0.5_tk2_base,S1,0.5,2,base,,base,False,0.7,30.0,7.5,0.77,29318.0,26.0,222.0,0.05,0.289,0.45,0.01,2.2,2.0,2028.0,0.998,0.25,70.0,0.5,0.2
S1_hp0.5_tk6_base,S1,0.5,6,base,,base,False,0.7,30.0,7.5,0.77,29318.0,26.0,222.0,0.05,0.289,0.45,0.01,2.2,2.0,2028.0,0.998,0.25,70.0,0.5,0.2
S1_hp0.75_tk0_base,S1,0.75,0,base,,base,False,0.7,30.0,7.5,0.77,29318.0,26.0,222.0,0.05,0.289,0.45,0.01,2.2,2.0,2028.0,0.998,0.25,70.0,0.5,0.2
S1_hp0.75_tk2_base,S1,0.75,2,base,,base,True,0.7,30.0,7.5,0.77,29318.0,26.0,222.0,0.05,0.289,0.45,0.01,2.2,2.0,2028.0,0.998,0.25,70.0,0.5,0.2
S1_hp0.75_tk6_base,S1,0.75,6,base,,base,False,0.7,30.0,7.5,0.77,29318.0,26.0,222.0,0.05,0.289,0.45,0.01,2.2,2.0,2028.0,0.998,0.25,70.0,0.5,0.2
S1_hp1_tk0_base,S1,1.0,0,base,,base,False,0.7,30.0,7.5,0.77,29318.0,26.0,222.0,0.05,0.289,0.45,0.01,2.2,2.0,2028.0,0.998,0.25,70.0,0.5,0.2
S1_hp1_tk2_base,S1,1.0,2,base,,base,False,0.7,30.0,7.5,0.77,29318.0,26.0,222.0,0.05,0.289,0.45,0.01,2.2,2.0,2028.0,0.998,0.25,70.0,0.5,0.2
S1_hp1_tk6_base,S1,1.0,6,base,,base,False,0.7,30.0,7.5,0.77,29318.0,26.0,222.0,0.05,0.289,0.45,0.01,2.2,2.0,2028.0,0.998,0.25,70.0,0.5,0.2
S1_hp0.75_tk2_A01_low,S1,0.75,2,A01_low,A01,low,True,0.5,30.0,7.5,0.77,29318.0,26.0,222.0,0.05,0.289,0.45,0.01,2.2,2.0,2028.0,0.998,0.25,70.0,0.5,0.2
S1_hp0.75_tk2_A01_high,S1,0.75,2,A01_high,A01,high,True,0.9,30.0,7.5,0.77,29318.0,26.0,222.0,0.05,0.289,0.45,0.01,2.2,2.0,2028.0,0.998,0.25,70.0,0.5,0.2
S1_hp0.75_tk2_A02_low,S1,0.75,2,A02_low,A02,low,True,0.7,27.0,7.5,0.77,29318.0,26.0,222.0,0.05,0.289,0.45,0.01,2.2,2.0,2028.0,0.998,0.25,70.0,0.5,0.2
S1_hp0.75_tk2_A02_high,S1,0.75,2,A02_high,A02,high,True,0.7,35.0,7.5,0.77,29318.0,26.0,222.0,0.05,0.289,0.45,0.01,2.2,2.0,2028.0,0.998,0.25,70.0,0.5,0.2
S1_hp0.75_tk2_A03_low,S1,0.75,2,A03_low,A03,low,True,0.7,30.0,6.0,0.77,29318.0,26.0,222.0,0.05,0.289,0.45,0.01,2.2,2.0,2028.0,0.998,0.25,70.0,0.5,0.2
S1_hp0.75_tk2_A03_high,S1,0.75,2,A03_high,A03,high,True,0.7,30.0,9.0,0.77,29318.0,26.0,222.0,0.05,0.289,0.45,0.01,2.2,2.0,2028.0,0.998,0.25,70.0,0.5,0.2
S1_hp0.75_tk2_A04_low,S1,0.75,2,A04_low,A04,low,True,0.7,30.0,7.5,0.7,29318.0,26.0,222.0,0.05,0.289,0.45,0.01,2.2,2.0,2028.0,0.998,0.25,70.0,0.5,0.2
S1_hp0.75_tk2_A04_high,S1,0.75,2,A04_high,A04,high,True,0.7,30.0,7.5,0.85,29318.0,26.0,222.0,0.05,0.289,0.45,0.01,2.2,2.0,2028.0,0.998,0.25,70.0,0.5,0.2
S1_hp0.75_tk2_A10_low,S1,0.75,2,A10_low,A10,low,True,0.7,30.0,7.5,0.77,29318.0,26.0,222.0,0.05,0.289,0.4,0.01,2.2,2.0,2028.0,0.998,0.25,70.0,0.5,0.2
S1_hp0.75_tk2_A10_high,S1,0.75,2,A10_high,A10,high,True,0.7,30.0,7.5,0.77,29318.0,26.0,222.0,0.05,0.289,0.5,0.01,2.2,2.0,2028.0,0.998,0.25,70.0,0.5,0.2
S1_hp0.75_tk2_A11_low,S1,0.75,2,A11_low,A11,low,True,0.7,30.0,7.5,0.77,29318.0,26.0,222.0,0.05,0.289,0.45,0.005,2.2,2.0,2028.0,0.998,0.25,70.0,0.5,0.2
S1_hp0.75_tk2_A11_high,S1,0.75,2,A11_high,A11,high,True,0.7,30.0,7.5,0.77,29318.0,26.0,222.0,0.05,0.289,0.45,0.03,2.2,2.0,2028.0,0.998,0.25,70.0,0.5,0.2
S1_hp0.75_tk2_A16_low,S1,0.75,2,A16_low,A16,low,True,0.7,30.0,7.5,0.77,29318.0,26.0,222.0,0.05,0.289,0.45,0.01,2.2,2.0,2028.0,0.998,0.25,70.0,0.5,0.2
S1_hp0.75_tk2_A16_high,S1,0.75,2,A16_high,A16,high,True,0.7,30.0,7.5,0.77,29318.0,26.0,222.0,0.05,0.289,0.45,0.01,2.2,2.0,2028.0,1.0,0.25,70.0,0.5,0.2
S1_hp0.75_tk2_A17_low,S1,0.75,2,A17_low,A17,low,True,0.7,30.0,7.5,0.77,29318.0,26.0,222.0,0.05,0.289,0.45,0.01,2.2,2.0,2028.0,0.998,0.0,70.0,0.5,0.2
S1_hp0.75_tk2_A17_high,S1,0.75,2,A17_high,A17,high,True,0.7,30.0,7.5,0.77,29318.0,26.0,222.0,0.05,0.289,0.45,0.01,2.2,2.0,2028.0,0.998,0.25,70.0,0.5,0.2
S1_hp0.75_tk2_A18_low,S1,0.75,2,A18_low,A18,low,True,0.7,30.0,7.5,0.77,29318.0,26.0,222.0,0.05,0.289,0.45,0.01,2.2,2.0,2028.0,0.998,0.25,60.0,0.5,0.2
S1_hp0.75_tk2_A18_high,S1,0.75,2,A18_high,A18,high,True,0.7,30.0,7.5,0.77,29318.0,26.0,222.0,0.05,0.289,0.45,0.01,2.2,2.0,2028.0,0.998,0.25,80.0,0.5,0.2
S1_hp0.75_tk2_A19_low,S1,0.75,2,A19_low,A19,low,True,0.7,30.0,7.5,0.77,29318.0,26.0,222.0,0.05,0.289,0.45,0.01,2.2,2.0,2028.0,0.998,0.25,70.0,0.4,0.2
S1_hp0.75_tk2_A19_high,S1,0.75,2,A19_high,A19,high,True,0.7,30.0,7.5,0.77,29318.0,26.0,222.0,0.05,0.289,0.45,0.01,2.2,2.0,2028.0,0.998,0.25,70.0,0.6,0.2
S1_hp0.75_tk2_A20_low,S1,0.75,2,A20_low,A20,low,True,0.7,30.0,7.5,0.77,29318.0,26.0,222.0,0.05,0.289,0.45,0.01,2.2,2.0,2028.0,0.998,0.25,70.0,0.5,0.05
S1_hp0.75_tk2_A20_high,S1,0.75,2,A20_high,A20,high,True,0.7,30.0,7.5,0.77,29318.0,26.0,222.0,0.05,0.289,0.45,0.01,2.2,2.0,2028.0,0.998,0.25,70.0,0.5,0.3
S2_hp0.5_tk0_base,S2,0.5,0,base,,base,False,0.7,30.0,7.5,0.77,29318.0,26.0,222.0,0.05,0.289,0.45,0.01,2.2,2.0,2028.0,0.998,0.25,70.0,0.5,0.2
S2_hp0.5_tk2_base,S2,0.5,2,base,,base,False,0.7,30.0,7.5,0.77,29318.0,26.0,222.0,0.05,0.289,0.45,0.01,2.2,2.0,2028.0,0.998,0.25,70.0,0.5,0.2
S2_hp0.5_tk6_base,S2,0.5,6,base,,base,False,0.7,30.0,7.5,0.77,29318.0,26.0,222.0,0.05,0.289,0.45,0.01,2.2,2.0,2028.0,0.998,0.25,70.0,0.5,0.2
S2_hp0.75_tk0_base,S2,0.75,0,base,,base,False,0.7,30.0,7.5,0.77,29318.0,26.0,222.0,0.05,0.289,0.45,0.01,2.2,2.0,2028.0,0.998,0.25,70.0,0.5,0.2
S2_hp0.75_tk2_base,S2,0.75,2,base,,base,True,0.7,30.0,7.5,0.77,29318.0,26.0,222.0,0.05,0.289,0.45,0.01,2.2,2.0,2028.0,0.998,0.25,70.0,0.5,0.2
S2_hp0.75_tk6_base,S2,0.75,6,base,,base,False,0.7,30.0,7.5,0.77,29318.0,26.0,222.0,0.05,0.289,0.45,0.01,2.2,2.0,2028.0,0.998,0.25,70.0,0.5,0.2
S2_hp1_tk0_base,S2,1.0,0,base,,base,False,0.7,30.0,7.5,0.77,29318.0,26.0,222.0,0.05,0.289,0.45,0.01,2.2,2.0,2028.0,0.998,0.25,70.0,0.5,0.2
S2_hp1_tk2_base,S2,1.0,2,base,,base,False,0.7,30.0,7.5,0.77,29318.0,26.0,222.0,0.05,0.289,0.45,0.01,2.2,2.0,2028.0,0.998,0.25,70.0,0.5,0.2
S2_hp1_tk6_base,S2,1.0,6,base,,base,False,0.7,30.0,7.5,0.77,29318.0,26.0,222.0,0.05,0.289,0.45,0.01,2.2,2.0,2028.0,0.998,0.25,70.0,0.5,0.2
S2_hp0.75_tk2_A01_low,S2,0.75,2,A01_low,A01,low,True,0.5,30.0,7.5,0.77,29318.0,26.0,222.0,0.05,0.289,0.45,0.01,2.2,2.0,2028.0,0.998,0.25,70.0,0.5,0.2
S2_hp0.75_tk2_A01_high,S2,0.75,2,A01_high,A01,high,True,0.9,30.0,7.5,0.77,29318.0,26.0,222.0,0.05,0.289,0.45,0.01,2.2,2.0,2028.0,0.998,0.25,70.0,0.5,0.2
S2_hp0.75_tk2_A02_low,S2,0.75,2,A02_low,A02,low,True,0.7,27.0,7.5,0.77,29318.0,26.0,222.0,0.05,0.289,0.45,0.01,2.2,2.0,2028.0,0.998,0.25,70.0,0.5,0.2
S2_hp0.75_tk2_A02_high,S2,0.75,2,A02_high,A02,high,True,0.7,35.0,7.5,0.77,29318.0,26.0,222.0,0.05,0.289,0.45,0.01,2.2,2.0,2028.0,0.998,0.25,70.0,0.5,0.2
S2_hp0.75_tk2_A03_low,S2,0.75,2,A03_low,A03,low,True,0.7,30.0,6.0,0.77,29318.0,26.0,222.0,0.05,0.289,0.45,0.01,2.2,2.0,2028.0,0.998,0.25,70.0,0.5,0.2
S2_hp0.75_tk2_A03_high,S2,0.75,2,A03_high,A03,high,True,0.7,30.0,9.0,0.77,29318.0,26.0,222.0,0.05,0.289,0.45,0.01,2.2,2.0,2028.0,0.998,0.25,70.0,0.5,0.2
S2_hp0.75_tk2_A04_low,S2,0.75,2,A04_low,A04,low,True,0.7,30.0,7.5,0.7,29318.0,26.0,222.0,0.05,0.289,0.45,0.01,2.2,2.0,2028.0,0.998,0.25,70.0,0.5,0.2
S2_hp0.75_tk2_A04_high,S2,0.75,2,A04_high,A04,high,True,0.7,30.0,7.5,0.85,29318.0,26.0,222.0,0.05,0.289,0.45,0.01,2.2,2.0,2028.0,0.998,0.25,70.0,0.5,0.2
S2_hp0.75_tk2_A10_low,S2,0.75,2,A10_low,A10,low,True,0.7,30.0,7.5,0.77,29318.0,26.0,222.0,0.05,0.289,0.4,0.01,2.2,2.0,2028.0,0.998,0.25,70.0,0.5,0.2
S2_hp0.75_tk2_A10_high,S2,0.75,2,A10_high,A10,high,True,0.7,30.0,7.5,0.77,29318.0,26.0,222.0,0.05,0.289,0.5,0.01,2.2,2.0,2028.0,0.998,0.25,70.0,0.5,0.2
S2_hp0.75_tk2_A11_low,S2,0.75,2,A11_low,A11,low,True,0.7,30.0,7.5,0.77,29318.0,26.0,222.0,0.05,0.289,0.45,0.005,2.2,2.0,2028.0,0.998,0.25,70.0,0.5,0.2
S2_hp0.75_tk2_A11_high,S2,0.75,2,A11_high,A11,high,True,0.7,30.0,7.5,0.77,29318.0,26.0,222.0,0.05,0.289,0.45,0.03,2.2,2.0,2028.0,0.998,0.25,70.0,0.5,0.2
S2_hp0.75_tk2_A16_low,S2,0.75,2,A16_low,A16,low,True,0.7,30.0,7.5,0.77,29318.0,26.0,222.0,0.05,0.289,0.45,0.01,2.2,2.0,2028.0,0.998,0.25,70.0,0.5,0.2
S2_hp0.75_tk2_A16_high,S2,0.75,2,A16_high,A16,high,True,0.7,30.0,7.5,0.77,29318.0,26.0,222.0,0.05,0.289,0.45,0.01,2.2,2.0,2028.0,1.0,0.25,70.0,0.5,0.2
S2_hp0.75_tk2_A17_low,S2,0.75,2,A17_low,A17,low,True,0.7,30.0,7.5,0.77,29318.0,26.0,222.0,0.05,0.289,0.45,0.01,2.2,2.0,2028.0,0.998,0.0,70.0,0.5,0.2
S2_hp0.75_tk2_A17_high,S2,0.75,2,A17_high,A17,high,True,0.7,30.0,7.5,0.77,29318.0,26.0,222.0,0.05,0.289,0.45,0.01,2.2,2.0,2028.0,0.998,0.25,70.0,0.5,0.2
S2_hp0.75_tk2_A18_low,S2,0.75,2,A18_low,A18,low,True,0.7,30.0,7.5,0.77,29318.0,26.0,222.0,0.05,0.289,0.45,0.01,2.2,2.0,2028.0,0.998,0.25,60.0,0.5,0.2
S2_hp0.75_tk2_A18_high,S2,0.75,2,A18_high,A18,high,True,0.7,30.0,7.5,0.77,29318.0,26.0,222.0,0.05,0.289,0.45,0.01,2.2,2.0,2028.0,0.998,0.25,80.0,0.5,0.2
S2_hp0.75_tk2_A19_low,S2,0.75,2,A19_low,A19,low,True,0.7,30.0,7.5,0.77,29318.0,26.0,222.0,0.05,0.289,0.45,0.01,2.2,2.0,2028.0,0.998,0.25,70.0,0.4,0.2
S2_hp0.75_tk2_A19_high,S2,0.75,2,A19_high,A19,high,True,0.7,30.0,7.5,0.77,29318.0,26.0,222.0,0.05,0.289,0.45,0.01,2.2,2.0,2028.0,0.998,0.25,70.0,0.6,0.2
S2_hp0.75_tk2_A20_low,S2,0.75,2,A20_low,A20,low,True,0.7,30.0,7.5,0.77,29318.0,26.0,222.0,0.05,0.289,0.45,0.01,2.2,2.0,2028.0,0.998,0.25,70.0,0.5,0.05
S2_hp0.75_tk2_A20_high,S2,0.75,2,A20_high,A20,high,True,0.7,30.0,7.5,0.77,29318.0,26.0,222.0,0.05,0.289,0.45,0.01,2.2,2.0,2028.0,0.998,0.25,70.0,0.5,0.3
S3_hp0.5_tk0_base,S3,0.5,0,base,,base,False,0.7,30.0,7.5,0.77,29318.0,26.0,222.0,0.05,0.289,0.45,0.01,2.2,2.0,2028.0,0.998,0.25,70.0,0.5,0.2
S3_hp0.5_tk2_base,S3,0.5,2,base,,base,False,0.7,30.0,7.5,0.77,29318.0,26.0,222.0,0.05,0.289,0.45,0.01,2.2,2.0,2028.0,0.998,0.25,70.0,0.5,0.2
S3_hp0.5_tk6_base,S3,0.5,6,base,,base,False,0.7,30.0,7.5,0.77,29318.0,26.0,222.0,0.05,0.289,0.45,0.01,2.2,2.0,2028.0,0.998,0.25,70.0,0.5,0.2
S3_hp0.75_tk0_base,S3,0.75,0,base,,base,False,0.7,30.0,7.5,0.77,29318.0,26.0,222.0,0.05,0.289,0.45,0.01,2.2,2.0,2028.0,0.998,0.25,70.0,0.5,0.2
S3_hp0.75_tk2_base,S3,0.75,2,base,,base,True,0.7,30.0,7.5,0.77,29318.0,26.0,222.0,0.05,0.289,0.45,0.01,2.2,2.0,2028.0,0.998,0.25,70.0,0.5,0.2
S3_hp0.75_tk6_base,S3,0.75,6,base,,base,False,0.7,30.0,7.5,0.77,29318.0,26.0,222.0,0.05,0.289,0.45,0.01,2.2,2.0,2028.0,0.998,0.25,70.0,0.5,0.2
S3_hp1_tk0_base,S3,1.0,0,base,,base,False,0.7,30.0,7.5,0.77,29318.0,26.0,222.0,0.05,0.289,0.45,0.01,2.2,2.0,2028.0,0.998,0.25,70.0,0.5,0.2
S3_hp1_tk2_base,S3,1.0,2,base,,base,False,0.7,30.0,7.5,0.77,29318.0,26.0,222.0,0.05,0.289,0.45,0.01,2.2,2.0,2028.0,0.998,0.25,70.0,0.5,0.2
S3_hp1_tk6_base,S3,1.0,6,base,,base,False,0.7,30.0,7.5,0.77,29318.0,26.0,222.0,0.05,0.289,0.45,0.01,2.2,2.0,2028.0,0.998,0.25,70.0,0.5,0.2
S3_hp0.75_tk2_A01_low,S3,0.75,2,A01_low,A01,low,True,0.5,30.0,7.5,0.77,29318.0,26.0,222.0,0.05,0.289,0.45,0.01,2.2,2.0,2028.0,0.998,0.25,70.0,0.5,0.2
S3_hp0.75_tk2_A01_high,S3,0.75,2,A01_high,A01,high,True,0.9,30.0,7.5,0.77,29318.0,26.0,222.0,0.05,0.289,0.45,0.01,2.2,2.0,2028.0,0.998,0.25,70.0,0.5,0.2
S3_hp0.75_tk2_A02_low,S3,0.75,2,A02_low,A02,low,True,0.7,27.0,7.5,0.77,29318.0,26.0,222.0,0.05,0.289,0.45,0.01,2.2,2.0,2028.0,0.998,0.25,70.0,0.5,0.2
S3_hp0.75_tk2_A02_high,S3,0.75,2,A02_high,A02,high,True,0.7,35.0,7.5,0.77,29318.0,26.0,222.0,0.05,0.289,0.45,0.01,2.2,2.0,2028.0,0.998,0.25,70.0,0.5,0.2
S3_hp0.75_tk2_A03_low,S3,0.75,2,A03_low,A03,low,True,0.7,30.0,6.0,0.77,29318.0,26.0,222.0,0.05,0.289,0.45,0.01,2.2,2.0,2028.0,0.998,0.25,70.0,0.5,0.2
S3_hp0.75_tk2_A03_high,S3,0.75,2,A03_high,A03,high,True,0.7,30.0,9.0,0.77,29318.0,26.0,222.0,0.05,0.289,0.45,0.01,2.2,2.0,2028.0,0.998,0.25,70.0,0.5,0.2
S3_hp0.75_tk2_A04_low,S3,0.75,2,A04_low,A04,low,True,0.7,30.0,7.5,0.7,29318.0,26.0,222.0,0.05,0.289,0.45,0.01,2.2,2.0,2028.0,0.998,0.25,70.0,0.5,0.2
S3_hp0.75_tk2_A04_high,S3,0.75,2,A04_high,A04,high,True,0.7,30.0,7.5,0.85,29318.0,26.0,222.0,0.05,0.289,0.45,0.01,2.2,2.0,2028.0,0.998,0.25,70.0,0.5,0.2
S3_hp0.75_tk2_A10_low,S3,0.75,2,A10_low,A10,low,True,0.7,30.0,7.5,0.77,29318.0,26.0,222.0,0.05,0.289,0.4,0.01,2.2,2.0,2028.0,0.998,0.25,70.0,0.5,0.2
S3_hp0.75_tk2_A10_high,S3,0.75,2,A10_high,A10,high,True,0.7,30.0,7.5,0.77,29318.0,26.0,222.0,0.05,0.289,0.5,0.01,2.2,2.0,2028.0,0.998,0.25,70.0,0.5,0.2
S3_hp0.75_tk2_A11_low,S3,0.75,2,A11_low,A11,low,True,0.7,30.0,7.5,0.77,29318.0,26.0,222.0,0.05,0.289,0.45,0.005,2.2,2.0,2028.0,0.998,0.25,70.0,0.5,0.2
S3_hp0.75_tk2_A11_high,S3,0.75,2,A11_high,A11,high,True,0.7,30.0,7.5,0.77,29318.0,26.0,222.0,0.05,0.289,0.45,0.03,2.2,2.0,2028.0,0.998,0.25,70.0,0.5,0.2
S3_hp0.75_tk2_A16_low,S3,0.75,2,A16_low,A16,low,True,0.7,30.0,7.5,0.77,29318.0,26.0,222.0,0.05,0.289,0.45,0.01,2.2,2.0,2028.0,0.998,0.25,70.0,0.5,0.2
S3_hp0.75_tk2_A16_high,S3,0.75,2,A16_high,A16,high,True,0.7,30.0,7.5,0.77,29318.0,26.0,222.0,0.05,0.289,0.45,0.01,2.2,2.0,2028.0,1.0,0.25,70.0,0.5,0.2
S3_hp0.75_tk2_A17_low,S3,0.75,2,A17_low,A17,low,True,0.7,30.0,7.5,0.77,29318.0,26.0,222.0,0.05,0.289,0.45,0.01,2.2,2.0,2028.0,0.998,0.0,70.0,0.5,0.2
S3_hp0.75_tk2_A17_high,S3,0.75,2,A17_high,A17,high,True,0.7,30.0,7.5,0.77,29318.0,26.0,222.0,0.05,0.289,0.45,0.01,2.2,2.0,2028.0,0.998,0.25,70.0,0.5,0.2
S3_hp0.75_tk2_A18_low,S3,0.75,2,A18_low,A18,low,True,0.7,30.0,7.5,0.77,29318.0,26.0,222.0,0.05,0.289,0.45,0.01,2.2,2.0,2028.0,0.998,0.25,60.0,0.5,0.2
S3_hp0.75_tk2_A18_high,S3,0.75,2,A18_high,A18,high,True,0.7,30.0,7.5,0.77,29318.0,26.0,222.0,0.05,0.289,0.45,0.01,2.2,2.0,2028.0,0.998,0.25,80.0,0.5,0.2
S3_hp0.75_tk2_A19_low,S3,0.75,2,A19_low,A19,low,True,0.7,30.0,7.5,0.77,29318.0,26.0,222.0,0.05,0.289,0.45,0.01,2.2,2.0,2028.0,0.998,0.25,70.0,0.4,0.2
S3_hp0.75_tk2_A19_high,S3,0.75,2,A19_high,A19,high,True,0.7,30.0,7.5,0.77,29318.0,26.0,222.0,0.05,0.289,0.45,0.01,2.2,2.0,2028.0,0.998,0.25,70.0,0.6,0.2
S3_hp0.75_tk2_A20_low,S3,0.75,2,A20_low,A20,low,True,0.7,30.0,7.5,0.77,29318.0,26.0,222.0,0.05,0.289,0.45,0.01,2.2,2.0,2028.0,0.998,0.25,70.0,0.5,0.05
S3_hp0.75_tk2_A20_high,S3,0.75,2,A20_high,A20,high,True,0.7,30.0,7.5,0.77,29318.0,26.0,222.0,0.05,0.289,0.45,0.01,2.2,2.0,2028.0,0.998,0.25,70.0,0.5,0.3
S3R_hp0.5_tk0_base,S3R,0.5,0,base,,base,False,0.7,30.0,7.5,0.77,29318.0,26.0,222.0,0.05,0.289,0.45,0.01,2.2,2.0,2028.0,0.998,0.25,70.0,0.5,0.2
S3R_hp0.5_tk2_base,S3R,0.5,2,base,,base,False,0.7,30.0,7.5,0.77,29318.0,26.0,222.0,0.05,0.289,0.45,0.01,2.2,2.0,2028.0,0.998,0.25,70.0,0.5,0.2
S3R_hp0.5_tk6_base,S3R,0.5,6,base,,base,False,0.7,30.0,7.5,0.77,29318.0,26.0,222.0,0.05,0.289,0.45,0.01,2.2,2.0,2028.0,0.998,0.25,70.0,0.5,0.2
S3R_hp0.75_tk0_base,S3R,0.75,0,base,,base,False,0.7,30.0,7.5,0.77,29318.0,26.0,222.0,0.05,0.289,0.45,0.01,2.2,2.0,2028.0,0.998,0.25,70.0,0.5,0.2
S3R_hp0.75_tk2_base,S3R,0.75,2,base,,base,True,0.7,30.0,7.5,0.77,29318.0,26.0,222.0,0.05,0.289,0.45,0.01,2.2,2.0,2028.0,0.998,0.25,70.0,0.5,0.2
S3R_hp0.75_tk6_base,S3R,0.75,6,base,,base,False,0.7,30.0,7.5,0.77,29318.0,26.0,222.0,0.05,0.289,0.45,0.01,2.2,2.0,2028.0,0.998,0.25,70.0,0.5,0.2
S3R_hp1_tk0_base,S3R,1.0,0,base,,base,False,0.7,30.0,7.5,0.77,29318.0,26.0,222.0,0.05,0.289,0.45,0.01,2.2,2.0,2028.0,0.998,0.25,70.0,0.5,0.2
S3R_hp1_tk2_base,S3R,1.0,2,base,,base,False,0.7,30.0,7.5,0.77,29318.0,26.0,222.0,0.05,0.289,0.45,0.01,2.2,2.0,2028.0,0.998,0.25,70.0,0.5,0.2
S3R_hp1_tk6_base,S3R,1.0,6,base,,base,False,0.7,30.0,7.5,0.77,29318.0,26.0,222.0,0.05,0.289,0.45,0.01,2.2,2.0,2028.0,0.998,0.25,70.0,0.5,0.2
S3R_hp0.75_tk2_A01_low,S3R,0.75,2,A01_low,A01,low,True,0.5,30.0,7.5,0.77,29318.0,26.0,222.0,0.05,0.289,0.45,0.01,2.2,2.0,2028.0,0.998,0.25,70.0,0.5,0.2
S3R_hp0.75_tk2_A01_high,S3R,0.75,2,A01_high,A01,high,True,0.9,30.0,7.5,0.77,29318.0,26.0,222.0,0.05,0.289,0.45,0.01,2.2,2.0,2028.0,0.998,0.25,70.0,0.5,0.2
S3R_hp0.75_tk2_A02_low,S3R,0.75,2,A02_low,A02,low,True,0.7,27.0,7.5,0.77,29318.0,26.0,222.0,0.05,0.289,0.45,0.01,2.2,2.0,2028.0,0.998,0.25,70.0,0.5,0.2
S3R_hp0.75_tk2_A02_high,S3R,0.75,2,A02_high,A02,high,True,0.7,35.0,7.5,0.77,29318.0,26.0,222.0,0.05,0.289,0.45,0.01,2.2,2.0,2028.0,0.998,0.25,70.0,0.5,0.2
S3R_hp0.75_tk2_A03_low,S3R,0.75,2,A03_low,A03,low,True,0.7,30.0,6.0,0.77,29318.0,26.0,222.0,0.05,0.289,0.45,0.01,2.2,2.0,2028.0,0.998,0.25,70.0,0.5,0.2
S3R_hp0.75_tk2_A03_high,S3R,0.75,2,A03_high,A03,high,True,0.7,30.0,9.0,0.77,29318.0,26.0,222.0,0.05,0.289,0.45,0.01,2.2,2.0,2028.0,0.998,0.25,70.0,0.5,0.2
S3R_hp0.75_tk2_A04_low,S3R,0.75,2,A04_low,A04,low,True,0.7,30.0,7.5,0.7,29318.0,26.0,222.0,0.05,0.289,0.45,0.01,2.2,2.0,2028.0,0.998,0.25,70.0,0.5,0.2
S3R_hp0.75_tk2_A04_high,S3R,0.75,2,A04_high,A04,high,True,0.7,30.0,7.5,0.85,29318.0,26.0,222.0,0.05,0.289,0.45,0.01,2.2,2.0,2028.0,0.998,0.25,70.0,0.5,0.2
S3R_hp0.75_tk2_A10_low,S3R,0.75,2,A10_low,A10,low,True,0.7,30.0,7.5,0.77,29318.0,26.0,222.0,0.05,0.289,0.4,0.01,2.2,2.0,2028.0,0.998,0.25,70.0,0.5,0.2
S3R_hp0.75_tk2_A10_high,S3R,0.75,2,A10_high,A10,high,True,0.7,30.0,7.5,0.77,29318.0,26.0,222.0,0.05,0.289,0.5,0.01,2.2,2.0,2028.0,0.998,0.25,70.0,0.5,0.2
S3R_hp0.75_tk2_A11_low,S3R,0.75,2,A11_low,A11,low,True,0.7,30.0,7.5,0.77,29318.0,26.0,222.0,0.05,0.289,0.45,0.005,2.2,2.0,2028.0,0.998,0.25,70.0,0.5,0.2
S3R_hp0.75_tk2_A11_high,S3R,0.75,2,A11_high,A11,high,True,0.7,30.0,7.5,0.77,29318.0,26.0,222.0,0.05,0.289,0.45,0.03,2.2,2.0,2028.0,0.998,0.25,70.0,0.5,0.2
S3R_hp0.75_tk2_A16_low,S3R,0.75,2,A16_low,A16,low,True,0.7,30.0,7.5,0.77,29318.0,26.0,222.0,0.05,0.289,0.45,0.01,2.2,2.0,2028.0,0.998,0.25,70.0,0.5,0.2
S3R_hp0.75_tk2_A16_high,S3R,0.75,2,A16_high,A16,high,True,0.7,30.0,7.5,0.77,29318.0,26.0,222.0,0.05,0.289,0.45,0.01,2.2,2.0,2028.0,1.0,0.25,70.0,0.5,0.2
S3R_hp0.75_tk2_A17_low,S3R,0.75,2,A17_low,A17,low,True,0.7,30.0,7.5,0.77,29318.0,26.0,222.0,0.05,0.289,0.45,0.01,2.2,2.0,2028.0,0.998,0.0,70.0,0.5,0.2
S3R_hp0.75_tk2_A17_high,S3R,0.75,2,A17_high,A17,high,True,0.7,30.0,7.5,0.77,29318.0,26.0,222.0,0.05,0.289,0.45,0.01,2.2,2.0,2028.0,0.998,0.25,70.0,0.5,0.2
S3R_hp0.75_tk2_A18_low,S3R,0.75,2,A18_low,A18,low,True,0.7,30.0,7.5,0.77,29318.0,26.0,222.0,0.05,0.289,0.45,0.01,2.2,2.0,2028.0,0.998,0.25,60.0,0.5,0.2
S3R_hp0.75_tk2_A18_high,S3R,0.75,2,A18_high,A18,high,True,0.7,30.0,7.5,0.77,29318.0,26.0,222.0,0.05,0.289,0.45,0.01,2.2,2.0,2028.0,0.998,0.25,80.0,0.5,0.2
S3R_hp0.75_tk2_A19_low,S3R,0.75,2,A19_low,A19,low,True,0.7,30.0,7.5,0.77,29318.0,26.0,222.0,0.05,0.289,0.45,0.01,2.2,2.0,2028.0,0.998,0.25,70.0,0.4,0.2
S3R_hp0.75_tk2_A19_high,S3R,0.75,2,A19_high,A19,high,True,0.7,30.0,7.5,0.77,29318.0,26.0,222.0,0.05,0.289,0.45,0.01,2.2,2.0,2028.0,0.998,0.25,70.0,0.6,0.2
S3R_hp0.75_tk2_A20_low,S3R,0.75,2,A20_low,A20,low,True,0.7,30.0,7.5,0.77,29318.0,26.0,222.0,0.05,0.289,0.45,0.01,2.2,2.0,2028.0,0.998,0.25,70.0,0.5,0.05
S3R_hp0.75_tk2_A20_high,S3R,0.75,2,A20_high,A20,high,True,0.7,30.0,7.5,0.77,29318.0,26.0,222.0,0.05,0.289,0.45,0.01,2.2,2.0,2028.0,0.998,0.25,70.0,0.5,0.3
