req_id,dimension,deliverable_requirement,sub_item,coverage_class,evidence_files,key_values,remaining_issue,model_ready
TD01,Proposal,Select one setting and justify it for the local context,Site choice and local-context evidence,quantitative_data,"processed/dac_tracts_1km.csv; processed/air_quality_latest.csv; processed/nycha_chelsea_developments.csv; processed/offtaker_candidates_ll84.csv","Tract 36061008300 = designated DAC (combined pct 0.84; LMI 80%); PM2.5 9.5 vs 6.3 ug/m3 city; 69.5 GWh/yr anchor heat demand within 852 m",,Y
TD02,Proposal,Heat source and most suitable users,Offtaker identification and ranking inputs,quantitative_data,"processed/offtaker_candidates_ll84.csv; processed/pluto_lots_1km.csv","895 benchmarked properties <=1 km with 3-yr mean heat fuel, distance, use type, units",Ranking weights not yet set (scoring stage),Y
TD03,Proposal,Network architecture and required infrastructure,Reference architecture in the same neighbourhood,quantitative_data,reference/chelsea_uten_pilot_stage2.csv,"Pilot: 2-pipe ambient loop, 2,500 ft pipe, HX at source, WSHPs in buildings, DHW tanks, n+1 pumps, steam HX backup",Pilot source is 85 10th Ave (not 111 8th); 111 8th would be an added source,Y
T01,Technical,"Capture point, temperature and capacity",Capture point location and type,literature_parameter,"reference/engineering_parameters.csv (E03-E05); reference/chelsea_uten_pilot_stage2.csv","Pilot captures from chilled-water/condenser loop via HX (48/60 F CHW at 85 10th Ave)",Exact tenant capture points at 111 8th unknown (A02),partial
T02,Technical,"Capture point, temperature and capacity",Source temperature,literature_parameter,reference/assumptions_scenarios.csv (A02),"27 / 30 / 35 C (L/B/H); pilot loop 54-97 F heating mode",Tenant loop temperature unresolved,partial
T03,Technical,"Capture point, temperature and capacity",Recoverable capacity,derived,"processed/source_111_8th_annual.csv; reference/assumptions_scenarios.csv (A01)","Whole building 14.9-16.9 MW average (LL84); recoverable ~ x A01 (0.5-0.9) x E01/E02",DC share unresolved (A01),partial
T04,Technical,"Capture point, temperature and capacity",Offtaker (sink) temperatures,quantitative_data,"reference/chelsea_uten_pilot_stage2.csv; reference/engineering_parameters.csv","Existing DHW plants 170 F, delivered 120 F; pilot DHW design 140 F; rebuilt towers designed low-temp (FAQ: electric/renewable)",Rebuilt-tower supply temperature not published,Y
T05,Technical,"Reliability, timing and continuity",Hourly supply-demand matching,derived,"processed/weather_tmyx_hourly.csv; processed/offtaker_candidates_ll84.csv; reference/chelsea_uten_pilot_stage2.csv","8,760 h TMYx; annual demand by building; pilot DHW daily kBtu and 20 h operation; HDH method",No measured hourly load shapes (GAP-04): degree-hour + flat-DHW method must be labelled,partial
T06,Technical,"Reliability, timing and continuity",Seasonality,derived,"processed/weather_tmyx_hourly.csv; reference/engineering_parameters.csv (E17)","HDD18 2,383 (TMYx); summer/winter ratio benchmark 5-30%",,Y
T07,Technical,Heat pumps / thermal upgrading,Heat-pump performance,literature_parameter,"processed/equipment_dea_heat.csv; processed/equipment_eia_building_scale.csv; reference/assumptions_scenarios.csv (A10)","DEA excess-heat HP COP 3.1-4.7; Lorenz eff 0.40-0.50; EIA water-loop HP COP 3.5; HPWH COP 3.9; pilot system heat/electricity 1.77",,Y
T08,Technical,"Reliability, timing and continuity",Network losses,literature_parameter,"reference/engineering_parameters.csv (E13); reference/chelsea_uten_pilot_stage2.csv","Insulated 70-80 C pipe 0.5-1.5%/km; pilot: losses 'minimal' and beneficial in cooling hours",Ambient loop loss treated as ~0 (stated assumption),Y
T09,Technical,"Reliability, timing and continuity",Cooling independence (DC never depends on network),quantitative_data,reference/chelsea_uten_pilot_stage2.csv,"Pilot keeps 4,800-ton tower plant as backup; isolation valves; Con Ed controls acceptance of heat; rejects to source only ~10 h/yr",Design rule H1 for 111 8th still to be specified,Y
T10,Technical,"Reliability, timing and continuity",Thermal storage,literature_parameter,"reference/engineering_parameters.csv (E18, E19); reference/assumptions_scenarios.csv (A13)","TES ~100% round trip, 40+ yr; pilot uses DHW storage tanks per building",Tank size is a design variable (A13),Y
T11,Technical,"Reliability, timing and continuity",Backup and continuity,quantitative_data,"reference/chelsea_uten_pilot_stage2.csv; processed/weather_design_conditions.csv; reference/engineering_parameters.csv (E11, E12)","Pilot backup: new steam service + steam HX, retained radiators; design temp -10.5 C (ASHRAE 2025); DC uptime 99.8%",,Y
E01,Economic + Delivery,Capital and operating costs,Network / distribution CAPEX in Manhattan,quantitative_data,"reference/chelsea_uten_pilot_stage2.csv; processed/chelsea_uten_benchmarks.csv","UDS 11.17 M$ for 1,250 ft route = 29,318 $/route-m; total 84.12 M$ (95.53 M$ incl. contingency)",Pilot-scale (small pipe) cost; scaling factor A05,Y
E02,Economic + Delivery,Capital and operating costs,Building-side (customer) CAPEX,quantitative_data,processed/chelsea_uten_benchmarks.csv,"Customer building construction 18.57 M$ = 63,814 $/apartment (DHW HPs + 1 building HVAC)",,Y
E03,Economic + Delivery,Capital and operating costs,Equipment CAPEX / OPEX (heat pumps; chillers; boilers),literature_parameter,"processed/equipment_dea_heat.csv; processed/equipment_eia_building_scale.csv; processed/macro_cpi_fx.csv","DEA 0.94-1.11 MEUR2020/MWth + fixed O&M ~2,095 EUR/MWth/yr; EIA boiler 56 $/kBtu/h; CPI factor 2020->2025 1.244; EUR/USD 2020 1.141",DEA costs are Danish (use with A05-style caution),Y
E04,Economic + Delivery,Capital and operating costs,Operating cost of network (5-yr),quantitative_data,reference/chelsea_uten_pilot_stage2.csv,"Operational 18.37 M$ over 5 years; SCADA/data 3.64 M$; decommissioning 13.3 M$",Pilot overheads (EM&V) inflate O&M vs a commercial network,Y
E05,Economic + Delivery,Capital and operating costs,Electricity tariff,quantitative_data,"processed/utility_avg_prices_2024.csv; processed/energy_prices_ny_summary.csv; reference/assumptions_scenarios.csv (A07)","Con Ed bundled com 282 $/MWh, res 357; NYPA energy 72 + Con Ed delivery 110; NY com 12-mo 222",Exact NYCHA/NYPA rate not public (scenario A07),Y
E06,Economic + Delivery,Capital and operating costs,Steam tariff (baseline),quantitative_data,"raw/s14_coned_steam_tariff_sc2_rate2.csv; raw/s14_coned_steam_fuel_adjustment.csv; processed/chelsea_uten_benchmarks.csv","SC2 Rate II blocks 16.80-49.56 $/Mlb + demand 2,577.96 $/Mlb/hr; fuel adj. last-12 mean 4.25 $/Mlb; pilot implied marginal steam cost 37.65 $/Mlb = 139.9 $/MWh useful",Full bill needs GRT/surcharges: use pilot-implied marginal cost as base,Y
E07,Economic + Delivery,Revenue / connection models,Heat pricing and revenue,quantitative_data,"reference/chelsea_uten_pilot_stage2.csv; reference/assumptions_scenarios.csv (A06)","Fence price 26 $/MMBtu (88.7 $/MWh); customer 26.63 $/MMBtu + 5,000 $/yr connection; cost-based rate 151.93 $/MBH HX capacity",,Y
E08,Economic + Delivery,Revenue / connection models,Connection model / customer bill impact,quantitative_data,reference/chelsea_uten_pilot_stage2.csv,"Fulton yr-1: steam -375k, thermal +146k, connection +5k, electricity +193k, O&M +30k => net saving 1k $/yr",Shows affordability is marginal at pilot scale - key design target,Y
E09,Economic + Delivery,"Ownership, risks and responsibilities",Ownership and operating responsibilities,quantitative_data,"reference/chelsea_uten_pilot_stage2.csv; reference/reference_cases.csv (R02)","Con Ed (regulated, UTENJA) owns/operates loop & energy centre; NYCHA owns buildings; PACT partners manage; source owner sells heat",,Y
E10,Economic + Delivery,"Ownership, risks and responsibilities",Risk-sharing,qualitative,reference/chelsea_uten_pilot_stage2.csv,"Monthly minimum supply by source with shortfall deduction; customer minimum purchase with capped shortfall payment; 5-yr agreements; 19 M$ infrastructure reusable after rebuild",Qualitative rubric (S5/C6),Y
E11,Economic + Delivery,"Ownership, risks and responsibilities",Financing / incentives / discount rate,quantitative_data,"reference/discount_rates_nist135.csv; reference/chelsea_uten_pilot_stage2.csv","FEMP real 3.0%, nominal 4.2%; ITC not applicable to non-geothermal (Con Ed finding); ratepayer impact +0.06% electric",Developer WACC is an assumption (A08),Y
N01,Environmental,Carbon reduction,Baseline emissions,quantitative_data,"processed/offtaker_candidates_ll84.csv; reference/ll97_emission_coefficients.csv","LL84 fuel by building x LL97 factors (steam 0.153, gas 0.181 t/MWh)",,Y
N02,Environmental,Carbon reduction,Project emissions incl. heat-pump / pump / backup electricity,derived,"reference/ll97_emission_coefficients.csv; reference/assumptions_scenarios.csv (A09, A11); processed/chelsea_uten_benchmarks.csv","Pilot check: 9,961 Mlb steam saved vs +1,514 MWh electricity => ~97 tCO2e/yr net (LL97 2024-29 factors)",Post-2030 grid factor not downloaded (A09 low blank),partial
N03,Environmental,Energy efficiency,Energy reuse (ERF) and system efficiency,derived,"processed/source_111_8th_annual.csv; processed/chelsea_uten_benchmarks.csv; reference/engineering_parameters.csv (E20, E23, E24)","ERF benchmarks: EU 15%, DE 10-20%; pilot heat per added kWh 1.77",ERF denominator needs A01,partial
N04,Environmental,Energy efficiency,Grid peak impact,quantitative_data,"processed/grid_zoneJ_summary_2025.csv; reference/chelsea_uten_pilot_stage2.csv; reference/assumptions_scenarios.csv (A12)","Zone J winter peak 7,552 MW (2025); pilot customer winter peak +320 kW; pilot uses 10-15% more electricity on peak days than ASHP",Pilot evidence contradicts an automatic peak-benefit claim - must be shown honestly,Y
N05,Environmental,Resource optimization,Local combustion / air quality,quantitative_data,"processed/air_quality_latest.csv; reference/ap42_natural_gas_boilers.csv; processed/offtaker_candidates_ll84.csv","Boiler NOx 124 vs 21 t/km2 city; AP-42 small boiler NOx 0.152 kg/MWh fuel (uncontrolled), PM 0.012",Fulton uses Con Ed steam (off-site combustion): only gas-fired offtakers count locally,Y
N06,Environmental,Resource optimization,Cooling-tower water savings,missing_acquire,"reference/engineering_parameters.csv (E21, E22)",Physics + HDR split ready,Tenant tower type at 111 8th not public (A14) - claim excluded until confirmed,N
N07,Environmental,Resource optimization,Other resource savings (rooftop space; refrigerant; steam water),qualitative,reference/chelsea_uten_pilot_stage2.csv,"Pilot: FCUs chosen over VRF to cut refrigerant inside apartments; steam condensate/water not quantified",No quantitative dataset; keep qualitative,N
S01,Social + Regenerative,Measurable stakeholder value,Value to the data center,derived,"reference/chelsea_uten_pilot_stage2.csv; processed/source_111_8th_annual.csv; reference/ll97_emission_coefficients.csv","Pilot source: thermal revenue 132k $/yr vs +97k electricity +30k O&M; 111 8th own heat use 11.5 GWh/yr (steam+gas) => self-supply cuts its own LL97 emissions",Pilot Table 13 net value (538k) inconsistent as published; use components,Y
S02,Social + Regenerative,Measurable stakeholder value,Value to heat users,quantitative_data,"reference/chelsea_uten_pilot_stage2.csv; processed/nycha_chelsea_developments.csv","Pilot net saving 1k $/yr for 291 apts; in-unit cooling added for 36 apts; 944 Fulton apts, 50% fixed income",Bill impact per apartment depends on A06/A07,Y
S03,Social + Regenerative,Measurable stakeholder value,Value to the community,derived,"processed/air_quality_latest.csv; reference/fec_rebuild_facts.csv; reference/chelsea_uten_pilot_stage2.csv","Combustion displaced (gas offtakers); 4,000 construction + 300 jobs are rebuild-wide (not attributable); ratepayer impact +0.06%",Attribution of jobs to heat network not possible - exclude,partial
S04,Social + Regenerative,Equity and public acceptance,Equity,quantitative_data,"processed/dac_tracts_1km.csv; processed/nycha_chelsea_developments.csv; processed/hvi_zcta.csv","DAC flag, LMI 80%, fixed-income 43-96% by development; HVI 1-2 (ZIP level)",,Y
S05,Social + Regenerative,Equity and public acceptance,Public acceptance,qualitative,"reference/reference_cases.csv; reference/chelsea_uten_pilot_stage2.csv; reference/fec_rebuild_facts.csv","Pilot: residents' meetings, compensated building-management review; 94% of households stay during rebuild; national: 25+ DC projects cancelled",Qualitative rubric,Y
S06,Social + Regenerative,Local-context fit,Fit with the existing Chelsea TEN,quantitative_data,reference/chelsea_uten_pilot_stage2.csv,"Pilot UTEN (85 10th Ave -> Fulton, 291 apts) with valves for future connections; Google (111 8th) has expressed interest in joining","Our proposal = second, larger source + expansion of the pilot loop",Y
S07,Social + Regenerative,Local-context fit,Fit with NYCHA redevelopment,quantitative_data,"reference/fec_rebuild_facts.csv; reference/chelsea_uten_pilot_stage2.csv","2,056 replacement + up to 3,454 new units; demolition from 2025; first move-ins end 2028; new buildings move to electric/renewable heating; UTEN block rebuilt last; 19 M$ pilot assets reusable",Rebuild building-level heat demand unpublished (A03),Y
