indicator_id,dimension,brief_factor,indicator,indicator_class,raw_variables,dataset_ids,csv_file,csv_columns,transformation_formula,unit,assumptions_used,data_status,redundancy_group,shortlist,note
T1,Technical,Capture point / temperature / capacity,Recoverable heat at capture point,derived,electricity use of 111 8th Ave (2022-2024); DC share; heat fraction; recoverable fraction,S01; REF,data/processed/source_111_8th_annual.csv,"electricity_MWh, electricity_avg_MW",Q_rec [MWth] = mean(electricity_avg_MW) x A01 x E01 x E02 ; annual GWh = Q_rec x 8.76,MWth and GWh/yr,"A01 (DC share 0.5-0.9), E01, E02",partial (measured electricity; DC share assumed),SUPPLY,Y,Metered whole-building average 14.9-16.9 MW caps supply; pilot used 85 10th Ave as source - 111 8th would be a second source
T2,Technical,Heat pumps / thermal upgrading,Seasonal COP of building heat pumps (source loop -> 45/60 C sink),simulation,loop temperature; sink temperatures; Lorenz efficiency; DEA COP,S10; S07; REF,data/processed/equipment_dea_heat.csv; data/processed/weather_tmyx_hourly.csv,"cop_or_efficiency_annual (ctrl), dry_bulb_C","COP_h = eta_L x T_lm,sink / (T_lm,sink - T_lm,source) (Kelvin); SCOP = sum(Q_h) / sum(Q_h / COP_h)",-,"A02 (loop 27-35 C), E09 (eta_L 0.40-0.50)",ready for simulation,EFFICIENCY,Y,Calibrate eta_L so the 10 MW excess-heat DEA datasheet COP (4.7) is reproduced at its 25->15 C / 35->70 C design point
T3,Technical,Heat pumps / thermal upgrading,Heat-pump electricity per MWh delivered,simulation,same as T2,S10,,,= 1 / SCOP,MWh_e/MWh_th,,ready for simulation,EFFICIENCY,N,Merged into T2 (exact reciprocal)
T4,Technical,Reliability / timing / continuity,Annual demand coverage by recovered heat (hourly-matched),simulation,hourly recoverable heat; hourly offtaker demand; storage,S01; S07; REF,data/processed/offtaker_candidates_ll84.csv; data/processed/weather_tmyx_hourly.csv,"heat_fuel_MWh_mean, HDH_18C",coverage = sum_h min(Q_rec_h + discharge_h; D_h) / sum_h D_h ; D_h = D_DHW/8760 + D_SH x HDH_h / sum(HDH),%,"E10, E17, boiler/steam efficiency to convert fuel to useful heat (see GAP-05)",partial (hourly shape is a degree-hour model),COVERAGE,Y,Hourly shape: TMYx degree-hours for space heat + pilot DHW daily load and 20 h operation (S13); GAP-04 open
T5,Technical,Capture point / temperature / capacity,Annual supply-to-demand ratio,derived,T1 annual GWh; anchor heat demand,S01,data/processed/offtaker_candidates_ll84.csv,heat_fuel_MWh_mean,ratio = T1_GWh / sum(heat_fuel_MWh_mean of selected offtakers),-,A01,ready,COVERAGE,N,Upper bound of T4; keep only as sizing check
T6,Technical,Reliability / timing / continuity,Design peak heat demand of selected offtakers,derived,annual heat demand; ASHRAE 99.6% design temperature; HDH distribution,S01; S07,data/processed/weather_design_conditions.csv; data/processed/offtaker_candidates_ll84.csv,"heating_design_DB_99.6pct_C (-10.5 C), heat_fuel_MWh_mean",P_peak = D_DHW/8760 x f_DHW_peak + D_SH x (18 - T_design) / (24 x HDD),MW,GAP-05 efficiency; DHW peak factor (GAP-04),partial,PEAK,N,Input to sizing and to constraint H2 rather than a score
T7,Technical,Capture point / temperature / capacity,Network distance from source to offtaker,observable,lot coordinates,S02,data/processed/pluto_lots_1km.csv; data/processed/offtaker_candidates_ll84.csv,dist_m,haversine(site lat/lon; lot lat/lon); trench length ~ 1.3 x straight-line (street grid),m,street-grid factor 1.3 (assumption),ready,COST,Y,Fulton 234 m; Chelsea Market 274 m; Elliott-Chelsea 852 m
C1,Economic + Delivery,Capital and operating costs,Total CAPEX per kW of delivered heat capacity,derived,heat-pump CAPEX; HRC/chiller CAPEX; storage; pipe; backup,S10; S11; S13; S16; REF,data/processed/equipment_dea_heat.csv; data/processed/chelsea_uten_benchmarks.csv; data/processed/macro_cpi_fx.csv,"capex_MEUR_per_MWth; UDS_cost_per_route_m, customer_building_cost_per_apartment; usd_per_eur, cpi_factor_to_latest_full_year",CAPEX = sum_k capacity_k x unit_cost_k x FX x CPI + pipe_m x c_pipe x A05,USD/kWth,"A05 network cost scaling (anchored to pilot 29,318 USD/route-m)",ready,COST,Y,DEA = Danish market; EIA = US building-scale units
C2,Economic + Delivery,Capital and operating costs,Levelised cost of heat (LCOH),simulation,CAPEX; fixed and variable O&M; electricity price; SCOP; delivered heat; discount rate; life,S08; S10; REF,data/processed/energy_prices_ny_summary.csv; data/processed/equipment_dea_heat.csv,"electricity_commercial_USD_MWh_12mo_mean, fixed_om_EUR_per_MWth_yr, var_om_EUR_per_MWhth, lifetime_yr",LCOH = (CAPEX x CRF + O&M_fix + sum_h(E_el_h x p_el) + O&M_var x Q) / Q ; CRF = r(1+r)^n/((1+r)^n-1),USD/MWh_th,"A06 fence price, A07 electricity price, A08 discount rate (FEMP 3.0% low case)",ready,COST,Y,Core economic indicator
C3,Economic + Delivery,Revenue / connection models,LCOH relative to the offtaker's current heat cost,derived,C2; baseline steam / gas price; boiler efficiency,S08; S01; S13; S14,data/processed/energy_prices_ny_monthly.csv; data/processed/chelsea_uten_benchmarks.csv,"gas_res_USD_MWh_fuel, gas_com_USD_MWh_fuel; implied_steam_cost_per_MWh_useful_heat",savings % = 1 - LCOH / (p_fuel / eta_boiler) per offtaker; steam baseline needs Con Ed steam tariff,%,eta_boiler (EIA S11 0.85); steam baseline = pilot-implied marginal steam cost 139.9 USD/MWh useful (S13),ready,COST,Y,Defines the fence-price headroom for Term 2 (standard heat contract)
C4,Economic + Delivery,Revenue / connection models,Annual bill saving for offtakers,derived,C3 x heat volume,S01; S08,,,= (baseline cost - LCOH) x Q_delivered,USD/yr,,partial,COST,N,Merged: C3 x volume; report in narrative only
C5,Economic + Delivery,Capital and operating costs,Simple payback / NPV,derived,C1 and C4,S08; S10,,,payback = CAPEX / annual net saving,years,,partial,COST,N,Monotone transform of C2/C3; compare to CBS benchmark E16
C6,Economic + Delivery,"Ownership, risks and responsibilities",Contract and ownership feasibility,qualitative,UTENJA ownership; DC contract horizon <=10 yr; heat-transfer between properties,REF,data/reference/engineering_parameters.csv; data/reference/reference_cases.csv,"E26, R02, R04",Rubric 0-2: 0 = no legal owner/route; 1 = route exists but untested; 2 = route used in NY precedent,score,,qualitative evidence available,GOVERNANCE,N,Folded into S5 to avoid double-scoring governance
N1,Environmental,Energy efficiency,Energy Reuse Factor (ERF),derived,heat delivered to offtakers; DC IT energy,S01; REF,data/processed/source_111_8th_annual.csv,electricity_MWh,ERF = Q_reused / E_IT ; E_IT = electricity_MWh x A01 / PUE (E20),%,"A01, E20 (PUE <= 1.5)",partial,SUPPLY,Y,Benchmarks: EU average 15% (E23); Germany 10-20% (E24)
N2,Environmental,Carbon reduction,Annual GHG avoided,derived,displaced steam / gas / oil; added HP electricity; LL97 factors,S01; S12,data/processed/offtaker_candidates_ll84.csv; data/reference/ll97_emission_coefficients.csv,"steam_MWh_mean, gas_MWh_mean, oil_MWh_mean, tCO2e_per_MWh",dCO2 = sum_f(displaced_fuel_f x EF_f) - E_el_HP x EF_el ,tCO2e/yr,displaced share from T4,ready (2024-29 factors); post-2030 grid factor is a gap (GAP-06),CARBON,Y,
N3,Environmental,Carbon reduction,Carbon intensity of delivered heat,derived,same as N2,S12,,,= (E_el_HP x EF_el) / Q_delivered,tCO2e/MWh_th,,ready,CARBON,N,Merged into N2 (same numerator)
N4,Environmental,Resource optimization,On-site combustion displaced next to the EJ block,derived,gas/oil burned in offtaker buildings; displaced share; local boiler emission density,S01; S05,data/processed/offtaker_candidates_ll84.csv; data/processed/air_quality_latest.csv,"gas_MWh_mean, oil_MWh_mean; Boiler emissions (NOx/PM2.5) tons/km2",combustion_displaced = sum(gas+oil MWh x displaced share) ; context = UHF42 boiler NOx 123.9 t/km2 vs NYC 20.8,MWh fuel/yr,"Steam is burned off-site, so it does not count here",ready,AIR,Y,Converting to t NOx/PM needs EPA AP-42 factors (GAP-09; optional)
N5,Environmental,Resource optimization,Cooling-tower water not evaporated,derived,heat diverted from towers; evaporation share,REF,data/reference/engineering_parameters.csv,"E21, E22",W = Q_diverted [MWh] x 3600 / h_fg(2.43 MJ/kg) / 1000 [m3] (evaporation only; blowdown scales with it),m3/yr,Only if tenant towers are evaporative (GAP-10),blocked,WATER,N,Do not claim until tower type is confirmed
N6,Environmental,Energy efficiency,Winter grid peak avoided vs all-electric ASHP alternative,simulation,design-hour heat demand; ASHP COP at design temp; loop HP COP; Zone J winter peak,S07; S09; S10; S11,data/processed/weather_tmyx_hourly.csv; data/processed/grid_zoneJ_summary_2025.csv; data/processed/equipment_dea_heat.csv,dry_bulb_C; winter_peak_MW_DecJanFeb; airsource cop_or_efficiency_annual (2.8),dP = P_peak_heat x (1/COP_ASHP(T_design) - 1/COP_loop) ; context share = dP / Zone J winter peak (7552 MW in 2025),MW,ASHP COP at -10.5 C is not in the downloaded data (GAP-11),partial,EFFICIENCY,Y,Con Ed pilot found 10-15% MORE electricity than ASHP on peak days (S13): the peak benefit is not automatic - report honestly
S1,Social + Regenerative,Measurable stakeholder value,Low-income households served,observable,"apartments, residents, fixed-income share of connected NYCHA developments",S03; S04,data/processed/nycha_chelsea_developments.csv; data/processed/dac_tracts_1km.csv,"apartments, population, share_fixed_income_households; dac_designation",HH_served = sum(apartments of connected developments) ; weighted by DAC flag,households,,ready,EQUITY,Y,"Fulton 944 apts / 1,809 residents / 50% fixed income; tract 36061008300 is a designated DAC"
S2,Social + Regenerative,Measurable stakeholder value,Heating cost per apartment vs baseline,derived,C3 per NYCHA apartment,S01; S03; S08,,,= (baseline - tariff) x heat per apartment,USD/apt/yr,,partial (steam tariff gap),COST,N,Same quantity as C3; keep for the narrative only
S3,Social + Regenerative,Equity and public acceptance,Environmental-justice exposure of the served block,observable,DAC designation and percentile; PM2.5 and NO2 vs city; site-pack percentiles,S04; S05; REF,data/processed/dac_tracts_1km.csv; data/processed/air_quality_latest.csv,"dac_designation, percentile_rank_combined, lmi_80_ami; Fine particles annual mean (UHF42 9.5 vs NYC 6.3)",EJ = DAC flag x percentile_rank_combined ; PM ratio = PM2.5_UHF42 / PM2.5_NYC,index / ratio,,ready,EQUITY,Y,Tract 36061008300: DAC; combined percentile 0.84; LMI 80% AMI = 80%
S4,Social + Regenerative,Local-context fit,Heat vulnerability (cooling co-benefit),observable,HVI by ZCTA,S06,data/processed/hvi_zcta.csv,hvi,HVI of the served ZCTA (1-5),index,,ready,EQUITY,N,ZIP 10011 = 1 (lowest); ZIP-level masks the NYCHA block - low discriminating power
S5,Social + Regenerative,Equity and public acceptance,Public acceptance and governance readiness,qualitative,community process; precedents; ownership route; DC contract horizon,REF,data/reference/reference_cases.csv; data/reference/engineering_parameters.csv,"R02, R03, R04, R07; E26",Rubric 0-4 scored by the team from documented evidence,score,,qualitative evidence available,GOVERNANCE,Y,Absorbs C6
S6,Social + Regenerative,Local-context fit,Design-window fit with the Fulton/Elliott-Chelsea rebuild,qualitative,rebuild phasing and schedule; heat-ready design,fec_faq (not downloaded),,,Rubric 0-2: aligns heat-ready design with rebuild phases,score,,gap (rebuild schedule not verified; GAP-12),CONTEXT,Y,Key to the innovation story; keep as a qualitative criterion
H1,Constraint,Reliability / timing / continuity,DC cooling never depends on the network (bypass to existing towers),constraint,design rule,REF,,,binary: must be TRUE,boolean,,design rule,CONSTRAINT,constraint,
H2,Constraint,Reliability / timing / continuity,Backup capacity >= design peak of every connected offtaker,constraint,T6 and backup capacity,S01; S07,,,P_backup >= P_peak (T6),boolean,,ready once T6 is computed,CONSTRAINT,constraint,Reflects Verizon's 'not solely rely' condition (R04)
H3,Constraint,Capture point / temperature / capacity,Delivered heat <= recoverable heat,constraint,T1,S01,,,sum(Q_delivered) <= T1 annual and hourly,boolean,,ready,CONSTRAINT,constraint,
H4,Constraint,Heat pumps / thermal upgrading,DHW supply >= 60 C (Legionella),constraint,HP sink temperature,REF,,,T_sink_DHW >= 60 C,boolean,,design rule,CONSTRAINT,constraint,Code requirement; verify NYC code reference
H5,Constraint,Reliability / timing / continuity,Hourly energy balance closes,constraint,simulation outputs,,,,|supply - demand - losses - storage change| < 1e-6,boolean,,model check,CONSTRAINT,constraint,Already implemented in the model graph checks
S7,Social + Regenerative,Measurable stakeholder value,Net annual value to the data center (heat sales + own-heat displacement - added electricity/O&M),derived,heat sold; fence price; added electricity; added O&M; 111 8th own steam/gas displaced; LL97 factors,S13; S01; S12; S15,data/reference/chelsea_uten_pilot_stage2.csv; data/processed/source_111_8th_annual.csv; data/reference/ll97_emission_coefficients.csv,"heat_purchase_price_paid_to_source, source_thermal_revenues_yr1, source_incremental_electricity_cost_yr1; steam_MWh, gas_MWh; tCO2e_per_MWh",V_DC = Q_sold x p_fence - dE_el x p_el - dO&M + (own steam+gas displaced x price) ; dCO2_own = displaced fuel x LL97 factor,USD/yr and tCO2e/yr,"A01, A06, A07",ready,VALUE_DC,Y,"Brief requires value for DC, users and community separately; S2/C3 cover users, N4/S3 community"
