assumption_id,parameter,unit,low,base,high,basis_low,basis_base,basis_high,evidence_status,drives_indicators,how_to_resolve
A01,Data-center share of 111 8th Ave electricity,fraction,0.5,0.7,0.9,team assumption,team assumption (midpoint),team assumption,unresolved - no public data,"T1, N1, H3",Ask Google / Digital Realty / Equinix for tenant IT load; LL84 total (130.8-148.1 GWh/yr) is the hard ceiling
A02,Tenant condenser-loop temperature at capture point,degC,27,30,35,OCP-101 air-cooled return 27-28 C (E03),team assumption within E03-E05,CBS / OCP ranges; Chelsea pilot heating-mode loop supply up to 97 F = 36 C (S13),literature-bounded,"T2, C2",Tenant engineering data
A03,Heat demand of a rebuilt apartment (space heat + DHW),MWh/apt/yr,6,7.5,9,team assumption,team assumption,"team assumption (pilot: existing-building DHW alone = 7,960 MMBtu / 291 apts = 8.0 MWh/apt; S13)",unresolved - design not public,"T4, T6, S1",Rebuild design team / EIS energy chapter
A04,Steam-to-useful-heat efficiency for existing NYCHA buildings,-,0.70,0.77,0.85,team assumption,"derived from Con Ed pilot Tables 5-6 (S13: 9,146 MMBtu useful / 9,961 Mlb x 1.194)",team assumption,derived from authoritative filing,"T4, N2, C3",Fixed unless building metering available
A05,Manhattan network cost (route metre),USD2025/route-m,17590,29318,38113,0.6 x pilot (team assumption: scale/learning; filing expects much lower cost-based rates at scale),Con Ed pilot UDS construction 11.17 M$ / 381 route-m (S13),1.3 x pilot (team assumption: larger diameter / congested streets),anchored to authoritative filing; scaling factors assumed,"C1, C2",Ask Con Ed for per-diameter unit costs
A06,Heat purchase price paid to the data center (fence price),USD/MMBtu,19.5,26.0,31.5,"Pilot: price ~25% lower under previous baseline operation (S13, p.101)",Con Ed pilot draft price (S13),Steam parity: implied marginal steam cost 37.65 USD/Mlb / 1.194 (S13 derived),authoritative + derived,"C2, C3, S7",Negotiated in agreement (Term 2)
A07,Electricity price for heat pumps and pumps,USD/MWh,182,222,282,NYPA energy 72.1 + Con Ed delivery-only commercial 109.7 (EIA-861 2024; S15; approximate - NYCHA is a NYPA customer),EIA-861M NY commercial 12-month mean (S08),Con Ed bundled commercial average 2024 (S15),measured averages; customer-specific tariff unresolved,"C2, C3",Actual NYCHA/NYPA bill or SC-9 tariff run
A08,Real discount rate,fraction/yr,0.030,0.050,0.070,DOE FEMP 2024 real rate floor (NIST IR 85-3273-39; S18),team assumption (utility / developer blend),team assumption (private capital),low end authoritative; base/high assumed,"C2, C5",Owner's cost of capital
A09,Grid emission factor applied to added electricity,tCO2e/MWh,,0.289,0.289,Post-2030 LL97 coefficient not downloaded (DOB rule); leave blank rather than guess,LL97 2024-2029 statutory coefficient (S12),same (conservative),partly unresolved,"N2, S7",Download DOB rule 1 RCNY 103-14 or NLR Cambium Zone J
A10,Heat-pump efficiency relative to Carnot (5 K approaches),-,0.40,0.45,0.50,DEA 1 MW excess-heat HP (E09),Model A calibration: Carnot COP with 5 K condenser/evaporator approaches x 0.45 reproduces the Con Ed pilot DHW COP 3.0 (S13); DEA Lorenz efficiencies 0.40-0.50 give the range,DEA 10 MW (E09),authoritative literature,"T2, C2, N6",Manufacturer selection
A11,Auxiliary + pumping electricity,fraction of heat delivered,0.005,0.01,0.03,team assumption,DEA datasheet 'Auxiliary electricity consumption (share of heat gen.)' = 0.01 (S10),team assumption (long ambient loop),authoritative base,"T2, N2",Hydraulic design (Grundfos)
A12,ASHP COP at design temperature (all-electric alternative),-,1.75,2.2,2.8,ENERGY STAR cold-climate minimum COP at 5 F (S19),team assumption (midpoint),DEA air-source DH heat pump annual COP (S10),bounded by authoritative values,N6,NEEP product data at 13 F (-10.5 C)
A13,Thermal storage size,hours of design peak,0,2,6,design variable,design variable,design variable,design choice (not data),"T4, C1, H2",Optimised in the model
A14,Tenant cooling-tower type,categorical,dry (no water saving),unknown - exclude N5,evaporative,,,,unresolved,N5,Site visit / tenant data
A15,Rebuild first move-ins,year,2028,2028,2030,FEC FAQ 'end of 2028' (S18),FEC FAQ (S18),team assumption (+2 yr delay),authoritative base,"S6, T4",Track HUD / PACT milestones
A16,Data-center heat availability,fraction of hours,0.998,0.998,1.0,OCP-101 (E11),OCP-101 (E11),,literature,"H2, T4",Backup sized to full peak regardless (H2)
A17,Source-side electricity per MWh of heat supplied,MWh_e/MWh_th,0.0,0.25,0.25,"team assumption: a 24/7 carrier hotel already runs chillers, so heat is available without extra electricity","Con Ed pilot: +666 MWh at 85 10th Ave for 2,680 MWh delivered (S13)",same (worst observed),anchored to authoritative filing,"S7, N2",Tenant plant data at 111 8th Ave
A18,Space-heat supply temperature of existing gas-fired commercial buildings (assumed hydronic),degC,60.0,70.0,80.0,team assumption,team assumption (typical existing hydronic),team assumption,unresolved - heating distribution not public,"T2, T4, C2",Building engineer survey; steam-distribution buildings are excluded by H7 instead
A19,DHW share of a rebuilt apartment's heat demand,fraction,0.4,0.5,0.6,team assumption,team assumption (efficient envelope makes DHW a larger share),team assumption,unresolved - rebuild design not public,"T2, T4",Rebuild design team
A20,Summer-to-winter monthly demand ratio of non-residential buildings,fraction,0.05,0.2,0.3,CBS: Helsinki 5% (E17),CBS: London / Madrid 20% (E17),CBS: Denmark up to 30% (E17),literature,T4 (base-load share of commercial demand),Monthly LL84 / utility data
A21,"Soft costs (design, engineering, administration) as a share of construction cost",fraction,0.15,0.29,0.75,team assumption (repeat project),Con Ed pilot: design 10.08 M$ / construction 34.99 M$ (S13 Table 11),Con Ed pilot: design + administrative 26.34 M$ / construction 34.99 M$ (S13 Table 11),anchored to authoritative filing,"C1, C2, C3",Engineering estimate for the chosen design
A22,"Network O&M (loop, interfaces, energy centre) per year as a share of their CAPEX",fraction/yr,0.005,0.01,0.02,team assumption,team assumption (pilot 5-yr operational budget is EM&V-heavy and not representative),team assumption,unresolved - no network O&M data for an ambient loop,"C2, C3, operator net",Operator (Con Ed) O&M estimate
