req_id,source,requirement,pipeline_stage,outputs,output_type,frontend_page,status
R01,Brief: Consider,Identify and justify the most suitable heat offtakers,features; C (screening),outputs/features/offtakers_features.csv; model_c/c_candidates.csv; config/delivery_governance.csv (LC*),quantitative + structured qualitative,1 Where,features implemented; screening implemented C
R02,Brief: Consider,Match supply and demand by temperature,A,"model_a/a_annual_system.csv (COP_dhw, COP_sh45, COP_sh_exist, T_loop_C); model_a/a_constraints.csv (H4, H7)",quantitative + constraint,2 How,implemented A
R03,Brief: Consider,Match supply and demand by capacity,A,"model_a/a_annual_system.csv (T1_recoverable_heat_GWh, HP_cap_MW, HX_cap_MW, D_peak_design_MW); model_a/a_constraints.csv (H3)",quantitative + constraint,2 How,implemented A
R04,Brief: Consider,Match supply and demand by timing,A,model_a/hourly/<run_id>.csv.gz; model_a/a_annual_system.csv (T4_coverage_pct),quantitative,2 How,implemented A
R05,Brief: Consider,Match supply and demand by seasonality,A,model_a/a_monthly.csv; model_a/a_operating_modes.csv (M5_summer),quantitative + stress test,2 How,implemented A
R06,Brief: Consider,Match supply and demand by continuity,A,"model_a/a_constraints.csv (H2); model_a/a_operating_modes.csv (M2, M3)",constraint + stress test,2 How,implemented A
R07,Brief: Consider,"Heat upgrading, distribution and building interfaces",A; B,"model_a/a_annual_system.csv (T2_SCOP, T7_route_m); model_a/a_annual_building.csv (sh_system, sh_class); model_b/b_kpis.csv (C1)",quantitative + constraint,2 How,A implemented; costs implemented B
R08,Brief: Consider,Backup heat and continuity without compromising data-center cooling,A,"model_a/a_constraints.csv (H1, H2); model_a/a_operating_modes.csv (M2, M3, M4)",constraint + stress test,2 How,implemented A
R09,Brief: Consider,Costs across stakeholders,B,"model_b/b_kpis.csv (C1, C2, C3); model_b/b_building_bills.csv",quantitative,3 Why,implemented B
R10,Brief: Consider,Risks across stakeholders,B; C,config/delivery_governance.csv (RK*); model_c/c_weight_sensitivity.csv,structured qualitative + sensitivity,3 Why,register implemented; sensitivity implemented C
R11,Brief: Consider,Ownership and responsibilities across stakeholders,B,"config/delivery_governance.csv (OW*, RE*); model_b/b_delivery_assessment.csv",structured qualitative,3 Why,register implemented; join implemented B
R12,TEAM DELIVERABLE,Network architecture,A; frontend,"config/scenarios.yaml; model_a/a_annual_system.csv (route_m, HX_cap_MW); frontend Sankey",quantitative + visualization,2 How,A implemented; frontend planned
R13,TEAM DELIVERABLE,Heat source and most suitable users,features; A,"model_a/a_annual_system.csv (E_el_111_MWh, Q_DC_avail_MWh); outputs/features/offtakers_features.csv",quantitative,1 Where,implemented A
R14,TEAM DELIVERABLE,Required infrastructure,A; B,"model_a/a_annual_system.csv (HP_cap_MW, HX_cap_MW, tank_MWh, backup_cap_MW, route_m); model_b/b_kpis.csv (C1)",quantitative,2 How,A implemented; costs implemented B
R15,TEAM DELIVERABLE,Operating approach,A,model_a/a_operating_modes.csv; model_a/hourly/<run_id>.csv.gz,stress test + quantitative,2 How,implemented A
R16,TEAM DELIVERABLE,Environmental impact,B,"model_b/b_kpis.csv (N1, N2, N4, N6)",quantitative,3 Why,implemented B
R17,TEAM DELIVERABLE,Community impact,B,"model_b/b_stakeholder_value.csv (community); model_b/b_kpis.csv (S1, S3); config/delivery_governance.csv (PA*)",quantitative + structured qualitative,3 Why,register implemented; values implemented B
R18,TEAM DELIVERABLE,Select one setting and justify it for the local context,features; B,"config/delivery_governance.csv (LC*); data/processed/dac_tracts_1km.csv; model_b/b_kpis.csv (S3, S6)",structured qualitative + quantitative,1 Where,register implemented
R19,TEAM DELIVERABLE,"Supply and demand matched by temperature, capacity, timing, seasonality and continuity",A,see R02-R06,quantitative + constraint + stress test,2 How,implemented A
R20,TEAM DELIVERABLE,Explain how cooling reliability is protected,A,model_a/a_constraints.csv (H1); model_a/a_operating_modes.csv (M4); config/delivery_governance.csv (RE4),constraint + stress test + qualitative,2 How,implemented A
R21,TEAM DELIVERABLE,Explain how continuity of heat supply is protected,A,"model_a/a_constraints.csv (H2); model_a/a_operating_modes.csv (M2, M3); config/delivery_governance.csv (RE5, RK1)",constraint + stress test + qualitative,2 How,implemented A
R22,TEAM DELIVERABLE,Quantify measurable value for the data center,A; B,"model_a/a_annual_system.csv (Q_DC_used_MWh, E_src_MWh); model_b/b_stakeholder_value.csv (data_center); model_b/b_kpis.csv (S7)",quantitative,3 Why,inputs implemented A; values implemented B
R23,TEAM DELIVERABLE,Quantify measurable value for heat users,A; B,model_a/a_annual_building.csv; model_b/b_building_bills.csv; model_b/b_stakeholder_value.csv (heat_users); model_b/b_constraints.csv (H6),quantitative + constraint,3 Why,inputs implemented A; values implemented B
R24,TEAM DELIVERABLE,Quantify measurable value for the community,A; B,"model_a/a_annual_building.csv (fuel_displaced_MWh, units, is_nycha); model_b/b_stakeholder_value.csv (community)",quantitative,3 Why,inputs implemented A; values implemented B
R25,TEAM DELIVERABLE,"Show how costs, risks, ownership and responsibilities are shared",B; C,model_b/b_delivery_assessment.csv; config/delivery_governance.csv; model_c/c_recommendations.json,structured qualitative + quantitative,3 Why,register implemented; report implemented C
R26,Dimension: Technical,"Capture point, temperature and capacity",A,"model_a/a_annual_system.csv (T1_recoverable_heat_GWh, T_loop_C); data/reference/assumptions_scenarios.csv (A01, A02)",quantitative,2 How,implemented A
R27,Dimension: Technical,Heat pumps / thermal upgrading,A,"model_a/a_annual_system.csv (T2_SCOP, COP_*); model_a/a_validation.csv (V1)",quantitative,2 How,implemented A
R28,Dimension: Technical,"Reliability, timing and continuity",A,"model_a/a_annual_system.csv (T4_coverage_pct, backup_hours); model_a/a_operating_modes.csv",quantitative + stress test,2 How,implemented A
R29,Dimension: Economic + Delivery,Capital and operating costs,B,"model_b/b_kpis.csv (C1, C2)",quantitative,3 Why,implemented B
R30,Dimension: Economic + Delivery,Revenue / connection models,B,config/delivery_governance.csv (RC*); model_b/b_stakeholder_value.csv,structured qualitative + quantitative,3 Why,register implemented; values implemented B
R31,Dimension: Economic + Delivery,"Ownership, risks and responsibilities",B,"config/delivery_governance.csv (OW*, RE*, RK*); model_b/b_delivery_assessment.csv",structured qualitative,3 Why,register implemented
R32,Dimension: Environmental,Carbon reduction,B,model_b/b_kpis.csv (N2),quantitative,3 Why,implemented B
R33,Dimension: Environmental,Energy efficiency,A; B,"model_a/a_annual_system.csv (T2_SCOP); model_b/b_kpis.csv (N1, N6)",quantitative,3 Why,A and B implemented
R34,Dimension: Environmental,Resource optimization,B,model_b/b_kpis.csv (N4); water saving excluded until tower type is known (A14),quantitative + stated exclusion,3 Why,implemented B
R35,Dimension: Social + Regenerative,Measurable stakeholder value,B,model_b/b_stakeholder_value.csv; model_b/b_kpis.csv (S7); config/delivery_governance.csv (SV*),quantitative,3 Why,implemented B
R36,Dimension: Social + Regenerative,Equity and public acceptance,B,"model_b/b_kpis.csv (S1, S3, S5); config/delivery_governance.csv (PA*)",quantitative + structured qualitative,3 Why,register implemented; KPIs implemented B
R37,Dimension: Social + Regenerative,Local-context fit,B,model_b/b_kpis.csv (S6); config/delivery_governance.csv (LC*),structured qualitative + rubric,1 Where; 3 Why,register implemented
R38,Team rule,No final score from Technical indicators alone,C,model/schemas.py assert_composite_ready; model_a/a_validation.csv (V11),guard,-,implemented
R39,Team rule,Qualitative and governance aspects appear in the final evaluation and visualization without arbitrary scores,B; C; frontend,model_b/b_delivery_assessment.csv; model_c/c_recommendations.json; frontend page 3 governance panel,structured qualitative + visualization,3 Why,B and C implemented
R40,Team rule,Select buildings and allocate heat by optimisation (not only predefined scenarios); explain selections and exclusions,C,model_c/c_configurations.csv; model_c/c_recommendations.json; model_c/c_allocation_<horizon>.json,optimisation + explanation,OPTIMIZE / EVALUATE,implemented C
