property_id,property_name,bbl,years,reason
3177669,The Maritime Hotel - 88 9th Avenue,1007400001,2023,same tax lot and overlapping report years as a kept record
2719178,The Maritime Hotel - Old,1007400001,2023,same tax lot and overlapping report years as a kept record
20662117,DEPM 1658 - 130 West 12th Street,1006077502,2023,same tax lot and overlapping report years as a kept record
33561184,"Halstead - 105 West 13th Street NY, NY 10011",1006090047,2024,same tax lot and overlapping report years as a kept record
5833941,105 West 13th Street,1006090047,2023,same tax lot and overlapping report years as a kept record
5832487,Charles H. Greenthal: 54 WEST 16TH STREET,1008170085,2024,same tax lot and overlapping report years as a kept record
52730392,222 West 15th Street,1007640051,2024,same tax lot and overlapping report years as a kept record
26583039,18 West 18th Street,1008190056,2024,same tax lot and overlapping report years as a kept record
49067992,18 West 18th Street,1008190056,2024,same tax lot and overlapping report years as a kept record
2719892,Maxwell: 100 W 12th St.,1006070038,2023,same tax lot and overlapping report years as a kept record
33910474,HRA_4365_Office HASA Services and FIA JC/SNAP,1005770034,2023,same tax lot and overlapping report years as a kept record
58914292,"283 7 AVENUE, Manhattan.",1008020001,2024,same tax lot and overlapping report years as a kept record
52536293,137 West 12th Street,1006080060,2024,same tax lot and overlapping report years as a kept record
56375992,397 W 12th St,1006417504,2024,same tax lot and overlapping report years as a kept record
59125192,"U-Haul International, Inc : 536 WEST 23 STREET",1006940058,2024,same tax lot and overlapping report years as a kept record
45903292,312 West 15th Street,1007380048,2024,same tax lot and overlapping report years as a kept record
49068392,524 West 19th Street,1006907502,2024,same tax lot and overlapping report years as a kept record
15745503,Mackedge: 136 W 23rd St,1007987503,"2022,2023,2024",same tax lot and overlapping report years as a kept record
48590894,300 West 14th Street,1006297504,2024,same tax lot and overlapping report years as a kept record
54663893,Skyway Development Group:23 WEST 20 STREET,1008227506,2024,same tax lot and overlapping report years as a kept record
12735191,0152-Meatpacking,1006450049,2024,same tax lot and overlapping report years as a kept record
26617335,9 Ninth Avenue,1006450049,2023,same tax lot and overlapping report years as a kept record
48630493,121-125 West 17th Street,1007930022,2024,same tax lot and overlapping report years as a kept record
58047494,132 WEST 14 STREET:,1006090020,2024,same tax lot and overlapping report years as a kept record
20662115,DEPM 1596 - 155 West 11th Street,1006077503,2023,same tax lot and overlapping report years as a kept record
35497555,Copy of Stonehenge - 555 Sixth Ave,1007910036,2023,same tax lot and overlapping report years as a kept record
12474962,101 West 15th Street,1007910036,2023,same tax lot and overlapping report years as a kept record
35478994,Copy of Orsid - 101 West 12 Street,1006080039,2023,same tax lot and overlapping report years as a kept record
6227726,McBurney,1007907502,"2023,2024",same tax lot and overlapping report years as a kept record
33999110,The Sierra Chelsea,1007907502,2024,same tax lot and overlapping report years as a kept record
18410769,720 Greenwich Street - data,1006320017,2023,same tax lot and overlapping report years as a kept record
35497313,Copy of Stonehenge - 108 West 15th Street,1007900028,2023,same tax lot and overlapping report years as a kept record
6775024,Emor: 301-317 West 19th Street,1007430038,"2022,2023",same tax lot and overlapping report years as a kept record
33043078,Fifth Avenue Loft,1008207501,2024,same tax lot and overlapping report years as a kept record
54163098,NB:140 5th Avenue,1008207501,2024,same tax lot and overlapping report years as a kept record
35497547,Copy of Stonehenge - 364 West 18th Street,1007410067,2023,same tax lot and overlapping report years as a kept record
33165099,421 West 21st Street,1007190029,2023,same tax lot and overlapping report years as a kept record
33057218,56 7th Avenue (48 7 AVENUE),1006180033,2024,same tax lot and overlapping report years as a kept record
6282377,LOST AAR: 410 West 23rd Street (child),1007200049,2024,same tax lot and overlapping report years as a kept record
21294063,AKAM - 257 West 17th Street,1007677502,"2023,2024",same tax lot and overlapping report years as a kept record
6293824,Doral Realty - 300 West 21st Street,1007440043,2023,same tax lot and overlapping report years as a kept record
33546101,"Halstead - 58-60 West 15th St, NY, NY 10011",1008160074,2023,same tax lot and overlapping report years as a kept record
33869333,210 WEST 19 STREET,1007687501,2024,same tax lot and overlapping report years as a kept record
6282579,David Ellis: 669 Hudson St,1006290001,2024,same tax lot and overlapping report years as a kept record
6282404,ABC: 445 West 19th St,1007177501,2024,same tax lot and overlapping report years as a kept record
4038356,150 West 26th Street,1008017502,2024,same tax lot and overlapping report years as a kept record
25464593,Sandberg Management : 14 WEST 17 STREET,1008180059,"2022,2023",same tax lot and overlapping report years as a kept record
6282403,ABC: 427 WEST STREET,1006380001,2024,same tax lot and overlapping report years as a kept record
35481605,"Copy of Halstead - 341 West 11th St, NY, NY 10014",1006340047,2023,same tax lot and overlapping report years as a kept record
4997968,160 West 24th Street - The Chelsea (Parent Property),1007990003,2024,same tax lot and overlapping report years as a kept record
11995563,130 Jane Street,1006410010,2023,same tax lot and overlapping report years as a kept record
6282389,ABC: 165 Perry St,1006370077,2024,same tax lot and overlapping report years as a kept record
6282393,ABC: 234 West 21st St,1007700059,2024,same tax lot and overlapping report years as a kept record
50145494,VILLAGE MEWS HOUSING CORP,1006090065,2024,same tax lot and overlapping report years as a kept record
16822851,Edmal Realty: 26 WEST 17 ST,1008180066,2024,same tax lot and overlapping report years as a kept record
9947966,Sandberg: 40 W 15th St.,1008160063,2023,same tax lot and overlapping report years as a kept record
57872892,STRATCO Property Group:237-247 8 AVENUE,1007460038,2024,same tax lot and overlapping report years as a kept record
6293816,Felds Realty LLC - 301 West 22nd Street,1007460038,2023,same tax lot and overlapping report years as a kept record
2773932,130 5th Avenue,1008200038,2023,same tax lot and overlapping report years as a kept record
35496319,Copy of DEPM 1688 - 166 West 18th Street,1007937508,2023,same tax lot and overlapping report years as a kept record
6282388,ABC: 155 Perry St,1006377501,2024,same tax lot and overlapping report years as a kept record
55300592,200 W 24th St,1007737501,2024,same tax lot and overlapping report years as a kept record
16886902,500 West 25th Street Condominium,1006967504,"2022,2024",same tax lot and overlapping report years as a kept record
33196960,229 West 16th Street,1007660023,"2023,2024",same tax lot and overlapping report years as a kept record
53973196,Winter Management Corp.:408 WEST 14 STREET,1006460038,2024,same tax lot and overlapping report years as a kept record
15572752,455 West 19th Street,1007177505,2023,same tax lot and overlapping report years as a kept record
54162002,NB:55 West 16th Street,1008180005,2024,same tax lot and overlapping report years as a kept record
6291915,31 West 11th Street,1005757502,2023,same tax lot and overlapping report years as a kept record
21099385,London Terrace Gardens,1007210007,2024,same tax lot and overlapping report years as a kept record
35496374,Copy of DEPM 2344 - 300 West 23rd St,1007467503,2023,same tax lot and overlapping report years as a kept record
53977792,JM REALTY : 112 W 18th St,1007937501,2024,same tax lot and overlapping report years as a kept record
20413852,Jade Condominium (16 West 19 Street),1008207504,2024,same tax lot and overlapping report years as a kept record
49370795,275 West 10th Street,1006317503,2024,same tax lot and overlapping report years as a kept record
52719501,319 West 18th Street,1007420022,2024,same tax lot and overlapping report years as a kept record
6282464,Andrews: 291 7th Ave,1008027502,2024,same tax lot and overlapping report years as a kept record
6698367,Advance Realty,1007730024,2024,same tax lot and overlapping report years as a kept record
6282562,Cornerstone: 32 W 20th St,1008210062,2024,same tax lot and overlapping report years as a kept record
6282680,J & M: 138 West 17th,1007927502,2024,same tax lot and overlapping report years as a kept record
6282557,Cornerstone: 107 W 25th St,1008010030,2024,same tax lot and overlapping report years as a kept record
2721945,121 West 20th St.,1007967502,2024,same tax lot and overlapping report years as a kept record
54522597,The Board of Managers of 128 West 23rd Street Condo (128 W 23rd St),1007987508,2024,same tax lot and overlapping report years as a kept record
54530892,The Board of Managers of 128 West 23rd Street Condo (130 W 23rd St),1007987508,2024,same tax lot and overlapping report years as a kept record
58755692,126-128 West 16th Street,1007917502,2024,same tax lot and overlapping report years as a kept record
20800735,117 West 21st Street,1007977509,2024,same tax lot and overlapping report years as a kept record
4414554,Buchbinder: 160 W 16th St,1007910078,2024,same tax lot and overlapping report years as a kept record
6306306,129 West 20th Street,1007967503,2024,same tax lot and overlapping report years as a kept record
