case,horizon,members,external,n_external,scope,hp_frac,tank_hours,heat_recovered_MWh,heat_delivered_MWh,capex_total,capex_annualised,opex_annual,electricity_cost,source_electricity_cost,om_annual,baseline_energy_cost,gross_energy_savings,net_societal_value,co2_avoided_t,low_income_households,community_facilities,funding_gap_at_tariff,funding_gap_no_worse_off,dc_net,route_m,scop,coverage_pct,tech_ok,lcoh,value_vs_internal_only,pick
liquid_cooling_speculative,post_rebuild,7536925|rebuild:2831044,rebuild:2831044,1,dhw_only,0.5,6,18228.84355851176,21556.55029340461,22681399.59752341,1425353.720695284,1215492.7074519813,791914.2749570219,0.0,257926.25296744655,2848544.2484168927,1890977.793932358,207697.82026962767,1388.2384693853842,1334.7774000000002,0,1401765.5185228835,1409486.6503834857,1617184.4706531132,187.02537111843935,6.4388223521155314,77.89048169733645,True,114.82330033934312,-8131.354237828113,best net value (>= 1 external)
liquid_cooling_speculative,post_rebuild,7536925|rebuild:2831044,rebuild:2831044,1,dhw_only,0.5,6,18228.84355851176,21556.55029340461,22681399.59752341,1425353.720695284,1215492.7074519813,791914.2749570219,0.0,257926.25296744655,2848544.2484168927,1890977.793932358,207697.82026962767,1388.2384693853842,1334.7774000000002,0,1401765.5185228835,1409486.6503834857,1617184.4706531132,187.02537111843935,6.4388223521155314,77.89048169733645,True,114.82330033934312,-8131.354237828113,best with low-income households
liquid_cooling_speculative,post_rebuild,7536925|1634606|rebuild:2831044,1634606|rebuild:2831044,2,dhw_only,0.5,6,18923.09542968684,22412.874459874976,26435278.55099165,1646299.0884580736,1293303.123459399,829795.3641621413,0.0,297774.9848575001,2887767.105709359,1892238.96710746,-51835.106208113786,1521.4984487960617,1334.7774000000002,1,1652040.2551986114,1730610.6120348186,1678775.505826705,335.7905800568832,6.3855363062606685,75.05969825586159,True,123.7623243035462,-267664.2807155696,best with a community facility
liquid_cooling_speculative,post_rebuild,7536925|rebuild:2831044,rebuild:2831044,1,dhw_only,0.5,6,18228.84355851176,21556.55029340461,22681399.59752341,1425353.720695284,1215492.7074519813,791914.2749570219,0.0,257926.25296744655,2848544.2484168927,1890977.793932358,207697.82026962767,1388.2384693853842,1334.7774000000002,0,1401765.5185228835,1409486.6503834857,1617184.4706531132,187.02537111843935,6.4388223521155314,77.89048169733645,True,114.82330033934312,-8131.354237828113,best with CO2 >= internal-only + 300 t
advanced_recovery,post_rebuild,7536925|rebuild:2831044,rebuild:2831044,1,dhw_only,0.5,6,16928.5233549248,21556.55029340461,22154175.66250245,1394628.0792395414,1498891.5532980768,1080585.360153327,0.0,252654.01361723704,2848544.2484168927,1602306.708736053,-44975.38412072586,1012.4953427164888,1334.7774000000002,0,1512155.6352544408,1546801.048091041,1501825.6639703151,187.02537111843935,4.639027475980777,77.89048169733645,True,126.54471220493556,-218865.98881548725,best net value (>= 1 external)
advanced_recovery,post_rebuild,7536925|rebuild:2831044,rebuild:2831044,1,dhw_only,0.5,6,16928.5233549248,21556.55029340461,22154175.66250245,1394628.0792395414,1498891.5532980768,1080585.360153327,0.0,252654.01361723704,2848544.2484168927,1602306.708736053,-44975.38412072586,1012.4953427164888,1334.7774000000002,0,1512155.6352544408,1546801.048091041,1501825.6639703151,187.02537111843935,4.639027475980777,77.89048169733645,True,126.54471220493556,-218865.98881548725,best with low-income households
advanced_recovery,post_rebuild,7536925|1634606|rebuild:2831044,1634606|rebuild:2831044,2,dhw_only,0.5,6,17572.1276338201,22412.874459874976,25894896.66050865,1614806.6255532985,1587814.1552369853,1129710.2148445577,0.0,292371.16595267004,2887767.105709359,1592324.116425044,-314853.6750809246,1131.1200925668168,1334.7774000000002,1,1761640.8454959106,1873777.138027597,1558923.4629466725,335.7905800568832,4.612203536838641,75.05969825586159,True,135.4974798876139,-488744.279775686,best with a community facility
advanced_recovery,post_rebuild,7536925|rebuild:2831044,rebuild:2831044,1,dhw_only,0.5,6,16928.5233549248,21556.55029340461,22154175.66250245,1394628.0792395414,1498891.5532980768,1080585.360153327,0.0,252654.01361723704,2848544.2484168927,1602306.708736053,-44975.38412072586,1012.4953427164888,1334.7774000000002,0,1512155.6352544408,1546801.048091041,1501825.6639703151,187.02537111843935,4.639027475980777,77.89048169733645,True,126.54471220493556,-218865.98881548725,best with CO2 >= internal-only + 300 t
optimised_urban,today,7536925|19906892,19906892,1,dhw_only,0.75,2,3776.4711973237063,5464.199309851003,7065495.63641863,425650.4450487594,682981.2392768548,596400.3149003943,209594.15145146573,85394.6845164815,577303.3985230726,-20283.156237300696,-531328.2858025416,339.7272473220429,0.0,0,467231.0022337037,656766.389939717,125438.10413717544,65.23632213456706,3.237606382978724,39.19815633428647,True,202.6729593243613,-529192.9939600818,best net value (>= 1 external)
optimised_urban,post_rebuild,7536925|rebuild:2831044,rebuild:2831044,1,dhw_only,0.5,6,15689.24145077891,21556.55029340461,21670168.08671039,1366421.00773195,2639924.960778774,2226458.843391945,870752.9005182296,247813.9378593164,2848544.2484168927,456433.22549743496,-1157801.7200938312,-479.0086818943109,1334.7774000000002,0,1616762.7206689168,1678930.7318365364,521129.01174270536,187.02537111843935,3.663157497843476,77.89048169733645,True,178.1682939388637,-1155666.4282513713,best with low-income households
optimised_urban,today,7536925|1634606,1634606,1,dhw_only,0.5,2,2991.0268333300223,4327.735048001959,8543623.365577025,508904.8766064637,570548.4025895696,472358.7847135507,166001.98924981625,97110.33895564605,525249.0745814443,51811.01094752072,-554204.204614589,258.8908438904772,0.0,1,569233.8747522181,653553.2306742143,99349.02605962528,148.76520893844375,3.237606382978724,39.19815633428647,True,249.17745386782104,-552068.9127721292,best with a community facility
optimised_urban,today,7536925|19906892,19906892,1,dhw_only,0.75,2,3776.4711973237063,5464.199309851003,7065495.63641863,425650.4450487594,682981.2392768548,596400.3149003943,209594.15145146573,85394.6845164815,577303.3985230726,-20283.156237300696,-531328.2858025416,339.7272473220429,0.0,0,467231.0022337037,656766.389939717,125438.10413717544,65.23632213456706,3.237606382978724,39.19815633428647,True,202.6729593243613,-529192.9939600818,best with CO2 >= internal-only + 300 t
reference,today,7536925|1634606,1634606,1,full,0.75,2,3827.152419548156,5640.719931410094,13732394.34172864,974347.1231476836,775186.6024444224,627834.8825719617,212406.95928492263,145653.94719321677,585883.6239649752,-43649.03128623043,-1163650.1016271303,336.44501128762136,0.0,1,1074204.536015562,1290771.6176318969,127121.51600476632,148.76520893844375,3.1087520134076065,51.090424727229845,True,309.8604387677744,-1142862.4926175997,best net value (>= 1 external)
reference,post_rebuild,7536925|rebuild:2831044,rebuild:2831044,1,full,0.75,2,16160.654004576938,22175.49859684848,30914635.25323392,2193469.337726338,2634352.586934537,2283523.62506232,896916.29725402,323971.2503896925,2937932.989332884,627551.6527880395,-1889888.9353279904,-372.6268186772786,1334.7774000000002,0,2426637.0120822564,2426676.2412625845,536787.3059345941,187.02537111843935,3.682611750507729,80.1269333022921,True,216.49859155187835,-1869101.32631846,best with low-income households
reference,today,7536925|1634606,1634606,1,full,0.75,2,3827.152419548156,5640.719931410094,13732394.34172864,974347.1231476836,775186.6024444224,627834.8825719617,212406.95928492263,145653.94719321677,585883.6239649752,-43649.03128623043,-1163650.1016271303,336.44501128762136,0.0,1,1074204.536015562,1290771.6176318969,127121.51600476632,148.76520893844375,3.1087520134076065,51.090424727229845,True,309.8604387677744,-1142862.4926175997,best with a community facility
reference,today,7536925|1634606,1634606,1,full,0.75,2,3827.152419548156,5640.719931410094,13732394.34172864,974347.1231476836,775186.6024444224,627834.8825719617,212406.95928492263,145653.94719321677,585883.6239649752,-43649.03128623043,-1163650.1016271303,336.44501128762136,0.0,1,1074204.536015562,1290771.6176318969,127121.51600476632,148.76520893844375,3.1087520134076065,51.090424727229845,True,309.8604387677744,-1142862.4926175997,best with CO2 >= internal-only + 300 t
