experiment_id,search_radius_m,max_candidates,min_annual_heat_demand_gwh,max_candidates_per_building_type,n_eligible,n_shortlisted,shortlist,n_configurations,seconds_model_c,seconds_setup
R500_N5_cap2,500,5,2.0,2.0,17,5,FULTON; Manhattan Chelsea Market; 111 Eighth Avenue; 363 West 16th Street; M440 (OECID: 0100175; BBL: 1007420007),64,2.8,0.2
R500_N10_cap2,500,10,2.0,2.0,17,10,FULTON; Manhattan Chelsea Market; 111 Eighth Avenue; 363 West 16th Street; M440 (OECID: 0100175; BBL: 1007420007); 61 9th Ave; DEPM 2548 - 61 Jane Street; 33 Ninth Avenue Condominium; M070 (OECID: 0100079; BBL: 1007410010); 201-215 West 15th Street,2048,65.5,0.2
R500_N12_cap2,500,12,2.0,2.0,17,11,FULTON; Manhattan Chelsea Market; 111 Eighth Avenue; 363 West 16th Street; M440 (OECID: 0100175; BBL: 1007420007); 61 9th Ave; DEPM 2548 - 61 Jane Street; 33 Ninth Avenue Condominium; M070 (OECID: 0100079; BBL: 1007410010); 201-215 West 15th Street; 22 Little West 12th Street Partners LLC,4096,169.4,0.2
R750_N5_cap2,750,5,2.0,2.0,31,5,FULTON; Manhattan Chelsea Market; 111 Eighth Avenue; 363 West 16th Street; M440 (OECID: 0100175; BBL: 1007420007),64,2.8,0.2
R750_N10_cap2,750,10,2.0,2.0,31,10,FULTON; Manhattan Chelsea Market; London Terrace Towers; 111 Eighth Avenue; Pier 57; 363 West 16th Street; M440 (OECID: 0100175; BBL: 1007420007); 61 9th Ave; 33 Ninth Avenue Condominium; M070 (OECID: 0100079; BBL: 1007410010),2048,65.1,0.2
R750_N12_cap2,750,12,2.0,2.0,31,11,FULTON; Manhattan Chelsea Market; London Terrace Towers; 111 Eighth Avenue; Pier 57; 363 West 16th Street; M440 (OECID: 0100175; BBL: 1007420007); 61 9th Ave; DEPM 2548 - 61 Jane Street; 33 Ninth Avenue Condominium; M070 (OECID: 0100079; BBL: 1007410010),4096,167.1,0.2
R1000_N5_cap2,1000,5,2.0,2.0,49,5,FULTON; ELLIOTT/CHELSEA ADDITION CAMPUS; Manhattan Chelsea Market; 111 Eighth Avenue; CHELSEA,48,1.4,0.2
R1000_N10_cap2,1000,10,2.0,2.0,49,10,FULTON; ELLIOTT/CHELSEA ADDITION CAMPUS; Manhattan Chelsea Market; London Terrace Towers; 111 Eighth Avenue; CHELSEA; 363 West 16th Street; M440 (OECID: 0100175; BBL: 1007420007); 61 9th Ave; M070 (OECID: 0100079; BBL: 1007410010),1536,46.4,0.2
R1000_N12_cap2,1000,12,2.0,2.0,49,12,FULTON; ELLIOTT/CHELSEA ADDITION CAMPUS; Manhattan Chelsea Market; London Terrace Towers; 111 Eighth Avenue; CHELSEA; Pier 57; 363 West 16th Street; M440 (OECID: 0100175; BBL: 1007420007); 61 9th Ave; 33 Ninth Avenue Condominium; M070 (OECID: 0100079; BBL: 1007410010),6144,272.7,0.2
R1000_N10_nocap,1000,10,2.0,,49,10,FULTON; ELLIOTT/CHELSEA ADDITION CAMPUS; Manhattan Chelsea Market; London Terrace Towers; 111 Eighth Avenue; CHELSEA; 363 West 16th Street; M440 (OECID: 0100175; BBL: 1007420007); 61 9th Ave; M070 (OECID: 0100079; BBL: 1007410010),1536,58.9,0.3
R1000_N12_nocap,1000,12,2.0,,49,12,FULTON; ELLIOTT/CHELSEA ADDITION CAMPUS; Manhattan Chelsea Market; London Terrace Towers; 111 Eighth Avenue; CHELSEA; 363 West 16th Street; M440 (OECID: 0100175; BBL: 1007420007); 61 9th Ave; 33 Ninth Avenue Condominium; URA Group - 18 Ninth Avenue; M070 (OECID: 0100079; BBL: 1007410010),6144,280.4,0.2
R750_N12_nocap,750,12,2.0,,31,12,FULTON; Manhattan Chelsea Market; London Terrace Towers; 111 Eighth Avenue; Pier 57; 363 West 16th Street; M440 (OECID: 0100175; BBL: 1007420007); 61 9th Ave; DEPM 2548 - 61 Jane Street; 33 Ninth Avenue Condominium; URA Group - 18 Ninth Avenue; M070 (OECID: 0100079; BBL: 1007410010),8192,371.9,0.2
R500_N12_nocap,500,12,2.0,,17,12,FULTON; Manhattan Chelsea Market; 111 Eighth Avenue; 363 West 16th Street; M440 (OECID: 0100175; BBL: 1007420007); 61 9th Ave; DEPM 2548 - 61 Jane Street; 33 Ninth Avenue Condominium; URA Group - 18 Ninth Avenue; GTS - 440 West 21 Street/175 9th Ave; M070 (OECID: 0100079; BBL: 1007410010); 201-215 West 15th Street,8192,375.0,0.3
