property_id,property_name,dist_m,dist_recomputed,diff
3616164,Penn South,609,817.156670724402,208.15667072440203
4473909,ELLIOTT/CHELSEA ADDITION CAMPUS,852,968.4927905397875,116.4927905397875
4040951,Manhattan Chelsea Market,274,139.17260599683976,-134.82739400316024
7536925,111 Eighth Avenue,0,136.10666288978652,136.10666288978652
20800809,Pier 57,669,563.3528382488136,-105.64716175118645
26497677,The Cortland,836,726.2722517303204,-109.72774826967964
2388664,54 West 16th St. Apt. Corp. (54 West 16th Street),730,831.4484207196346,101.44842071963456
57797892,FDNY_3626_Marine Co. 1,693,579.624556961351,-113.375443038649
6682167,55 West 16th Street,727,829.6098319117724,102.6098319117724
4951878,AKAM - 201 West 17th Street,404,981.3446439427116,577.3446439427116
