property_id,property_name,use_type,main_fuel,dist_m,heat_fuel_MWh
4978579,Dream Hotel: 355 West 16th St,Hotel,steam,105,2187.9890110083343
4043768,305 West 16th St Owners Corp,Multifamily Housing,gas_or_oil,128,604.5654020260588
59808495,MEPA,Not Available,steam,133,0.0
54875692,DalanRE - 102-116 8th Ave,Multifamily Housing,gas_or_oil,166,2802.299904282999
6814882,350 West 14th Street,Multifamily Housing,gas_or_oil,176,594.5860107814974
6293352,345 West 13th Street,Multifamily Housing,gas_or_oil,190,890.1449294900389
6225126,321 WEST 13th   STREET - 40440,Multifamily Housing,gas_or_oil,193,289.6271608860358
2650027,80 Eighth Ave LLC,Office,gas_or_oil,193,1638.3486091727718
6303085,250 West 16th Street,Multifamily Housing,gas_or_oil,196,392.5067889906106
2649514,305 W 13,Multifamily Housing,gas_or_oil,203,1022.0113641225952
6282524,Buchbinder: 319 W 18th St,Multifamily Housing,gas_or_oil,215,697.0876358604069
51560292,76 8th Avenue,Office,steam,222,0.0
6299929,250 West 15th Street,Multifamily Housing,gas_or_oil,228,785.4989622354522
46874796,Monarch - 251 West 14th Street,Multifamily Housing,gas_or_oil,232,21.354621232058925
61947292,Monarch - 251 West 14th Street lot 7506,Multifamily Housing,gas_or_oil,232,21.354621232058925
4375882,Gansevoort Cooperative,Multifamily Housing,gas_or_oil,239,544.1496866191384
6801340,412 West 15th Street,Financial Office,gas_or_oil,245,807.4933868520127
6801393,413-421 West 14th Street (One Building),Financial Office,gas_or_oil,253,447.741301505037
4376878,Halstead - 236-246 West 17th Street,Multifamily Housing,gas_or_oil,263,777.9040262685434
35868829,2 Gansevoort,Office,gas_or_oil,266,385.4364208758018
15667798,URA Group - 405 W 13th Street,Office,steam,273,0.0
4123405,249 West 17th Street,Office,gas_or_oil,280,259.2211871604406
3111362,414 West 14th Street   (418 West 14th St),Office,gas_or_oil,281,206.74755036572336
6826591,EK 17 Street LLC,Medical Office,gas_or_oil,289,392.3048923520768
34705250,EK 17 Street LLC,Medical Office,gas_or_oil,289,392.3048923520768
20805153,URA Group - 2 9th Ave,Office,gas_or_oil,296,283.3410801777886
52523993,420 West 14th Street,Office,gas_or_oil,297,137.34393234513686
4040793,245 West 17th Street,Office,gas_or_oil,300,769.2272478695202
9562380,570 RH Contemporary,Office,gas_or_oil,303,83.20286787595593
2682646,2 Horatio Owners Corp (2 Horatio Street),Multifamily Housing,gas_or_oil,316,2751.225007634501
47971592,440 West 15th Street,Performing Arts,gas_or_oil,318,182.48595750118253
53897392,222 W 14th Street,Multifamily Housing,gas_or_oil,319,1322.6750821038515
6288366,224 West 18th Street,Multifamily Housing,gas_or_oil,322,792.9851688470176
2814189,410 West 13th Street,Office,gas_or_oil,323,400.2353946582528
52612292,300 West 20th,Office,gas_or_oil,333,674.6240338180534
10517316,425 W 18th Street,Multifamily Housing,gas_or_oil,344,1222.1204744702889
4802833,218 West 18th Street,Office,gas_or_oil,349,970.3953704154164
26278887,214 West 17 Street,Multifamily Housing,steam,350,0.0
53949393,40 Gansevoort Street AKA 831 Greenwich Street,Office,gas_or_oil,350,568.1226045105977
4947962,CB - 40 Gansevoort Street,Office,gas_or_oil,350,602.6454936517882
2940676,Teamsters Union Local 237,Office,gas_or_oil,352,587.056458963314
52484292,416 WEST 13 STREET,Office,gas_or_oil,352,1241.2934748905527
3114461,The Caledonia,Multifamily Housing,gas_or_oil,357,8220.15751396044
5989957,837 Washington Street,Office,gas_or_oil,359,195.62140145398405
2798374,Chelsea 19 Condominium,Multifamily Housing,gas_or_oil,368,1204.7115565530391
50495092,365 W 20 APTS CORP,Multifamily Housing,gas_or_oil,376,1199.422239754383
26632680,860 Washington Street,Office,gas_or_oil,377,834.2920663911409
2805207,200 West 16th Street - 35457,Multifamily Housing,gas_or_oil,382,2102.1953951506125
2637925,201 West 16 Owners Corp. (201 W 16 Street),Multifamily Housing,gas_or_oil,387,1526.5867598710722
33541056,"Halstead - 247 West 12th Street NY, NY 10014",Multifamily Housing,gas_or_oil,389,317.7265190018469
6571032,450 W. 14th Street,Office,gas_or_oil,391,725.1951706581965
1712194,220 W 19th St (Red Circle NYC Corp),Office,gas_or_oil,399,783.2471509098976
16096595,420 W 20th St Condo,Multifamily Housing,gas_or_oil,401,585.7059876171625
2670519,Brodsky - 177 9th Ave,Multifamily Housing,gas_or_oil,411,1416.580200941227
4410272,Standard Hotel,Hotel,gas_or_oil,414,6665.667372577109
35500619,The Standard Hotel,Hotel,gas_or_oil,414,4000.5566005166256
55530192,200 REALTY EQUITIES LLC,Multifamily Housing,gas_or_oil,416,1137.9060425972891
11934123,URA Group - 40 10th Avenue,Office,gas_or_oil,417,735.7255061483373
6810455,459 West 18th Street Condo (459 West 18th Street),Multifamily Housing,gas_or_oil,421,216.94026801932628
3235263,The Dance Building Condominium,Multifamily Housing,gas_or_oil,432,466.7622273633396
6309302,452 West 19th Street,Multifamily Housing,gas_or_oil,432,76.01090458720651
4389657,"299 West 12th Street, New York",Multifamily Housing,gas_or_oil,438,2564.443419998347
52698695,225 8 AVENUE,Multifamily Housing,gas_or_oil,438,69.59470033779368
26679016,The Chadwin House Condominium (140 7th Avenue),Multifamily Housing,gas_or_oil,442,1861.7106204841416
6641272,MGRE - 140 Seventh Avenue,Multifamily Housing,gas_or_oil,442,1681.7653251242182
5802561,101 7th Ave - 30014,Multifamily Housing,gas_or_oil,446,2160.367681063684
33869334,161 WEST 15 STREET,Multifamily Housing,gas_or_oil,447,1630.8526139885153
52544497,160 West 16th Street,Multifamily Housing,gas_or_oil,450,32.10886299573699
3522266,"NH Lenox Health, Greenwich Village 1011094",Hospital (General Medical & Surgical),steam,451,5437.505912708206
3114292,85 10th Ave,Office,gas_or_oil,461,2412.8902900289613
27204965,GTS - 440 West 21 Street/175 9th Ave,Multifamily Housing,gas_or_oil,463,3040.4362714095723
50162294,261 West 21st Street,Multifamily Housing,gas_or_oil,463,662.8316172070214
33869332,302 WEST 12 STREET,Multifamily Housing,gas_or_oil,467,20.317442826236423
15497673,68 Jane Street,Multifamily Housing,gas_or_oil,476,528.0774364021192
6773368,151 West 16th Street,Multifamily Housing,gas_or_oil,478,733.2429013798371
2384020,175 West 13th Street - Cambridge,Multifamily Housing,steam,482,2597.0106460985503
2688331,99 Tenth Avenue (501 WEST 16 STREET),Office,gas_or_oil,482,2938.2680439442443
33030547,MMS #1981,Self-Storage Facility,steam,482,0.0
6812204,Moore Hotel,Hotel,steam,485,0.0
4372134,Brodsky - 445-455 West 20th Street,Multifamily Housing,gas_or_oil,488,387.8824503786771
33915520,460 WEST 20 STREET,Multifamily Housing,gas_or_oil,494,1969.9544157306468
6382107,247 West 21st Street,Multifamily Housing,gas_or_oil,495,897.9696331512581
45838192,220 West 21st Street,Multifamily Housing,gas_or_oil,500,547.5485779900134
6626322,92 Horatio Street,Multifamily Housing,gas_or_oil,503,809.1228325198659
26680772,154 West 18th Street,Multifamily Housing,gas_or_oil,505,695.6627244704354
6791658,144 West 15th Street - LDS,Worship Facility,gas_or_oil,508,39.70760888614835
33638934,DEPM 2294 - 500 West 18th Street,Multifamily Housing,gas_or_oil,514,805.1259003874985
6266279,258 West 22nd Street - 39832,Multifamily Housing,gas_or_oil,514,741.4284341038563
2670565,Brodsky - 433 West 21 Street,Multifamily Housing,gas_or_oil,515,1468.4675784302062
22839039,Lantern House,Multifamily Housing,gas_or_oil,518,3775.2867846648815
44406002,JM - 138 W 17th street,Multifamily Housing,gas_or_oil,519,466.4207702961952
15568360,AKAM - 223-231 West 21st Street,Multifamily Housing,gas_or_oil,520,30.700949726007888
2690725,Pratt Manhattan Ctr,College/University,gas_or_oil,524,666.3585513146874
53351492,157 W 18th Street,Office,steam,528,0.0
4410723,144 West 18 Street - 42252,Multifamily Housing,gas_or_oil,529,683.204831451915
3114488,Westminster,Multifamily Housing,gas_or_oil,538,4243.902832883274
2708793,95 Horatio Street (also 521 West Street),Multifamily Housing,gas_or_oil,539,2869.814650152309
26565549,505 West 19th Street,Multifamily Housing,gas_or_oil,540,345.1037500783965
56798796,130 W 16 OWNERS INC,Multifamily Housing,gas_or_oil,544,517.3424787127851
2805261,344 W 23rd Street - 34185,Multifamily Housing,gas_or_oil,547,641.3247455703779
33572213,155 W 18th Street - 44182,Multifamily Housing,gas_or_oil,548,182.6052374139177
52721894,312 West 23rd Street,Multifamily Housing,gas_or_oil,551,972.7906986286034
44408395,JM - 135 W 17th street,Multifamily Housing,gas_or_oil,551,357.07277129732586
2665742,DEPM 2344 - 300 West 23rd St,Multifamily Housing,gas_or_oil,555,3060.284888495262
60316392,Copy of DEPM 2344 - 300 West 23rd St,Multifamily Housing,gas_or_oil,555,2961.013932011036
6317581,Warehouse Eyes LLC (John Peden),Office,gas_or_oil,556,256.70282772522364
7566203,99 Jane Street Condominium (99 Jane Street),Multifamily Housing,gas_or_oil,558,1662.910570544837
19398456,124 West 16th Street,Multifamily Housing,gas_or_oil,567,281.9832820556706
58754793,124 West 16th Street,Multifamily Housing,gas_or_oil,567,198.4741256372097
54407092,Chelsea Warren (Campus),Multifamily Housing,gas_or_oil,572,34.64158291184834
52535692,133 West 17th Street,Multifamily Housing,gas_or_oil,574,595.3239343497428
6262473,201 West 21st Street,Multifamily Housing,steam,575,0.0
10719073,201 West 21st Street Tenants Corp. (201 W 21 St),Multifamily Housing,gas_or_oil,575,1228.930654116974
15620940,Left Bank Apartment Corporation (99 Bank Street),Multifamily Housing,gas_or_oil,576,2443.9861236724614
44312692,Rockrose - 108-110 Horatio Street,Multifamily Housing,gas_or_oil,577,1547.7020592929605
24241109,135 West 18 Street,Office,gas_or_oil,582,391.5136005476912
53974695,Impact Real Estate Management Inc. : 281 WEST 11 STREET,Multifamily Housing,gas_or_oil,587,180.5317598153887
6282899,Sandra Greer: 181 7th Avenue,Multifamily Housing,gas_or_oil,587,1143.813973744352
44143093,Rockrose - 100 Jane Street,Multifamily Housing,gas_or_oil,591,1906.0991893068929
32887548,The Salvation Army DHQ,Office,steam,593,3679.4993584674967
53053995,MQ Property Management:114 WEST 17 STREET,Retail Store,gas_or_oil,596,438.4401352581458
6225116,115 WEST 16th   STREET - 35454,Multifamily Housing,gas_or_oil,597,539.1932692132978
60087394,The Greenwich Lane - Parent,Multifamily Housing,steam,599,12047.60212206878
2715813,The Broadmoor,Multifamily Housing,gas_or_oil,603,1566.5472011422737
3616164,Penn South,Multifamily Housing,gas_or_oil,609,64850.22241161125
4936244,Elijah Equities - 520 W 20th St,Office,gas_or_oil,610,613.3267021126319
6225115,114 WEST 16th   STREET - 35453,Multifamily Housing,gas_or_oil,612,606.122810832609
4936981,Union Land House Condo,Multifamily Housing,gas_or_oil,615,633.2482059656369
55096192,MILTAN MANAGEMENT CORP:133 WEST 19 STREET,Office,gas_or_oil,618,320.2623161638642
34002978,295 West 11th Street,Multifamily Housing,gas_or_oil,620,888.554139892185
26640250,143 WEST 20 STREET,Multifamily Housing,gas_or_oil,624,623.9189048990341
4630104,143-145 Owners Corporation (143 West 20th Street),Multifamily Housing,gas_or_oil,624,587.4374806206777
44408792,JM - 112 W 18 ST / 117 W 17 ST,Multifamily Housing,gas_or_oil,628,931.8956245080072
6265967,510 WEST 21 STREET - [510-520 W. 21st],Self-Storage Facility,gas_or_oil,630,477.4026989498093
33030550,MMS #1992,Self-Storage Facility,steam,630,0.0
6295276,Sam Sasson & Joseph Sasson,Multifamily Housing,gas_or_oil,641,401.20428751206725
2670610,Brodsky - 208 W 23rd Street,Multifamily Housing,gas_or_oil,644,2658.0110382276
6682135,104 West 17th Street (585 6 AVENUE),Multifamily Housing,gas_or_oil,645,662.5837963367293
6779339,166 W 22nd Street - 44844,Multifamily Housing,gas_or_oil,651,612.9156406738055
10063232,Andrews: 100 11th Ave,Multifamily Housing,steam,652,0.0
20659086,100 Eleventh Avenue Condominium (100 Eleventh Avenue),Multifamily Housing,gas_or_oil,652,2153.1062599387715
6309298,100 Bank Street,Multifamily Housing,gas_or_oil,655,674.8018986314169
55272895,129 West 20th Street - CEC,Multifamily Housing,gas_or_oil,661,19.677375677800047
57872692,National Energy Cost Services Inc:235 WEST 23 STREET,Office,gas_or_oil,669,620.431388846068
33987261,600 - 435 West 23rd Street,Multifamily Housing,gas_or_oil,679,14229.928062782852
3538284,M Rapaport: 150 West 22nd Street,Office,gas_or_oil,680,576.9814093317336
6294568,220 West 24th St and 225 West 23rd Street,Multifamily Housing,gas_or_oil,682,1899.366058036272
24317571,15 Charles at Waverly Place Condominium (15 Charles Street),Multifamily Housing,gas_or_oil,685,3974.865465739703
3114445,Superior Ink Condominium,Multifamily Housing,gas_or_oil,687,1739.109392282033
35163166,29 Charles Street,Multifamily Housing,gas_or_oil,689,500.7821772950833
57797892,FDNY_3626_Marine Co. 1,Fire Station,gas_or_oil,693,181.822737740692
3518964,Ten23 - 19178,Multifamily Housing,gas_or_oil,699,1040.56194027095
5218337,Merchants: 213 West 23rd St,Multifamily Housing,gas_or_oil,700,378.04991703158896
15368934,126 West 11th Street,Multifamily Housing,gas_or_oil,703,464.5466103110597
3542194,140 West 22nd Street,Multifamily Housing,gas_or_oil,703,416.0430603415684
55272692,121 West 20th Street,Multifamily Housing,gas_or_oil,703,366.6063721849794
6294571,126 West 11th Street,Multifamily Housing,gas_or_oil,703,410.027191130967
11711675,Century - 325 West 11th Street,Multifamily Housing,gas_or_oil,712,794.9183240322355
21815773,249-257 West 24th Street,Residential Care Facility,gas_or_oil,712,360.3520310702193
50716792,120 11th Avenue NCG,Multifamily Housing,gas_or_oil,715,612.212563252057
52523893,136 West 22nd Street,Multifamily Housing,gas_or_oil,715,12.722213788289
2587898,531 WEST 21 STREET - [531-539 West 21st St],Self-Storage Facility,gas_or_oil,716,41.313638178012525
54460592,540 6th Avenue,Multifamily Housing,gas_or_oil,717,396.1928020580621
6707586,Left Bank Co.: 77 West 15th Street,Multifamily Housing,gas_or_oil,717,882.2754445741122
26697879,147 West 22nd Street,Multifamily Housing,gas_or_oil,724,491.3186496927737
33560626,"Halstead - 63 West 17th Street NY, NY 10011",Multifamily Housing,gas_or_oil,724,909.897389967944
4405892,590 6th Avenue,K-12 School,gas_or_oil,729,1253.350739799223
2807291,The Christopher,Multifamily Housing,gas_or_oil,729,1696.1472002044463
26682952,541 WEST 21 STREET,Office,steam,741,0.0
30833286,117 West 21 Street,Multifamily Housing,gas_or_oil,742,264.85034913552835
6282832,Parkland: 97 Charles St,Parking,steam,743,0.0
6622206,Timothy Mitchell,Residential Care Facility,gas_or_oil,750,516.7069248583441
2654491,Milstein - 55 West 14th Street,Multifamily Housing,gas_or_oil,751,5385.160787563941
2710389,118 West 22nd Street,Office,gas_or_oil,751,880.5888207466162
50675093,55 West 17th Street Condominium (55 West 17th Street),Multifamily Housing,gas_or_oil,752,676.0779299337484
6610148,CB - 60 West 14th Street,Multifamily Housing,gas_or_oil,755,525.616724040207
53950093,58-60 West 14th Street,Multifamily Housing,gas_or_oil,755,510.6373357263561
10814132,True North Flatiron 43,Multifamily Housing,gas_or_oil,759,827.868183680515
32478054,Hauser &amp; Wirth,Museum,steam,759,0.0
2587287,534 WEST 23 STREET - [524 West 23rd],Self-Storage Facility,gas_or_oil,765,1319.282696910035
4405691,The Lawrence House,Multifamily Housing,gas_or_oil,765,2306.8465497625834
33030551,MMS #1982,Self-Storage Facility,gas_or_oil,765,1080.4610710808636
58716192,Arnhold Hall,College/University,gas_or_oil,766,912.3524167517062
2799302,50 West Realty Company LP,Office,gas_or_oil,770,774.1784779179765
33999155,111 Charles Street,Multifamily Housing,gas_or_oil,774,73.81287179724643
4341957,636 Sixth Avenue Owner LLC.,Office,gas_or_oil,775,483.0337072724407
3531301,Vesta 24 Condominium,Multifamily Housing,gas_or_oil,775,644.0652235457962
3994572,401 West 25th Street - 41674,Multifamily Housing,gas_or_oil,781,1735.4308232189635
5876802,60 West 13th Street,Multifamily Housing,gas_or_oil,782,910.5029919622338
2801945,50 West 15th Street,Multifamily Housing,gas_or_oil,785,839.5708033253012
2632792,The Chelsea Mercantile,Multifamily Housing,gas_or_oil,785,4320.980164365962
6227870,THE SEYMOUR CONDOMINIUM,Multifamily Housing,gas_or_oil,787,496.4995595142289
44408194,JM - 131 Perry Street,Multifamily Housing,gas_or_oil,788,330.37605117254793
6309310,650 Sixth Avenue,Multifamily Housing,steam,788,1044.7614137981363
24312274,The Board of Managers of 128 West 23rd Street Condo (128 W 23rd St),Multifamily Housing,gas_or_oil,794,359.5670989073725
4947936,CB - 47 West 13th Street,Residence Hall/Dormitory,gas_or_oil,796,801.8479887413831
53948493,47 West 13th Street AKA 48 West 14th Street,Residence Hall/Dormitory,gas_or_oil,796,1018.7504212896182
26105630,245 West 25th Street,Multifamily Housing,gas_or_oil,797,1085.5656358967476
5043145,Kinsey: 148 West 24th St,Office,gas_or_oil,800,731.6323001797698
6232581,The Getty Condominium (501 West 24th Street),Multifamily Housing,gas_or_oil,810,1116.4165500732386
3994570,260 West 26th Street - 41589,Multifamily Housing,gas_or_oil,811,1926.6658011301995
54514492,GREENWICH GREEN COOPERATIVE IN,Multifamily Housing,gas_or_oil,812,473.8794575372303
36500729,Wallack - 43 West 13th Street,Multifamily Housing,gas_or_oil,814,74.23049802733884
15498159,True North Flatiron- 27 West 16th,Multifamily Housing,gas_or_oil,814,1072.8451805346906
52667993,MQ Property Management:134 WEST 10 STREET,Multifamily Housing,gas_or_oil,819,274.6802448432685
25518956,TMG - 37 West 17th Street,Office,gas_or_oil,820,181.84747293635496
7440717,37 West 17th Street,Office,steam,820,0.0
2682647,59 West 12th St Condominium (59 West 12 Street),Multifamily Housing,gas_or_oil,821,1292.0818945987596
36340942,159 West 24th Street,Multifamily Housing,gas_or_oil,821,277.1549366937249
5868058,The Kimberly Condominium,Multifamily Housing,gas_or_oil,823,363.5766037872984
6687943,Wallack - 42 West 13th Street,Multifamily Housing,gas_or_oil,825,758.7011912165439
3114446,Tate,Multifamily Housing,gas_or_oil,825,4632.819589571595
6707599,450 Village Company: 450 6th Avenue,Multifamily Housing,gas_or_oil,826,436.3830696377818
2829947,Majestic Rayon: 116 West 23rd Street,Retail Store,gas_or_oil,828,312.31554841504254
20583447,34 West 17th Street,Multifamily Housing,gas_or_oil,829,91.58792336309568
17707039,77 Christopher Street,Multifamily Housing,gas_or_oil,829,776.1124830092066
51811392,34 West 17th Street,Multifamily Housing,gas_or_oil,829,91.26290758122023
53891992,GC 40 West 20th Street-RDA,Office,gas_or_oil,835,662.1611585918757
2805211,207 W 25 street  - 39875,Office,gas_or_oil,836,979.7817031061428
26497677,The Cortland,Multifamily Housing,gas_or_oil,836,5209.819462378764
26664055,35 XV Condominium (35 West 15th St),Multifamily Housing,gas_or_oil,839,1459.2203079473247
2645024,5421 Equities Company (BBL): 1-00822-0070 (BIN) 1015512,Office,gas_or_oil,840,691.9667469876694
19081856,"226 West 26th St, New York, NY 10001",Office,gas_or_oil,843,1728.1367832874482
6282457,Andrews: 140 Perry Street,Multifamily Housing,gas_or_oil,844,279.7664927192362
2782326,30 West 15th Street,Multifamily Housing,gas_or_oil,845,721.6924735254279
33987403,31 WEST 17 STREET,Multifamily Housing,gas_or_oil,846,225.29660254467723
33912723,30 WEST 18 STREET,Multifamily Housing,gas_or_oil,852,1503.4172083107917
2643762,"37 West 20, LLC (BBL): 1-00822-0009 (BIN) 1015489",Office,gas_or_oil,854,583.0114924877101
2648547,322 Partners Pro,Office,gas_or_oil,855,1416.4434246874837
3447970,Salon: 366 West 11 Street,Multifamily Housing,gas_or_oil,859,1113.9209915648294
4136687,555W23 Condominium (555 W 23 St),Multifamily Housing,gas_or_oil,865,5569.799088080156
48587198,32 West 20th Street,Multifamily Housing,gas_or_oil,872,502.4667496253087
4410715,33 West 19th Street - 41708,Office,gas_or_oil,881,312.11626010875284
6627932,127 West 24th Street,Office,gas_or_oil,886,450.2527444637416
2651619,138 W 25th St - Tamkat Building Corp.,Office,gas_or_oil,888,884.0447144345108
3762097,341 Chelsea Manhattan NY HAMP,Hotel,gas_or_oil,890,455.65495222649
6441058,101 West 23rd Street,Multifamily Housing,gas_or_oil,893,1433.4836885452014
33580916,"Halstead - 250 West 27th Street NY, NY 10001",Multifamily Housing,gas_or_oil,894,746.6374201308151
2637906,167 Housing Corporation (167 Perry Street),Multifamily Housing,gas_or_oil,895,403.53944824101694
2799290,17 West 17th Street,Office,gas_or_oil,897,427.6011959642946
43061592,JM - 12 W 18th Street,Multifamily Housing,gas_or_oil,901,303.7399967527729
54875492,DalanRE - 134 West 25th Street,Office,gas_or_oil,901,164.57796891219652
53500792,"ROYAL EQUITIES OPERATING, LLC:151 WEST 25 STREET",Office,gas_or_oil,906,5093.369003986352
4862664,708 Greenwich Street,Multifamily Housing,gas_or_oil,908,746.8452661114338
7523696,Loria: 15 West 17th Street,Multifamily Housing,gas_or_oil,909,362.0485313917182
55101792,MILTAN MANAGEMENT CORP:130 WEST 25 STREET,Office,gas_or_oil,911,507.4747182268499
6314233,147 West 25th Street,Office,gas_or_oil,914,489.5063570038996
6078588,31 Operating Corp. (31 West 12th Street),Multifamily Housing,gas_or_oil,915,9.830774920856166
26616431,540 West 25 Street,Museum,gas_or_oil,916,625.7365314808118
6078748,14 West 14th Street Condominium (14 West 14th Street),Multifamily Housing,gas_or_oil,918,318.4340217962793
52943893,Century - 10 West 15th Street / 7 West 14th Street (Parent Property),Multifamily Housing,gas_or_oil,922,9364.523750770044
4039173,Century - 10 West 15th Street,Multifamily Housing,gas_or_oil,922,8472.567876717909
7088347,Hilton New York Fashion District,Hotel,gas_or_oil,923,2165.8311113664085
58910793,"16-20 WEST 19 STREET, Manhattan",Multifamily Housing,gas_or_oil,923,876.8685769818491
36304624,11 West 17th Street,Multifamily Housing,gas_or_oil,925,386.5070386871356
6318071,Loria: 6-8 West 18th Street,Office,gas_or_oil,926,233.4155495287125
33910479,FIT_10242_FIT: Nagler Hall,Residence Hall/Dormitory,steam,926,15424.894831457776
7435863,Icon West 25 Street,Office,steam,933,0.0
6434656,508 W. 26th Street,Office,gas_or_oil,934,21.175554827436844
49621196,7 W 18th St,Office,gas_or_oil,939,441.40689338251457
6801920,LL84 - Winter- 550 West 25th Street,Parking,steam,943,0.0
54086897,BRC - Reception Center,Office,gas_or_oil,944,1990.7182350558685
33963881,131 West 25 Street,Multifamily Housing,gas_or_oil,944,1974.767697241205
53933293,8 West 13th Street,Multifamily Housing,gas_or_oil,945,574.258046704973
4405687,142 West 26th Street,Multifamily Housing,gas_or_oil,946,82.06135618036998
34146013,West Perry Condominium,Multifamily Housing,gas_or_oil,947,754.0806039139052
36311824,Wallack - 3 Sheridan Square,Multifamily Housing,gas_or_oil,947,1982.373154458402
6303546,Altair 20,Multifamily Housing,gas_or_oil,949,490.7492126646546
6784491,Loria: 3 West 18th Street,Office,gas_or_oil,954,202.19029571453945
6447087,275 West 10th Street Condominium (275 West 10th),Multifamily Housing,gas_or_oil,954,818.9559520090313
21308112,108 West 25th Street Condominium,Multifamily Housing,gas_or_oil,955,750.6527571244104
6213192,134 W 26th St,Manufacturing/Industrial Plant,gas_or_oil,956,618.0039693541476
16641747,115 W Washington Place,Multifamily Housing,gas_or_oil,957,601.3231278182444
45047792,110 5th Avenue,Office,gas_or_oil,958,952.6289937523115
3539832,114 Fifth Avenue,Office,gas_or_oil,958,1390.594353927826
20659095,100-104 5th Avenue,Office,gas_or_oil,962,2014.825584632761
47603092,100 Fifth Ave,Office,gas_or_oil,962,1927.2722237233968
6434657,518 W. 26th Street,Office,gas_or_oil,964,4618.707603610869
50231292,291 7 AVENUE,Multifamily Housing,gas_or_oil,965,628.0488912829537
6250162,6 West 20th Street,Multifamily Housing,steam,965,344.8664504583925
2810288,"38-50 West 9th Street Corporation (38, 42, 50 West 9th Street) (Campus)",Multifamily Housing,gas_or_oil,968,1642.9497365584434
20413921,108 Fifth Avenue Condominium (108 Fifth Avenue),Multifamily Housing,gas_or_oil,969,1005.8974685109824
3526759,165 Charles Street,Multifamily Housing,gas_or_oil,975,1432.4908517875283
6773464,35 West 9th Street,Multifamily Housing,gas_or_oil,976,1060.6533374050668
34002988,74 Fifth Avenue,Multifamily Housing,gas_or_oil,978,2856.5158190954544
2800685,126 Fifth Avenue,Office,gas_or_oil,978,1197.4372403024258
19081268,278 West 10 Street,K-12 School,gas_or_oil,979,590.596757110343
6773430,78 Fifth Avenue,Office,gas_or_oil,980,364.34298455339786
48631292,107 West 25th Street,Multifamily Housing,gas_or_oil,985,449.6375004322798
54162698,NB:5 West 19th Street,Multifamily Housing,gas_or_oil,988,1058.4597006806869
52614292,15 West 11th Street,Multifamily Housing,gas_or_oil,988,820.6516903458297
4045044,140 5th Avenue,Multifamily Housing,steam,988,0.0
4408617,114 West 26th Street,Office,gas_or_oil,996,405.0312091349071
