property_id,property_name,use_type,year_built,dist_m,heat_fuel_MWh
2440154,335 W 16,College/University,1920.0,65,962.4153879488798
7534445,312 West 15 Street,Multifamily Housing,1900.0,94,483.6414682233819
15557119,Superior - 335+337 Campus,Multifamily Housing,1900.0,99,1038.6375283717189
30687928,62-66 9th Avenue AKA 366 West 15th Street,Multifamily Housing,1905.0,121,8.443230088314026
6354513,300 West 17th Street,Multifamily Housing,1900.0,146,823.6182726275754
54875692,DalanRE - 102-116 8th Ave,Multifamily Housing,1905.0,166,2802.299904282999
7968700,"The Ruth Associates, LLC - 344 W 14",Office,1910.0,167,274.9237771073615
6382110,304 West 14th Street,Multifamily Housing,1905.0,174,1270.5480506575243
6814882,350 West 14th Street,Multifamily Housing,1910.0,176,594.5860107814974
15745500,Cornerstone: 300 W 14,Multifamily Housing,1907.0,189,225.87004487699127
6293352,345 West 13th Street,Multifamily Housing,1920.0,190,890.1449294900389
2650027,80 Eighth Ave LLC,Office,1930.0,193,1638.3486091727718
6225126,321 WEST 13th   STREET - 40440,Multifamily Housing,1907.0,193,289.6271608860358
4014030,Stonehenge - 364 West 18th Street,Multifamily Housing,1938.0,194,1143.425229665119
6303085,250 West 16th Street,Multifamily Housing,1930.0,196,392.5067889906106
2808712,401 Associate LLC,Office,1923.0,197,123.941989127846
6802712,Vanderbilt - 253 West 16th St,Multifamily Housing,1930.0,212,1055.0036702263076
6282524,Buchbinder: 319 W 18th St,Multifamily Housing,1928.0,215,697.0876358604069
6894297,255 WEST 14TH STREET,Multifamily Housing,1930.0,216,463.5785673632575
26619467,675 Hudson Street,Office,1849.0,221,768.747607807647
6299929,250 West 15th Street,Multifamily Housing,1930.0,228,785.4989622354522
1633052,M440 (OECID: 0100175; BBL: 1007420007),K-12 School,1931.0,230,5598.780668174615
4375882,Gansevoort Cooperative,Multifamily Housing,1900.0,239,544.1496866191384
6382108,248 West 17th Street,Multifamily Housing,1920.0,239,586.5798082260352
6152632,Winter Management - 404-408 West 14th Street (402 WEST 14 STREET),Office,1891.0,242,174.58608111854664
14947867,Mosbacher: 257 W 17th St,Multifamily Housing,1907.0,244,1063.0467753100545
20596955,413-421 West 14th Street,Office,1914.0,253,597.8478328275904
6801393,413-421 West 14th Street (One Building),Financial Office,1914.0,253,447.741301505037
4042763,33 Ninth Avenue Condominium,Hotel,1903.0,254,3038.230823922334
4376878,Halstead - 236-246 West 17th Street,Multifamily Housing,1926.0,263,777.9040262685434
5722199,Sage Realty - 2 Gansevoort,Office,1912.0,266,829.3012424453614
35868829,2 Gansevoort,Office,1912.0,266,385.4364208758018
4040951,Manhattan Chelsea Market,Office,1905.0,274,12376.927962943317
4123405,249 West 17th Street,Office,1902.0,280,259.2211871604406
3111362,414 West 14th Street   (418 West 14th St),Office,1900.0,281,206.74755036572336
11922380,MacArthur - 411-417 West 13th Street,Office,1901.0,283,286.02238711050126
34705250,EK 17 Street LLC,Medical Office,1912.0,289,392.3048923520768
6826591,EK 17 Street LLC,Medical Office,1912.0,289,392.3048923520768
19461628,Sandberg: 229 West 16 St,Multifamily Housing,1910.0,294,185.99828201757137
20805153,URA Group - 2 9th Ave,Office,1913.0,296,283.3410801777886
52523993,420 West 14th Street,Office,1900.0,297,137.34393234513686
4040793,245 West 17th Street,Office,1909.0,300,769.2272478695202
25112004,177 Eighth Avenue,Multifamily Housing,1925.0,302,1328.9775161760558
9562380,570 RH Contemporary,Office,1920.0,303,83.20286787595593
6282519,Buchbinder: 222 W 15th St,Multifamily Housing,1928.0,305,1487.729437989392
2682646,2 Horatio Owners Corp (2 Horatio Street),Multifamily Housing,1931.0,316,2751.225007634501
6790170,CECO STUDIOS,Manufacturing/Industrial Plant,1893.0,318,211.75280806015692
47971592,440 West 15th Street,Performing Arts,1893.0,318,182.48595750118253
6699313,William Gottlieb Management,Retail Store,1889.0,318,90.8743833052669
6600362,M. MEILMAN: 421 W 13TH ST,Manufacturing/Industrial Plant,1902.0,319,363.910714540407
10063237,Andrews: 227 West 17 St,Multifamily Housing,1910.0,319,11.320015403813793
6654365,234 West 13th Street,Multifamily Housing,1882.0,339,1054.5953929623486
21739389,11-17 Jane Street,Multifamily Housing,1922.0,339,159.31019283488203
6457845,1 Jane Street AKA 115 Greenwich Avenue,Multifamily Housing,1939.0,347,109.2902933113569
11656102,Andrews: 221 W 17th St.,Multifamily Housing,1912.0,348,347.8651630950099
4802833,218 West 18th Street,Office,1912.0,349,970.3953704154164
2671721,Greenway Mews Realty LLC,Office,1902.0,352,1211.1344721292376
52484292,416 WEST 13 STREET,Office,1902.0,352,1241.2934748905527
20268005,210 West 16th Street,Multifamily Housing,1925.0,352,508.0220870057577
2940676,Teamsters Union Local 237,Office,1916.0,352,587.056458963314
12077431,ROBERTO LOPEZ,Office,1920.0,353,332.046263021879
2798374,Chelsea 19 Condominium,Multifamily Housing,1910.0,368,1204.7115565530391
50495092,365 W 20 APTS CORP,Multifamily Housing,1928.0,376,1199.422239754383
1633695,M011 (OECID: 0100034; BBL: 1007440024),K-12 School,1925.0,377,2020.728895026448
2805207,200 West 16th Street - 35457,Multifamily Housing,1930.0,382,2102.1953951506125
4407514,SW - 200 West 15th Street,Multifamily Housing,1931.0,386,2015.8874103129356
2637925,201 West 16 Owners Corp. (201 W 16 Street),Multifamily Housing,1930.0,387,1526.5867598710722
26533122,AKAM - 206 West 17th Street,Multifamily Housing,1910.0,388,449.2645675355832
2659137,247 West 12th St,Multifamily Housing,1911.0,389,331.58789991741264
33541056,"Halstead - 247 West 12th Street NY, NY 10014",Multifamily Housing,1911.0,389,317.7265190018469
6571032,450 W. 14th Street,Office,1934.0,391,725.1951706581965
6382103,209 West 13th Street,Multifamily Housing,1909.0,392,355.72298378359795
26680747,22 Little West 12th Street Partners LLC,Office,1908.0,392,2000.6348358303965
2679751,DEPM 7628 - 444 West 19th St,Multifamily Housing,1900.0,395,282.7043833462969
1712194,220 W 19th St (Red Circle NYC Corp),Office,1910.0,399,783.2471509098976
16096595,420 W 20th St Condo,Multifamily Housing,1896.0,401,585.7059876171625
22009016,209 8th Ave,Multifamily Housing,1930.0,410,936.1018386690824
21355392,NYPD_4434_10th Precinct,Police Station,1920.0,411,257.82136265137854
28621235,MIDWOOD MANAGEMENT CORP : 56 7 Avenue,Multifamily Housing,1931.0,417,1113.5234113937815
6791778,JC Dwight - 225 WEST 12th STREET,Multifamily Housing,1926.0,420,895.0037933161437
6139025,226 West 20th Street,Multifamily Housing,1920.0,421,598.2807866730049
4739512,206-218 West 19th Street,Multifamily Housing,1939.0,423,825.647833530961
21309636,The Church of the Village,Worship Facility,1931.0,429,45.6604678234376
6309302,452 West 19th Street,Multifamily Housing,1920.0,432,76.01090458720651
4389657,"299 West 12th Street, New York",Multifamily Housing,1931.0,438,2564.443419998347
26619471,809 Washington Street,Office,1920.0,440,0.0002930710386613
5802561,101 7th Ave - 30014,Multifamily Housing,1930.0,446,2160.367681063684
33869334,161 WEST 15 STREET,Multifamily Housing,1938.0,447,1630.8526139885153
52544497,160 West 16th Street,Multifamily Housing,1920.0,450,32.10886299573699
28242206,455 West 19th Street,Multifamily Housing,1900.0,453,158.34979904118882
6690206,290 West 12th Street,Multifamily Housing,1903.0,458,582.063476060883
6835716,Andrews: 205 West 19th St.,Multifamily Housing,1913.0,460,542.5722317535437
3114292,85 10th Ave,Office,1914.0,461,2412.8902900289613
33935158,GTS - 440 West 21 Street/175 9th Ave,Multifamily Housing,1931.0,463,2710.371417719427
50162294,261 West 21st Street,Multifamily Housing,1910.0,463,662.8316172070214
27204965,GTS - 440 West 21 Street/175 9th Ave,Multifamily Housing,1931.0,463,3040.4362714095723
19833666,300 West 12th Street,Multifamily Housing,1925.0,466,652.1683300401918
4491815,Direct Property Management - 87 Greenwich Ave,Multifamily Housing,1929.0,466,890.2223783965225
33869332,302 WEST 12 STREET,Multifamily Housing,1931.0,467,20.317442826236423
31978251,234 West 21st Street,Multifamily Housing,1913.0,468,403.8108466763693
30687967,154 West 14th Street,Office,1913.0,470,954.2515229436524
15497673,68 Jane Street,Multifamily Housing,1897.0,476,528.0774364021192
2688331,99 Tenth Avenue (501 WEST 16 STREET),Office,1917.0,482,2938.2680439442443
4372134,Brodsky - 445-455 West 20th Street,Multifamily Housing,1931.0,488,387.8824503786771
6134883,215 West 20th Street,Multifamily Housing,1910.0,491,74.06007721835726
6701561,JC Dwight - 15 ABINGDON SQUARE,Multifamily Housing,1927.0,492,564.2822016199794
6382107,247 West 21st Street,Multifamily Housing,1920.0,495,897.9696331512581
20405636,421 West 21st Street,Multifamily Housing,1938.0,498,1128.22177388866
45838192,220 West 21st Street,Multifamily Housing,1920.0,500,547.5485779900134
6626322,92 Horatio Street,Multifamily Housing,1920.0,503,809.1228325198659
6898232,65 Bank Street,Multifamily Housing,1908.0,503,385.6006969620061
14910017,Andrews: 147 W 15th St,Multifamily Housing,1923.0,505,433.33436885100326
26680772,154 West 18th Street,Multifamily Housing,1906.0,505,695.6627244704354
4414278,Century - 607 Hudson Street / 320 West 12th Street,Multifamily Housing,1905.0,505,378.3910517205908
6787440,Marbrose: 50 Bank St.,Multifamily Housing,1905.0,508,381.0271280230034
6266279,258 West 22nd Street - 39832,Multifamily Housing,1920.0,514,741.4284341038563
2670565,Brodsky - 433 West 21 Street,Multifamily Housing,1930.0,515,1468.4675784302062
10317687,210 West 21st Street,Multifamily Housing,1902.0,518,477.3360839027216
15568360,AKAM - 223-231 West 21st Street,Multifamily Housing,1889.0,520,30.700949726007888
10773088,Hope for Families and Children Foundation,Office,1909.0,521,313.89940199831466
20462032,Abington Court Owners Corp,Multifamily Housing,1938.0,522,1209.0713497074078
2690725,Pratt Manhattan Ctr,College/University,1896.0,524,666.3585513146874
22009022,237 8th Ave,Multifamily Housing,1910.0,524,288.69906352080307
4410723,144 West 18 Street - 42252,Multifamily Housing,1910.0,529,683.204831451915
23380325,OLD WARREN ROAD HOUSE INC,Multifamily Housing,1918.0,532,401.84274276979096
19398467,135 West 16th Street,Multifamily Housing,1918.0,536,493.9139109685353
6457924,201 West 11th Street,Multifamily Housing,1924.0,538,698.831994682519
2708793,95 Horatio Street (also 521 West Street),Multifamily Housing,1930.0,539,2869.814650152309
10149691,Andrews: 171 W 12th St.,Multifamily Housing,1922.0,539,9.486318760082863
10063226,Andrews: 130 West 17 St,Multifamily Housing,1906.0,540,403.3866703085628
56798796,130 W 16 OWNERS INC,Multifamily Housing,1927.0,544,517.3424787127851
6777152,JC Dwight - 130 West 16th st,Multifamily Housing,1927.0,544,526.1625981568177
6294587,350 West 23rd Street,Multifamily Housing,1910.0,549,196.29302258424968
44408395,JM - 135 W 17th street,Multifamily Housing,1920.0,551,357.07277129732586
20507440,132 WEST 14 STREET,Office,1912.0,552,31.544115104236575
6168896,141 West 13th Street,Multifamily Housing,1910.0,553,356.4820866189039
60316392,Copy of DEPM 2344 - 300 West 23rd St,Multifamily Housing,1931.0,555,2961.013932011036
2665742,DEPM 2344 - 300 West 23rd St,Multifamily Housing,1931.0,555,3060.284888495262
6317581,Warehouse Eyes LLC (John Peden),Office,1910.0,556,256.70282772522364
19398456,124 West 16th Street,Multifamily Housing,1920.0,567,281.9832820556706
58754793,124 West 16th Street,Multifamily Housing,1920.0,567,198.4741256372097
11911004,70 - St Francis Xavier,K-12 School,1910.0,567,27.593419812735423
6283105,151 W 19th Street,Office,1912.0,568,526.1930677758038
54407092,Chelsea Warren (Campus),Multifamily Housing,1938.0,572,34.64158291184834
52535692,133 West 17th Street,Multifamily Housing,1920.0,574,595.3239343497428
15620940,Left Bank Apartment Corporation (99 Bank Street),Multifamily Housing,1890.0,576,2443.9861236724614
22739867,WEST 23RD STREET OWNERS CORP,Multifamily Housing,1920.0,576,1094.546035891824
44312692,Rockrose - 108-110 Horatio Street,Multifamily Housing,1883.0,577,1547.7020592929605
24241109,135 West 18 Street,Office,1896.0,582,391.5136005476912
4408958,135 West 18th Street,Office,1896.0,582,384.1302618706959
53974695,Impact Real Estate Management Inc. : 281 WEST 11 STREET,Multifamily Housing,1901.0,587,180.5317598153887
10063093,Andrews: 139 West 19 St,Multifamily Housing,1909.0,590,626.8029388382234
6309410,114 W 17th Condominium Association,Multifamily Housing,1906.0,596,257.0743099202788
53053995,MQ Property Management:114 WEST 17 STREET,Retail Store,1906.0,596,438.4401352581458
6225116,115 WEST 16th   STREET - 35454,Multifamily Housing,1920.0,597,539.1932692132978
6750819,Cornerstone: 121 W 17th St,Multifamily Housing,1909.0,599,66.16586687580217
2715813,The Broadmoor,Multifamily Housing,1926.0,603,1566.5472011422737
11985530,DEPM 1042 - 130 Jane Street,Multifamily Housing,1930.0,608,541.7164643206526
16754526,Buchbinder: 137 W 12th St,Multifamily Housing,1910.0,609,590.9350587793044
4936244,Elijah Equities - 520 W 20th St,Office,1914.0,610,613.3267021126319
6225115,114 WEST 16th   STREET - 35453,Multifamily Housing,1939.0,612,606.122810832609
6333453,Eagle Point - 513-519 West 20th Street,Office,1910.0,613,309.47599289048736
10063239,Andrews: 120 W 18 St,Multifamily Housing,1907.0,614,278.7205221822539
26533119,AKAM - 270 West 11th Street,Multifamily Housing,1924.0,615,552.6749619447257
4936981,Union Land House Condo,Multifamily Housing,1912.0,615,633.2482059656369
6821238,7 - St Gabriel Guardian Angel - Parent Property,K-12 School,1900.0,617,156.78948883135578
11986512,The Jane Hotel - 113 Jane Street,Hotel,1908.0,618,555.8789757284427
55096192,MILTAN MANAGEMENT CORP:133 WEST 19 STREET,Office,1909.0,618,320.2623161638642
34002978,295 West 11th Street,Multifamily Housing,1926.0,620,888.554139892185
4630104,143-145 Owners Corporation (143 West 20th Street),Multifamily Housing,1909.0,624,587.4374806206777
26640250,143 WEST 20 STREET,Multifamily Housing,1909.0,624,623.9189048990341
22883381,Hotel Chelsea : 222 WEST 23 STREET,Hotel,1885.0,625,2597.7610154169047
12797241,BRG - 111 w 16th st,Multifamily Housing,1925.0,627,774.1018886865396
44408792,JM - 112 W 18 ST / 117 W 17 ST,Multifamily Housing,1911.0,628,931.8956245080072
6405424,Rapoport: 55 Perry St,Multifamily Housing,1903.0,629,877.7952773751307
6265967,510 WEST 21 STREET - [510-520 W. 21st],Self-Storage Facility,1928.0,630,477.4026989498093
6457870,117 West 13th Street,Multifamily Housing,1924.0,631,550.3261587589262
6693942,TKR - 35 Bethune Street,Multifamily Housing,1886.0,632,183.59860169946035
26533123,AKAM - 121 West 19th Street,Multifamily Housing,1903.0,640,1018.4337580323446
6295276,Sam Sasson & Joseph Sasson,Multifamily Housing,1920.0,641,401.20428751206725
31999717,110 West 14th Street,Multifamily Housing,1920.0,641,276.8527071851054
2670610,Brodsky - 208 W 23rd Street,Multifamily Housing,1927.0,644,2658.0110382276
6722391,135-139 West 20th Street,Office,1903.0,644,517.3385222537632
6299719,Ace: 216 7th Ave,Multifamily Housing,1890.0,645,965.9273119348492
6682135,104 West 17th Street (585 6 AVENUE),Multifamily Housing,1920.0,645,662.5837963367293
5849964,Lawrence - 380 West 12th Street,Multifamily Housing,1939.0,652,863.7112259689076
2637247,136 W21,College/University,1910.0,654,625.6749963317276
55272895,129 West 20th Street - CEC,Multifamily Housing,1905.0,661,19.677375677800047
6640510,575 6th Avenue,Multifamily Housing,1900.0,661,434.5743963762353
6694545,DEPM 1228 - 125 West 12th Street,Multifamily Housing,1916.0,662,616.9168809504412
9469621,23rd Street: 241 W 23,Multifamily Housing,1898.0,663,329.124637837464
6333465,Eagle Point - 529-535 West 20th Street,Office,1930.0,663,684.6853286488858
6815789,512 W 22nd,Office,1920.0,663,849.4396774811835
6262562,123 Bank Street,Multifamily Housing,1907.0,665,180.82190014366344
28444237,204 West 23rd Street,Hotel,1920.0,666,558.6407453148199
2636732,132 West 21st Street,College/University,1910.0,668,766.001639634771
20800809,Pier 57,Office,1900.0,669,6331.603706215431
57872692,National Energy Cost Services Inc:235 WEST 23 STREET,Office,1906.0,669,620.431388846068
20652468,111 West 19th Street,Office,1901.0,676,773.1359949263542
33987261,600 - 435 West 23rd Street,Multifamily Housing,1934.0,679,14229.928062782852
3538284,M Rapaport: 150 West 22nd Street,Office,1910.0,680,576.9814093317336
6294568,220 West 24th St and 225 West 23rd Street,Multifamily Housing,1930.0,682,1899.366058036272
21968031,615 AVENUE OF THE AMER,Retail Store,1877.0,685,1155.756608800767
35163166,29 Charles Street,Multifamily Housing,1914.0,689,500.7821772950833
6579377,Crane Realty LLC - 29 Charles st,Multifamily Housing,1914.0,689,530.437786586842
57797892,FDNY_3626_Marine Co. 1,Fire Station,1910.0,693,181.822737740692
6778499,Chelsea Operating Inc - 521 West 21 st,Retail Store,1931.0,695,229.49894816804223
2637231,133 W21,College/University,1911.0,696,1524.912288722646
6600340,AAG: 229 9th Ave,Multifamily Housing,1910.0,697,374.17913244329617
5218337,Merchants: 213 West 23rd St,Multifamily Housing,1900.0,700,378.04991703158896
55272692,121 West 20th Street,Multifamily Housing,1890.0,703,366.6063721849794
15368934,126 West 11th Street,Multifamily Housing,1899.0,703,464.5466103110597
3542194,140 West 22nd Street,Multifamily Housing,1911.0,703,416.0430603415684
6294571,126 West 11th Street,Multifamily Housing,1899.0,703,410.027191130967
21355488,NYPL_4617_Muhlenberg Branch Library,Library,1906.0,706,80.57519294331831
21815773,249-257 West 24th Street,Residential Care Facility,1920.0,712,360.3520310702193
11711675,Century - 325 West 11th Street,Multifamily Housing,1897.0,712,794.9183240322355
52523893,136 West 22nd Street,Multifamily Housing,1908.0,715,12.722213788289
50716792,120 11th Avenue NCG,Multifamily Housing,1910.0,715,612.212563252057
8471298,120 11th Avenue,Multifamily Housing,1910.0,715,637.2814495996943
2587898,531 WEST 21 STREET - [531-539 West 21st St],Self-Storage Facility,1921.0,716,41.313638178012525
24896820,415 West 24th Street,Multifamily Housing,1926.0,717,1003.3660967216488
10063205,Andrews: 511 W 22nd St.,Multifamily Housing,1930.0,721,921.25120623155
26697879,147 West 22nd Street,Multifamily Housing,1909.0,724,491.3186496927737
6574521,132 West 22nd Street,Multifamily Housing,1913.0,724,69.55572188965172
4769672,London Terrace Towers,Multifamily Housing,1932.0,727,11673.542240231114
5829624,532 West 22nd Street,Multifamily Housing,1930.0,735,679.1783431052987
10063220,Andrews: 126 W 22nd St,Multifamily Housing,1911.0,736,709.3223064378134
21294034,AKAM - 148 West 23rd Street,Multifamily Housing,1910.0,740,1186.991836799289
6262541,400 West 25th Street,Multifamily Housing,1929.0,742,350.3592171720872
6684983,CFA - 58 West 15th Street,Multifamily Housing,1920.0,742,922.5423648839936
33545328,"Halstead - 341 West 11th St, NY, NY 10014",Multifamily Housing,1905.0,749,585.9849912459681
6622206,Timothy Mitchell,Residential Care Facility,1926.0,750,516.7069248583441
2710389,118 West 22nd Street,Office,1911.0,751,880.5888207466162
6382100,190 Waverly Place,Multifamily Housing,1883.0,755,349.6497703397651
6610148,CB - 60 West 14th Street,Multifamily Housing,1906.0,755,525.616724040207
53950093,58-60 West 14th Street,Multifamily Housing,1906.0,755,510.6373357263561
4950993,AKAM - 420 West 25th Street,Multifamily Housing,1912.0,759,847.5116803462457
10814132,True North Flatiron 43,Multifamily Housing,1911.0,759,827.868183680515
2587287,534 WEST 23 STREET - [524 West 23rd],Self-Storage Facility,1931.0,765,1319.282696910035
33030551,MMS #1982,Self-Storage Facility,1931.0,765,1080.4610710808636
6294578,129 West 22nd Street,Multifamily Housing,1909.0,765,582.5831203195335
58716192,Arnhold Hall,College/University,1900.0,766,912.3524167517062
6274256,Dia Art Foundation,Office,1913.0,767,127.65666454287854
2799302,50 West Realty Company LP,Office,1911.0,770,774.1784779179765
4341957,636 Sixth Avenue Owner LLC.,Office,1896.0,775,483.0337072724407
2563179,Forty Four Eighteen Associates / 44 W 18th St,Office,1907.0,781,974.6209345918194
6168917,521 West 23rd Street,Multifamily Housing,1914.0,784,695.8606646499472
2632792,The Chelsea Mercantile,Multifamily Housing,1910.0,785,4320.980164365962
6701357,715 Washington Street AKA 340 West 11th Street,Multifamily Housing,1900.0,787,132.30926497197362
20579817,131 PERRY ST : 131 Perry Street,Multifamily Housing,1905.0,788,348.19682182042834
44408194,JM - 131 Perry Street,Multifamily Housing,1905.0,788,330.37605117254793
6114096,71 West 12th Street,Multifamily Housing,1922.0,793,846.2288937564733
4947936,CB - 47 West 13th Street,Residence Hall/Dormitory,1910.0,796,801.8479887413831
53948493,47 West 13th Street AKA 48 West 14th Street,Residence Hall/Dormitory,1910.0,796,1018.7504212896182
6664908,Adorama Camera: 42 West 18th St,Retail Store,1908.0,797,187.9558353667579
6654229,U-Haul Of Chelsea 803062,Retail Store,1934.0,797,485.1338836425916
26105630,245 West 25th Street,Multifamily Housing,1938.0,797,1085.5656358967476
5043145,Kinsey: 148 West 24th St,Office,1910.0,800,731.6323001797698
6629441,Andrews: 42 W 17th St,Multifamily Housing,1910.0,802,486.64288688258966
4128950,620 Avenue of the Americas,Office,1900.0,804,2538.0610478696376
19501617,556 West 22 Street,K-12 School,1920.0,805,263.33820026638205
5864824,AKAM - 245 Seventh Avenue,Multifamily Housing,1911.0,809,865.5224929091462
33946658,115 7th Ave South,Multifamily Housing,1923.0,811,191.51327816954864
4951007,AKAM - 263 9th Avenue,Multifamily Housing,1914.0,811,1045.1857073943584
14887282,37 West 14th Street,Office,1906.0,811,216.3601925125039
54514492,GREENWICH GREEN COOPERATIVE IN,Multifamily Housing,1909.0,812,473.8794575372303
15498159,True North Flatiron- 27 West 16th,Multifamily Housing,1851.0,814,1072.8451805346906
36500729,Wallack - 43 West 13th Street,Multifamily Housing,1906.0,814,74.23049802733884
20313612,CFA - 40 West 15th Street,Multifamily Housing,1903.0,815,288.92578327631145
52667993,MQ Property Management:134 WEST 10 STREET,Multifamily Housing,1910.0,819,274.6802448432685
7463970,The Jefferson Court Condominium,Multifamily Housing,1910.0,819,274.3854153783752
25518956,TMG - 37 West 17th Street,Office,1906.0,820,181.84747293635496
36340942,159 West 24th Street,Multifamily Housing,1900.0,821,277.1549366937249
2682647,59 West 12th St Condominium (59 West 12 Street),Multifamily Housing,1931.0,821,1292.0818945987596
10063228,Andrews: 166 Bank St,Multifamily Housing,1920.0,823,555.7988794135766
6382013,250 West 26th Street,Office,1920.0,825,1.094913400438786
6549794,Owners Corp. - 36 West 15th St,Multifamily Housing,1909.0,826,541.2812635972751
6707599,450 Village Company: 450 6th Avenue,Multifamily Housing,1891.0,826,436.3830696377818
25750647,450 Sixth,Multifamily Housing,1891.0,826,502.4821798154943
2672673,DEPM 2102 - 720 Greenwich St,Multifamily Housing,1930.0,826,1576.42960052659
21355487,NYPL_4611_Jefferson Market Branch Library,Library,1877.0,828,310.37815346879864
2829947,Majestic Rayon: 116 West 23rd Street,Retail Store,1889.0,828,312.31554841504254
4038982,DEPM  2512 - TRANSFER - 32 West 18th Street,Multifamily Housing,1908.0,829,668.8115412547309
17707039,77 Christopher Street,Multifamily Housing,1910.0,829,776.1124830092066
4052575,Johnson/Kaplan - 66 W12th St,College/University,1931.0,829,2103.233394155343
51811392,34 West 17th Street,Multifamily Housing,1910.0,829,91.26290758122023
20583447,34 West 17th Street,Multifamily Housing,1910.0,829,91.58792336309568
10868316,132 Perry Street,Multifamily Housing,1915.0,830,473.2900916784824
15314590,45 Christopher Street,Multifamily Housing,1931.0,831,2539.107194249243
14947872,Rudd: 236 West 26th St,Multifamily Housing,1925.0,833,994.0648718605498
53891992,GC 40 West 20th Street-RDA,Office,1910.0,835,662.1611585918757
6800658,THE KOREAN ASSOCIATION,Multifamily Housing,1904.0,835,886.7612680441397
31978303,377 West 11th Street,Multifamily Housing,1930.0,835,604.7633715126744
6272136,33 West 17th Street,Office,1908.0,835,172.99353309446093
2543889,GC 40 West 20th Street,Office,1910.0,835,847.6865997956709
1836849,M883 (OECID: 0101359; BBL: 1005770019),K-12 School,1930.0,836,452.286794238536
6772501,130 West 24th Street,Multifamily Housing,1898.0,836,275.0279736306402
2805211,207 W 25 street  - 39875,Office,1912.0,836,979.7817031061428
30687951,39 West 19th Street,Office,1910.0,839,968.0610449389268
2645024,5421 Equities Company (BBL): 1-00822-0070 (BIN) 1015512,Office,1910.0,840,691.9667469876694
15503670,GPG - 1 Christopher Street,Multifamily Housing,1931.0,841,2001.62532801976
19081856,"226 West 26th St, New York, NY 10001",Office,1928.0,843,1728.1367832874482
6282457,Andrews: 140 Perry Street,Multifamily Housing,1909.0,844,279.7664927192362
2782326,30 West 15th Street,Multifamily Housing,1908.0,845,721.6924735254279
7463419,The Alchemy Condominium,Multifamily Housing,1920.0,846,217.35906653357333
12444746,Nelco: 164 W 25th St,Manufacturing/Industrial Plant,1918.0,847,637.5830783126845
2539063,Winter Management - 26 WEST 17 STREET,Office,1908.0,848,289.0958230929428
6650159,Andrews: 124 W 24th St,Multifamily Housing,1920.0,850,467.1888411052842
2643762,"37 West 20, LLC (BBL): 1-00822-0009 (BIN) 1015489",Office,1910.0,854,583.0114924877101
2648547,322 Partners Pro,Office,1925.0,855,1416.4434246874837
30731787,523 West 24 Street,Office,1930.0,855,336.9944744386371
24896821,434 6th Avenue,Fitness Center/Health Club/Gym,1894.0,856,351.9471200202102
2731500,JC Dwight - 55 West 11th St,Multifamily Housing,1924.0,857,751.6498922573172
2646584,3620 Company (BBL) 1008210064 (BIN) 1015484,Office,1907.0,858,321.3961787053412
31977411,155 Perry Street,Multifamily Housing,1913.0,862,216.7503579862737
30687964,152 West 25th Street,Office,1911.0,864,631.0208660718107
6699671,115 West 23rd Street,Multifamily Housing,1920.0,868,129.70708721969953
33214016,30-34 West 13th Street (Parent Property),Multifamily Housing,1900.0,868,806.6915444902352
2665536,Stellar - 119-21 West 23rd Street,Office,1901.0,868,1303.1304676065652
16880240,Center for Jewish History Campus,Museum,1934.0,868,634.6819387938721
48587198,32 West 20th Street,Multifamily Housing,1912.0,872,502.4667496253087
2639187,18 West 18th Street,Office,1904.0,872,1196.173009993918
6262477,24-30 Christopher Street,Multifamily Housing,1907.0,872,817.4715667362808
2689489,146 West 25th Street,Office,1911.0,873,740.727027187028
3962142,25 West 14th Street,Retail Store,1929.0,876,335.71434014176435
31977680,165 Perry Street,Multifamily Housing,1911.0,877,440.4542659713459
33922209,233-235 West 26th Street,Multifamily Housing,1926.0,877,438.249639083016
7059087,Leor Management - 10 Christopher st,Multifamily Housing,1903.0,881,210.78284549705143
4410715,33 West 19th Street - 41708,Office,1903.0,881,312.11626010875284
10656758,330 Bleecker Street AKA 95 Christopher Street,Multifamily Housing,1931.0,882,54.42138691766052
6695981,AKAM - 56 West 11th Street,Multifamily Housing,1912.0,885,511.5679681560732
6627932,127 West 24th Street,Office,1904.0,886,450.2527444637416
2651619,138 W 25th St - Tamkat Building Corp.,Office,1911.0,888,884.0447144345108
2689487,27 West 20th Street,Office,1908.0,889,766.7026069450412
17978911,Clinton - 533 West 24th Street,Museum,1926.0,893,151.18641017870883
4390390,275 Seventh Avenue,Office,1928.0,893,3312.835646933803
3530197,250 West 27th Street,Multifamily Housing,1918.0,894,693.5176056565056
6811135,Century - 147 Waverly Place,Multifamily Housing,1912.0,894,321.1034300448223
33580916,"Halstead - 250 West 27th Street NY, NY 10001",Multifamily Housing,1918.0,894,746.6374201308151
21294038,AKAM - 159 West 25th Street,Office,1911.0,895,191.70452167582712
33193046,45 West 11th Street,Multifamily Housing,1846.0,896,266.0208748639418
20652431,22 West 19th Street,Office,1902.0,896,319.4245628308161
2799290,17 West 17th Street,Office,1907.0,897,427.6011959642946
6692943,80 GROVE STREET,Multifamily Housing,1929.0,898,667.1028638315757
6333435,Eagle Point - 259 West 10th Street,Multifamily Housing,1892.0,900,524.3917945579834
20652469,119 West 24th Street,Office,1913.0,900,820.8329840903457
43061592,JM - 12 W 18th Street,Multifamily Housing,1885.0,901,303.7399967527729
54875492,DalanRE - 134 West 25th Street,Office,1920.0,901,164.57796891219652
33191245,14 West 17th Street,Multifamily Housing,1907.0,901,662.069368742567
30687969,236 West 27th Street,Office,1929.0,902,1133.8316078287482
3540230,Orsid - 61 West 9th St,Multifamily Housing,1925.0,905,951.4437558577574
53500792,"ROYAL EQUITIES OPERATING, LLC:151 WEST 25 STREET",Office,1909.0,906,5093.369003986352
4862664,708 Greenwich Street,Multifamily Housing,1910.0,908,746.8452661114338
7523696,Loria: 15 West 17th Street,Multifamily Housing,1907.0,909,362.0485313917182
6338140,Alfa -15 West 18th Street,Office,1904.0,910,1307.5942032893122
55101792,MILTAN MANAGEMENT CORP:130 WEST 25 STREET,Office,1910.0,911,507.4747182268499
6301459,Andrews: 12 W 17th St,Multifamily Housing,1912.0,912,387.786381692204
6382117,317 Bleecker Street,Multifamily Housing,1889.0,914,964.5515534425786
6314233,147 West 25th Street,Office,1911.0,914,489.5063570038996
6078588,31 Operating Corp. (31 West 12th Street),Multifamily Housing,1901.0,915,9.830774920856166
2689469,20 West 20th Street,Office,1902.0,916,1282.104369239811
12771968,Rudd: 21 West 20th Street,Multifamily Housing,1927.0,917,194.14569108397797
6382098,129 West Washington Place,Multifamily Housing,1924.0,922,699.6051453896116
3513340,AKAM - 137-139 West 25th Street,Office,1910.0,923,426.4778839802095
58910793,"16-20 WEST 19 STREET, Manhattan",Multifamily Housing,1907.0,923,876.8685769818491
6687351,Halstead - 166 Perry Street,Multifamily Housing,1905.0,925,743.7633017617673
36304624,11 West 17th Street,Multifamily Housing,1908.0,925,386.5070386871356
6318071,Loria: 6-8 West 18th Street,Office,1910.0,926,233.4155495287125
6434656,508 W. 26th Street,Office,1927.0,934,21.175554827436844
6178163,136 Wooster Corp (980 Madison Ave),Museum,1938.0,936,197.1700767435822
14840064,150 West 26th Street,Multifamily Housing,1922.0,937,683.9378607338147
5531218,7 West 18th Street,Office,1897.0,939,28.027262640300435
10436939,4 West 16th Street,Multifamily Housing,1902.0,939,592.3335400461059
49621196,7 W 18th St,Office,1897.0,939,441.40689338251457
2681134,11 W 19th Street,Office,1904.0,940,615.5612808611131
6261052,177 West 26th Street,Multifamily Housing,1920.0,941,760.0912955361568
54086897,BRC - Reception Center,Office,1912.0,944,1990.7182350558685
33963881,131 West 25 Street,Multifamily Housing,1912.0,944,1974.767697241205
53933293,8 West 13th Street,Multifamily Housing,1910.0,945,574.258046704973
4405687,142 West 26th Street,Multifamily Housing,1911.0,946,82.06135618036998
6303546,Altair 20,Multifamily Housing,1906.0,949,490.7492126646546
6262487,35 Grove Street,Multifamily Housing,1888.0,950,617.0290294679022
6784491,Loria: 3 West 18th Street,Office,1896.0,954,202.19029571453945
6447087,275 West 10th Street Condominium (275 West 10th),Multifamily Housing,1895.0,954,818.9559520090313
21308112,108 West 25th Street Condominium,Multifamily Housing,1913.0,955,750.6527571244104
6213192,134 W 26th St,Manufacturing/Industrial Plant,1911.0,956,618.0039693541476
5850905,122-124 5th Avenue,Office,1900.0,956,596.9778221422204
16641747,115 W Washington Place,Multifamily Housing,1912.0,957,601.3231278182444
45047792,110 5th Avenue,Office,1890.0,958,952.6289937523115
3539832,114 Fifth Avenue,Office,1909.0,958,1390.594353927826
20806186,125 West 25th St,Office,1906.0,960,465.3315620119756
47603092,100 Fifth Ave,Office,1906.0,962,1927.2722237233968
20659095,100-104 5th Avenue,Office,1906.0,962,2014.825584632761
16754520,Andrews: 1 Sheridan Square,Multifamily Housing,1920.0,963,843.2276118637501
6434657,518 W. 26th Street,Office,1910.0,964,4618.707603610869
4948339,Orsid - 136 Waverly Place,Multifamily Housing,1928.0,965,1262.7209145066845
2900365,19 West 21st Street,Office,1908.0,965,444.4289247047748
50231292,291 7 AVENUE,Multifamily Housing,1907.0,965,628.0488912829537
2810288,"38-50 West 9th Street Corporation (38, 42, 50 West 9th Street) (Campus)",Multifamily Housing,1900.0,968,1642.9497365584434
6600357,Andrews: 9 W 20th St,Multifamily Housing,1908.0,969,437.3363320362009
2636842,210 11 AVENUE,Office,1911.0,971,983.5419364141352
2606281,90 Fifth Avenue,Office,1903.0,971,846.7410793571898
4052447,Sheila C Johnson Center,College/University,1913.0,972,2314.0771593522973
5850801,118-120 5th Avenue,Office,1906.0,972,472.7542698984978
30687963,151 West 26th Street,Office,1911.0,973,1372.2041902124824
6773464,35 West 9th Street,Multifamily Housing,1929.0,976,1060.6533374050668
6667538,AKAM - 9 Barrow Street,Multifamily Housing,1897.0,977,1215.2176257611789
5026632,80 Fifth Avenue,Office,1908.0,977,1216.0016200967018
34002988,74 Fifth Avenue,Multifamily Housing,1910.0,978,2856.5158190954544
2800685,126 Fifth Avenue,Office,1906.0,978,1197.4372403024258
2825201,74 5th Avenue,Multifamily Housing,1910.0,978,1732.1931062658
33375891,278 West 10 Street,K-12 School,1920.0,979,509.1354785351841
19081268,278 West 10 Street,K-12 School,1920.0,979,590.596757110343
6773430,78 Fifth Avenue,Office,1900.0,980,364.34298455339786
4407826,Olnick - ROC Fifth Avenue Associates LLC,Office,1903.0,982,280.2080042389795
2689501,122 West 26th Street,Office,1913.0,982,622.9723147512618
3112854,521 West 26th Street,Office,1920.0,985,1225.4499275430703
48631292,107 West 25th Street,Multifamily Housing,1905.0,985,449.6375004322798
54162698,NB:5 West 19th Street,Multifamily Housing,1899.0,988,1058.4597006806869
52614292,15 West 11th Street,Multifamily Housing,1923.0,988,820.6516903458297
18652222,NEW BEDFORD : 140 5,Multifamily Housing,1901.0,988,1170.883157852165
2616221,5 West 19th Street,Multifamily Housing,1899.0,988,1173.169331757002
26709703,158 West 27th St,Office,1913.0,989,0.1293420183958736
33641387,"Mactaggart: 555 W 25th St,",Office,1891.0,989,30.33285250144924
7069148,Stone: 123 Waverly Pl.,Multifamily Housing,1917.0,991,521.9796342981427
4408617,114 West 26th Street,Office,1911.0,996,405.0312091349071
6664912,Cahn: 510 West 27th St,Manufacturing/Industrial Plant,1910.0,998,258.77479112338625
6598605,"WEST END ESTATES, LLC",Multifamily Housing,1910.0,999,414.44070420672216
5764091,DEPM 1564 - 150 Charles Street,Multifamily Housing,1938.0,999,2074.6216306355363
