check_id,check,affected,out_of,problem,recommendation,material_downstream,records_file
Q1_steam_MWh,unit conversion district_steam_use_kbtu -> steam_MWh,0,63,none,keep,no,
Q1_gas_MWh,unit conversion natural_gas_use_kbtu -> gas_MWh,0,1343,none,keep,no,
Q1_electricity_MWh,unit conversion electricity_use_grid_purchase_1 -> electricity_MWh,0,1411,none,keep,no,
Q1_oil_MWh,unit conversion oil #2 + #4 kBtu -> MWh,0,1520,none,keep,no,
Q1b_district_hot_water,district hot water excluded from heat fuel,0,1520,no property uses district hot water,keep,no,
Q2_rows,raw LL84 rows vs processed property-years,3253,4773,"raw 4773 rows -> processed 1520 property-years (filtering documented in fetch script: 1 km, years 2022-24)",keep (documented),no,
Q3_same_lot_multiple_records,same tax lot kept as >1 property (non-overlapping years or separate filings),32,647,possible double counting of a building across years (e.g. The Greenwich Lane parent 2024 vs child 2022-23),flag; none is in the shortlist or any recommended network,no (verified: no recommended network contains such a pair),02_records/Q3_same_lot_multiple_records.csv
Q3b_dropped_duplicates,same-lot overlapping-year filings dropped,86,781,"86 filings removed (keep record with more years, then more heat)",keep (documented in features.py),no,
Q4_outlier_years,"LL84 zero years, or isolated year > 50 % from the other (mutually consistent) years",42,188,"3-yr mean inflated/deflated by one anomalous filing (hotel 2023: 8,483 vs 4,621/4,839 MWh; LL84 monthly confirms Aug-Sep spike)",correct: use mean of the remaining years for flagged properties,yes for 363 W 16th St (phase-1 offtaker),02_records/Q4_outlier_years.csv
Q5_oil_as_gas,buildings mainly heated by fuel oil but priced/emission-factored as gas,134,643,model_b.py uses I['gas_price'] and LL97 natural-gas factor for every 'gas_or_oil' building (oil ~$104 vs gas $38.9 per MWh fuel; 0.253 vs 0.181 t/MWh),correct (price and factor by fuel share),yes: M070 (min-cost external network) is 97 % oil,02_records/Q5_oil_as_gas.csv
Q6_distance,LL84 dist_m vs haversine from mean coordinates,10,682,dist_m is the nearest-lot distance (multi-lot campuses); route uses mean coordinates,"keep; note multi-lot campuses (Fulton, Elliott-Chelsea)",no (route length uses coordinates consistently),02_records/Q6_distance.csv
Q6b_missing_coordinates,records without coordinates,13,695,cannot be routed,exclude (already),no,
Q7_estimated,properties with any 'estimated' LL84 month,240,695,"self-reported estimates (incl. 111 8th 2024, Chelsea Market 2023-24, London Terrace 2023-24, hotel 2024)",flag (keep),uncertainty only,
Q8_single_year_exclusion,candidates excluded only for having one LL84 year,293,695,"25 steam-heated buildings (the only fuel class with a positive energy margin) excluded, incl. Dream Hotel 105 m","flag instead of exclude (data-quality flag, not a filter)",possible: Dream Hotel is the best-ranked external in the independent screen,02_records/Q8_single_year_exclusion.csv
Q8b_size_threshold_near,buildings within 150 m excluded by the 2 GWh threshold,7,695,threshold favours large buildings; small adjacent buildings (335 W 16th college 65 m) never tested,test explicitly (threshold experiment done: all negative),no (verified),02_records/Q8b_size_threshold_near.csv
Q9_residential_without_units,Multifamily records without unit count (DHW share falls back to non-residential rule),0,454,DHW share computed with A20 instead of per-apartment,flag,no (none in shortlist),
Q9b_nycha_ids,NYCHA flag set by 3 hard-coded property IDs,3,3,"hard-coded but matches the NYCHA data book (Fulton, Elliott-Chelsea, Chelsea)",keep,no,02_records/Q9b_nycha_ids.csv
Q9c_prewar_gas_as_hydronic,pre-1940 gas/oil buildings assumed hydronic (emitter unverified),430,643,"hydronic_assumed for every gas building; pre-war Manhattan stock is often steam (incl. London Terrace 1932, M440 1931, Chelsea Market 1905)",flag as uncertain; scenario 'prewar_steam',yes for balanced/community networks (scenario),02_records/Q9c_prewar_gas_as_hydronic.csv
Q10_intensity,heating-fuel intensity outside 5-150 kBtu/ft2,38,694,"implausible intensity (campus records, partial filings, central plants)",flag; check if in shortlist,check,02_records/Q10_intensity.csv
Q10b_hotel_intensity,363 W 16th St heating-fuel intensity,1,1,185 kBtu/ft2 (146 without 2023): gas includes kitchen/laundry that a heat network cannot serve,flag: servable demand of the hotel is uncertain (likely overstated),yes for the phase-1 proposal (hotel),
Q11_pilot_overlap,Fulton apartments already served by the Con Ed pilot counted as new demand,291,944,"2,333 MWh DHW + 348 MWh space heat of 3 Fulton buildings served from 85 10th Ave (S13)",correct (subtract),yes for existing-Fulton networks,
Q12_gas_end_uses,LL84 natural gas includes cooking/laundry/process,434,643,heat demand of gas multifamily buildings overstated by the non-heating share (typically a few %); unquantifiable from LL84,flag (uncertain),small; makes connections look slightly larger,
