cost_id,item,model_location,value_basis,original_scope,applicable,duplication_check,scales_with,fixed_or_variable,life_annualisation,verdict
K01,Distribution pipe (route),model_b.py L153 pipe_capex = route_m x A05 x markup,"$29,318 per route-m (11.17 M$ / 381 m)","S13 UDS: 2 x 10in pre-insulated steel, leak detection, excavation/backfill/street restoration under W 16th St, isolation valves (pp.48-51)",yes - same street type and utility; diameter similar for 1-5 MW,no (pumps/HX are separate lines),"route length (MST, L1 street grid)",variable,"25 yr (NY DPS LCCA convention used by the pilot, footnote 23)",VALID reference; 0.6x repeat-project and 40-yr life are labelled alternatives
K02,Excavation / civil works,inside K01,-,included in S13 UDS line,yes,would duplicate K01 if added,-,-,-,VALID (not separately added - correct)
K03,Energy centre,model_b.py L152 ec_capex = 2.69 M$ x markup if route > 0,fixed $2.69M,"S13: decentralised pump room - 3 x 125 HP UDS pumps (2,400 gpm), air separator, expansion tank, valves, controls, new electric service ($97k) (p.51)",yes for any street loop; oversized for a ~1 MW spur,"no (HX in K04, building equipment in K05)",fixed per network,fixed,25 yr,VALID reference; size-scaled energy centre is a labelled alternative
K04,Source heat-exchanger interface,model_b.py L151 hx_capex = HX_cap_MW x $1.75M/MW x markup,2.56 M$ / 1.465 MW,"S13: 3 x 6,000 MBH plate HX (2 F approach), 10in piping from chilled-water plant, 2 x 1,200 gpm condenser pumps, metering/valves/controls (pp.46-47)",yes (same type of interface on a commercial cooling plant),no,linear in interface MW (pilot: largely fixed scope),mostly fixed in reality,25 yr,VALID reference; economies-of-scale exponent 0.7 is a labelled alternative
K05,Building heat pumps (commercial / rebuilt),model_b.py L117 HP_cap x DEA capex x markup,"DEA waste-heat HP 3 MW, EUR2020 -> USD2025",DEA: installed large heat pump incl. installation (Danish district heating),transferred (no NYC labour factor; building-scale units cost more per MW),possible partial overlap of DEA 'installed' cost with A21 soft costs,HP capacity,variable,25 yr (DEA lifetime),VALID with caveat; markup on DEA tested as alternative
K06,Existing-NYCHA building retrofit,model_b.py L117 units x $63.8k x markup,18.57 M$ / 291 apts,"S13 customer-side: water-source HPs, fan coils, DHW systems, HX, electrical + plumbing upgrades; DHW for 3 buildings + space heating & cooling for 401 W 16th (p.89-90)",partly: our H7 scope is hot water only,no (no separate HP added for NYCHA),apartments,variable,25 yr,MISAPPLIED SCOPE -> correct to DHW-only (18.57 - ~7) M$ / 291 = $39.8k/apt (p.90: removing one building's HVAC saved ~$7M)
K07,Rebuilt-tower building retrofit,model_b.py L117 (rebuilt rows) HP_cap x DEA capex (owner),-,new construction: no retrofit,yes - correctly NO $/apt retrofit applied,baseline ASHP capex credited (avoided),HP capacity,variable,25 yr,VALID (rebuilt Fulton does not carry existing-building retrofit cost)
K08,Electrical upgrades in commercial buildings,not modelled,-,S13 includes them inside customer-side cost,required for building HPs,-,HP capacity,variable,-,OMITTED (understates commercial connections; no NYC source to quantify) - flag
K09,Backup heating equipment,existing plant: none (kept); rebuilt: not costed,-,existing boilers/steam remain in both cases; rebuilt towers need electric boilers,yes,-,peak MW,variable,-,OMITTED for rebuilt towers -> correct (DEA electric boiler capex + fixed O&M)
K10,Thermal storage tanks,Model A sizes 2 h of peak; model_b.py has NO storage capex,-,-,storage changes heat < 0.3 % (Model S V5; Stage 4: <= $5k),-,MWh,variable,-,UNCOSTED COMPONENT -> correct by removing storage (tank 0 h)
K11,Engineering / design (soft costs),model_b.py L99 markup = 1 + 0.15 + A21 (0.29),design 10.08 / construction 34.99,S13 design incl. Stage 1-2 first-of-kind design (100% design of an innovative pilot),transferred; first-of-kind,applied ONCE per capex line (verified),% of capex,-,-,VALID reference (once); 0.15 repeat-project is a labelled alternative
K12,Contingency 15 %,same markup,standard Con Ed procedure (p.89),pilot line items EXCLUDE contingency (p.88),yes,applied ONCE (verified),%,-,-,VALID
K13,"Pilot admin, outreach, SCADA/data, 5-yr EM&V operations",excluded,16.26 + 0.78 + 3.64 + 18.37 M$,pilot / research / regulatory,no,-,-,-,-,CORRECTLY EXCLUDED (non-recurring pilot expenses)
K14,Pilot cost escalation,pilot $ used as USD2025,3 %/yr inflation + 10 % material tariff to Stage-3 construction,nominal construction-year dollars,tariff yes; inflation ~1 yr,-,-,-,-,"MINOR overstatement (~3 %); not corrected (immaterial, timing uncertain)"
K15,Annualisation,"model_b.py crf(r=5 %, 25 yr) on all capex",-,pilot uses a 25-yr lifetime per NY DPS LCCA guidance,yes,-,-,-,25 yr,VALID (40-yr pipes = alternative)
O01,Heat-pump + pumping electricity,model_b.py L161 (E_HP + E_pump) x A07,$222/MWh,EIA NY commercial 12-mo,consistent with Con Ed weighted all-in ~$210,-,MWh,variable,-,VALID
O02,Source-side electricity (A17),model_b.py L161 E_src x A07,0.25 x heat extracted,"S13 Table 8: 666 MWh / 2,680 MWh DELIVERED",basis mismatch,-,MWh extracted,variable,-,"CORRECT basis -> 0.367 per MWh extracted (physics, Stage 4)"
O03,Backup fuel,model_b.py L121,fuel price by main fuel,-,yes,-,MWh,variable,-,"VALID, but oil priced as gas (data correction Q5)"
O04,Heat-pump O&M,DEA fixed + variable,-,DEA,transferred,-,MW / MWh,variable,-,VALID
O05,Network O&M,A22 = 1 % of network capex,team assumption,-,plausible,-,% capex,-,-,VALID (uncertain)
O06,Avoided baseline heating cost,model_b.py L109-114,"served heat / efficiency x price (steam 107.6, gas 38.85)",-,yes; oil mispriced,no double counting with backup (served scope),-,-,-,VALID after oil fix
O07,Existing boiler O&M / replacement,not credited,-,boilers retained as backup in project and baseline,yes,-,-,-,-,VALID (cancels)
O08,DC cooling-energy savings,not credited (A17 >= 0),-,pilot shows the opposite (+666 MWh),-,-,-,-,-,VALID (no evidence of savings)
T01,"Fence price, tariffs, connection charges",stakeholder view only,S13 pilot rates,-,transfers,cancel in the sum (test C5),-,-,-,VALID (excluded from societal value)
T02,LL97 penalty avoided,not in societal value,$268/t,penalty paid to the City,transfer,-,-,-,-,VALID (owner benefit only)
