horizon,variant,constraints,n_indicators,winner,winner_n_buildings,winner_n_external,winner_E_val,winner_N_co2,winner_S_li,winner_Q_DC_used,distinct_winners_weight_grid,spearman_vs_reference,spearman_score_vs_n_buildings,spearman_score_vs_net_value,same_winner_as_reference
post_rebuild,full 13 (reference),none,13,post_rebuild|1633052+1634606+19906892+4040951+7536925+8899918+R2831044,7,6,-7146307.940996089,1289.498900691151,1334.7774000000002,33301.85230088525,28,0.9999999999999998,0.7171290992844876,-0.39302118107516965,True
post_rebuild,full 13 (reference),>=1 external,13,post_rebuild|1633052+1634606+19906892+4040951+7536925+8899918+R2831044,7,6,-7146307.940996089,1289.498900691151,1334.7774000000002,33301.85230088525,38,0.9999999999999998,0.7171290992844876,-0.39302118107516965,True
post_rebuild,full 13 (reference),>=1 external + net CO2 >= 0,13,post_rebuild|1633052+1634606+19906892+4040951+7536925+8899918+R2831044,7,6,-7146307.940996089,1289.498900691151,1334.7774000000002,33301.85230088525,30,0.9999999999999998,0.7171290992844876,-0.39302118107516965,True
post_rebuild,full 13 (reference),>=1 external + CO2 >= 0 + NYCHA affordability,13,post_rebuild|1633052+1634606+19906892+4040951+7536925+8899918+R2831044,7,6,-7146307.940996089,1289.498900691151,1334.7774000000002,33301.85230088525,30,0.9999999999999998,0.7171290992844876,-0.39302118107516965,True
post_rebuild,drop T_cov,none,12,post_rebuild|1633052+1634606+19906892+4040951+7536925+8899918+R2831044,7,6,-7146307.940996089,1289.498900691151,1334.7774000000002,33301.85230088525,15,0.9835048060320017,0.7202267062700336,-0.34414624582709785,True
post_rebuild,drop T_lf,none,12,post_rebuild|1633052+1634606+19906892+4040951+8899918+R2831044,6,6,-7125520.33198656,1091.5181690785312,1334.7774000000002,30902.65665212008,33,0.9946334141533323,0.6945195507289602,-0.4036323133705536,False
post_rebuild,drop T_bk,none,12,post_rebuild|1633052+1634606+19906892+4040951+8899918+R2831044,6,6,-7125520.33198656,1091.5181690785312,1334.7774000000002,30902.65665212008,30,0.9982995424197074,0.7144954680334674,-0.413325497150915,False
post_rebuild,drop E_lcoh,none,12,post_rebuild|1633052+1634606+19906892+4040951+7536925+8899918+R2831044,7,6,-7146307.940996089,1289.498900691151,1334.7774000000002,33301.85230088525,33,0.8963984437953261,0.44038845071251875,-0.002401397202716703,True
post_rebuild,drop E_val,none,12,post_rebuild|1633052+1634606+19906892+4040951+7536925+8899918+R2831044,7,6,-7146307.940996089,1289.498900691151,1334.7774000000002,33301.85230088525,26,0.9894577565615283,0.7852662667903649,-0.5030193284505582,True
post_rebuild,drop E_fund,none,12,post_rebuild|1633052+1634606+19906892+4040951+7536925+8899918+R2831044,7,6,-7146307.940996089,1289.498900691151,1334.7774000000002,33301.85230088525,24,0.9771749453205938,0.7836602004695967,-0.5351968998215723,True
post_rebuild,drop N_co2,none,12,post_rebuild|1633052+1634606+19906892+4040951+7536925+8899918+R2831044,7,6,-7146307.940996089,1289.498900691151,1334.7774000000002,33301.85230088525,26,0.9455868862956139,0.7673171232344214,-0.5769261899965464,True
post_rebuild,drop N_erf,none,12,post_rebuild|1633052+1634606+19906892+4040951+7536925+8899918+R2831044,7,6,-7146307.940996089,1289.498900691151,1334.7774000000002,33301.85230088525,29,0.8710223430125473,0.5495516355727615,-0.1255574961148843,True
post_rebuild,drop N_gas,none,12,post_rebuild|1633052+1634606+19906892+4040951+7536925+8899918+R2831044,7,6,-7146307.940996089,1289.498900691151,1334.7774000000002,33301.85230088525,24,0.975345703349833,0.6774720214118845,-0.365039984315644,True
post_rebuild,drop S_li,none,12,post_rebuild|1633052+1634606+19906892+4040951+7536925+8899918+R2831044,7,6,-7146307.940996089,1289.498900691151,1334.7774000000002,33301.85230088525,28,0.844653649130885,0.4631453776362521,-0.014257385317140554,True
post_rebuild,drop S_aff,none,12,post_rebuild|1633052+1634606+19906892+4040951+7536925+8899918+R2831044,7,6,-7146307.940996089,1289.498900691151,1334.7774000000002,33301.85230088525,28,0.9999999999999998,0.7171290992844876,-0.39302118107516965,True
post_rebuild,drop S_eq,none,12,post_rebuild|1633052+1634606+19906892+4040951+7536925+8899918+R2831044,7,6,-7146307.940996089,1289.498900691151,1334.7774000000002,33301.85230088525,29,0.9467699579831931,0.7547068665991884,-0.48501487495683193,True
post_rebuild,drop S_fac,none,12,post_rebuild|1634606+19906892+4040951+7536925+8899918+R2831044,6,5,-6061362.150151546,987.8667914755606,1334.7774000000002,30191.17557147229,35,0.6653816406699664,0.584237354771643,-0.513763741798089,False
post_rebuild,"drop duplicates (T_bk, N_erf, E_fund)",none,10,post_rebuild|1633052+1634606+19906892+4040951+4769672+7536925+8899918+R2831044,8,7,-10584065.06436734,1922.830070540058,1334.7774000000002,39706.8774092074,29,0.9531941586566132,0.6904674715094735,-0.3400070687521583,False
post_rebuild,"drop duplicates + S_eq, S_aff, N_gas, T_cov, E_lcoh",none,5,post_rebuild|7536925,1,0,-20787.609009530745,197.98073161261976,0.0,2399.195648765168,20,0.5479640015252675,0.20136739589862687,0.30565401246114876,False
post_rebuild,Model S 8 indicators,none,8,post_rebuild|1633052+1634606+4769672+7536925+R2831044+R4473909,6,5,-9815027.64877616,-15.170998324931134,2931.0,43206.64592855991,17,0.7698692190917461,0.5390371617352147,-0.3253694457234948,False
post_rebuild,Model S 8 indicators,>=1 external,8,post_rebuild|1633052+1634606+4769672+7536925+R2831044+R4473909,6,5,-9815027.64877616,-15.170998324931134,2931.0,43206.64592855991,21,0.7698692190917461,0.5390371617352147,-0.3253694457234948,False
post_rebuild,Model S 8 indicators,>=1 external + net CO2 >= 0,8,post_rebuild|1633052+1634606+7536925+R2831044,4,3,-3804119.7801958392,67.46957021331309,1334.7774000000002,20699.28750477288,19,0.7698692190917461,0.5390371617352147,-0.3253694457234948,False
post_rebuild,Model S 8 indicators,>=1 external + CO2 >= 0 + NYCHA affordability,8,post_rebuild|1633052+1634606+7536925+R2831044,4,3,-3804119.7801958392,67.46957021331309,1334.7774000000002,20699.28750477288,19,0.7698692190917461,0.5390371617352147,-0.3253694457234948,False
post_rebuild,"minimal (T_lf, E_val, N_co2, S_li + S_fac)",none,5,post_rebuild|7536925,1,0,-20787.609009530745,197.98073161261976,0.0,2399.195648765168,20,0.5479640015252675,0.20136739589862687,0.30565401246114876,False
post_rebuild,"minimal (T_lf, E_val, N_co2, S_li + S_fac)",>=1 external,5,post_rebuild|1633052+1634606+7536925,3,2,-2248595.8924716767,638.0771205032111,0.0,6937.829148961116,24,0.5479640015252675,0.20136739589862687,0.30565401246114876,False
post_rebuild,"minimal (T_lf, E_val, N_co2, S_li + S_fac)",>=1 external + net CO2 >= 0,5,post_rebuild|1633052+1634606+7536925,3,2,-2248595.8924716767,638.0771205032111,0.0,6937.829148961116,21,0.5479640015252675,0.20136739589862687,0.30565401246114876,False
post_rebuild,"minimal (T_lf, E_val, N_co2, S_li + S_fac)",>=1 external + CO2 >= 0 + NYCHA affordability,5,post_rebuild|1633052+1634606+7536925,3,2,-2248595.8924716767,638.0771205032111,0.0,6937.829148961116,21,0.5479640015252675,0.20136739589862687,0.30565401246114876,False
today,full 13 (reference),none,13,today|1633052+1634606+19906892+4040951+4769672+7536925+8899918,7,6,-9461190.571588028,2510.674847367576,0.0,26128.9653450985,18,1.0,0.5457017587343697,-0.06952691672142484,True
today,full 13 (reference),>=1 external,13,today|1633052+1634606+19906892+4040951+4769672+7536925+8899918,7,6,-9461190.571588028,2510.674847367576,0.0,26128.9653450985,23,1.0,0.5457017587343697,-0.06952691672142484,True
today,full 13 (reference),>=1 external + net CO2 >= 0,13,today|1633052+1634606+19906892+4040951+4769672+7536925+8899918,7,6,-9461190.571588028,2510.674847367576,0.0,26128.9653450985,23,1.0,0.5457017587343697,-0.06952691672142484,True
today,full 13 (reference),>=1 external + CO2 >= 0 + NYCHA affordability,13,today|1633052+1634606+19906892+4040951+4769672+7536925+8899918,7,6,-9461190.571588028,2510.674847367576,0.0,26128.9653450985,20,1.0,0.5457017587343697,-0.06952691672142484,True
today,drop T_cov,none,12,today|1633052+1634606+19906892+2831044+4040951+4769672+7536925+8899918,8,7,-15770690.43349927,2941.388439237233,944.0,31348.49437229513,20,0.9592309212895478,0.6134453942126371,-0.221138178995386,False
today,drop T_lf,none,12,today|1633052+1634606+19906892+4040951+4769672+8899918,6,6,-9440402.962578496,2312.6941157549563,0.0,23729.769696333333,22,0.9843266793483251,0.48487939720274204,0.02524246856904695,False
today,drop T_bk,none,12,today|1633052+1634606+19906892+4040951+4769672+7536925+8899918,7,6,-9461190.571588028,2510.674847367576,0.0,26128.9653450985,19,0.9981377550379912,0.5259840504256954,-0.04007232428006152,True
today,drop E_lcoh,none,12,today|1633052+1634606+19906892+4040951+4769672+7536925+8899918,7,6,-9461190.571588028,2510.674847367576,0.0,26128.9653450985,20,0.9572893524463274,0.3416066660975082,0.19049562260403097,True
today,drop E_val,none,12,today|1633052+1634606+19906892+2831044+4040951+4769672+7536925+8899918,8,7,-15770690.43349927,2941.388439237233,944.0,31348.49437229513,17,0.9929732065741371,0.6204005676616096,-0.1681619653545747,False
today,drop E_fund,none,12,today|1633052+1634606+19906892+2831044+4040951+4769672+7536925+8899918,8,7,-15770690.43349927,2941.388439237233,944.0,31348.49437229513,18,0.9875498158905831,0.6406770527670678,-0.2127688089845969,False
today,drop N_co2,none,12,today|1633052+1634606+19906892+4040951+4769672+7536925+8899918,7,6,-9461190.571588028,2510.674847367576,0.0,26128.9653450985,18,0.9986431771733019,0.5432245839898354,-0.05585450370442638,True
today,drop N_erf,none,12,today|1633052+1634606+19906892+4040951+4769672+7536925+8899918,7,6,-9461190.571588028,2510.674847367576,0.0,26128.9653450985,18,0.9968333104078313,0.5457255511628588,-0.054287999961262774,True
today,drop N_gas,none,12,today|1633052+1634606+19906892+2831044+4040951+4769672+7536925+8899918,8,7,-15770690.43349927,2941.388439237233,944.0,31348.49437229513,17,0.9911442962486584,0.5407377416094505,-0.09845462239097623,False
today,drop S_li,none,12,today|1633052+1634606+19906892+4040951+4769672+7536925+8899918,7,6,-9461190.571588028,2510.674847367576,0.0,26128.9653450985,16,0.9579011786517725,0.35405738831260536,0.1854073716757723,True
today,drop S_aff,none,12,today|1633052+1634606+19906892+2830989+2831044+4040951+4473909+4769672+7536925+8899918,10,9,-25404348.515373982,3583.2775045017243,2072.0,37585.38922682671,20,0.8617394614127035,0.7637604958200658,-0.2727634207443572,False
today,drop S_eq,none,12,today|1633052+1634606+19906892+2831044+4040951+4769672+7536925+8899918,8,7,-15770690.43349927,2941.388439237233,944.0,31348.49437229513,22,0.9723523264393031,0.5352544971071355,-0.10588118486407538,False
today,drop S_fac,none,12,today|1633052+1634606+19906892+2831044+4040951+4769672+7536925+8899918,8,7,-15770690.43349927,2941.388439237233,944.0,31348.49437229513,21,0.8720265145537184,0.42024528774122627,-0.13743701390164187,False
today,"drop duplicates (T_bk, N_erf, E_fund)",none,10,today|1633052+1634606+19906892+4040951+4769672+8899918,6,6,-9440402.962578496,2312.6941157549563,0.0,23729.769696333333,19,0.988369899509185,0.6208529376871826,-0.16557058406407998,False
today,"drop duplicates + S_eq, S_aff, N_gas, T_cov, E_lcoh",none,5,today|1633052+1634606+19906892+2830989+2831044+4040951+4473909+4769672+7536925+8899918,10,9,-25404348.515373982,3583.2775045017243,2072.0,37585.38922682671,20,0.5987561585012425,0.6995836529789046,-0.4457198461199649,False
today,Model S 8 indicators,none,8,today|1633052+1634606+19906892+2830989+2831044+4040951+4473909+4769672+7536925+8899918,10,9,-25404348.515373982,3583.2775045017243,2072.0,37585.38922682671,13,0.5152780126620506,0.6842263623230588,-0.48740921411498356,False
today,Model S 8 indicators,>=1 external,8,today|1633052+1634606+19906892+2830989+2831044+4040951+4473909+4769672+7536925+8899918,10,9,-25404348.515373982,3583.2775045017243,2072.0,37585.38922682671,16,0.5152780126620506,0.6842263623230588,-0.48740921411498356,False
today,Model S 8 indicators,>=1 external + net CO2 >= 0,8,today|1633052+1634606+19906892+2830989+2831044+4040951+4473909+4769672+7536925+8899918,10,9,-25404348.515373982,3583.2775045017243,2072.0,37585.38922682671,16,0.5152780126620506,0.6842263623230588,-0.48740921411498356,False
today,Model S 8 indicators,>=1 external + CO2 >= 0 + NYCHA affordability,8,today|1633052+1634606+19906892+2831044+4040951+4769672+7536925+8899918,8,7,-15770690.43349927,2941.388439237233,944.0,31348.49437229513,11,0.5152780126620506,0.6842263623230588,-0.48740921411498356,False
today,"minimal (T_lf, E_val, N_co2, S_li + S_fac)",none,5,today|1633052+1634606+19906892+2830989+2831044+4040951+4473909+4769672+7536925+8899918,10,9,-25404348.515373982,3583.2775045017243,2072.0,37585.38922682671,20,0.5987561585012425,0.6995836529789046,-0.4457198461199649,False
today,"minimal (T_lf, E_val, N_co2, S_li + S_fac)",>=1 external,5,today|1633052+1634606+19906892+2830989+2831044+4040951+4473909+4769672+7536925+8899918,10,9,-25404348.515373982,3583.2775045017243,2072.0,37585.38922682671,22,0.5987561585012425,0.6995836529789046,-0.4457198461199649,False
today,"minimal (T_lf, E_val, N_co2, S_li + S_fac)",>=1 external + net CO2 >= 0,5,today|1633052+1634606+19906892+2830989+2831044+4040951+4473909+4769672+7536925+8899918,10,9,-25404348.515373982,3583.2775045017243,2072.0,37585.38922682671,22,0.5987561585012425,0.6995836529789046,-0.4457198461199649,False
today,"minimal (T_lf, E_val, N_co2, S_li + S_fac)",>=1 external + CO2 >= 0 + NYCHA affordability,5,today|1633052+1634606+19906892+2831044+4040951+4769672+7536925+8899918,8,7,-15770690.43349927,2941.388439237233,944.0,31348.49437229513,16,0.5987561585012425,0.6995836529789046,-0.4457198461199649,False
post_rebuild,"no scoring: max net value s.t. >=1 external, CO2 >= 0",hard constraints,1,post_rebuild|1634606,1,1,-1142862.4926175994,138.4642796750015,0.0,1427.9567707829872,1,,-0.7710972809130477,1.0,False
today,"no scoring: max net value s.t. >=1 external, CO2 >= 0",hard constraints,1,today|1634606,1,1,-1142862.4926175994,138.4642796750015,0.0,1427.9567707829872,1,,-0.6861155032122971,1.0,False
