id,item,publisher_or_origin,evidence_link,version_date,geo_scope,temporal,method,data_type,consumers,authority,applicability,class,can_substantiate,cannot_substantiate,audit_check,action
S01,LL84 annual benchmarking 2022-2024 (whole-building energy),NYC DOB / MOCEJ,https://data.cityofnewyork.us/d/5zyy-y8am,CY2022-2024 filings,"NYC, 1 km of 111 8th",annual,"utility-metered, self-reported via Portfolio Manager; 34% of properties carry an 'estimated' flag",primary,"features.build_offtakers -> all demand, 111 8th electricity, screening",high,"direct for building fuel input; NOT for useful heat, heating system or DC IT load",A (fuel input) / D (as proxy for DC IT load),annual steam/gas/oil/electricity by property; units; use type,"useful heat, heating emitter type, hourly shape, DC share of 111 8th electricity, oil vs gas end use",raw vs processed totals; duplicates; year-to-year jumps (02_DATA_QUALITY),keep; correct oil pricing; flag outlier years
S01m,LL84 monthly data (electricity + natural gas only),NYC DOB,https://data.cityofnewyork.us/d/fvp3-gcb2,CY2018-2024,NYC,monthly,utility-metered monthly series,primary,AUDIT ONLY (raw_verification/ll84_monthly_selected.json),high,direct for gas seasonality of hotel/Chelsea Market; no steam -> cannot test 111 8th or Fulton,A,111 8th electricity is flat (Jul/Jan 1.10); hotel/Chelsea Market gas summer/winter 0.16-0.33; hotel 2023 Aug-Sep spike; M070 uses little gas,"steam seasonality (111 8th base-load share), DC share",fetched 2026-10-03 via Socrata,use to validate A20 for gas buildings; flag hotel 2023
S02,PLUTO 26v2 (tax lots),NYC DCP,https://data.cityofnewyork.us/d/64uk-42ks,26v2,NYC,release,assessor database,secondary (administrative),distance/tract joins; year built (audit only),high,"direct for lot geometry, year built; NOT for heating emitter type",A (geometry) / D (emitter inference),"lot centroid, floor area, year built, units",whether a gas building has hydronic radiators or steam radiators,"yearbuilt: London Terrace 1932, M440 1931, Chelsea Market 1905",flag pre-war gas buildings as emitter-uncertain
S03,NYCHA Development Data Book,NYCHA,https://data.cityofnewyork.us/d/evjd-dqpz,current,NYCHA Chelsea,snapshot,administrative,secondary,low-income households (S_li),high,direct,A,"apartments, residents per development",income of households in non-NYCHA buildings,-,keep
S04,NYS Disadvantaged Communities 2023,NYS CJWG / NYSERDA,https://data.ny.gov/d/2e6c-s6fp,2023,census tracts,2023 (ACS 2015-19 inputs),statistical designation,secondary,"dac_flag -> S_li for non-NYCHA buildings, S_eq",high,direct for tract designation; NOT for individual building occupants,A (tract) / D (as household income of a market-rate building),tract is designated DAC,that residents of a given market-rate building are low-income,"S_li: no shortlisted market-rate residential building is in a DAC tract (London Terrace dac=False) -> 0 households added; but S_eq counts heat to commercial buildings in DAC tracts (Chelsea Market, hotel, 61 9th, M070) as equity heat",restrict S_li / S_eq to NYCHA / affordable units (S_eq currently rewards commercial heat in a DAC tract)
S05/S06,"NYCCAS air quality, HVI",NYC DOHMH,https://data.cityofnewyork.us/d/c3uy-2p5r,2019-2024,UHF / ZCTA,annual,monitor regression / index,secondary,narrative only (not in decisions),high,context only - same value for every candidate,A (context),neighbourhood exposure,any difference between candidate networks,-,keep as context
S07,TMYx 2011-2025 Central Park + ASHRAE 2025 design temp,climate.onebuilding.org / ASHRAE,https://climate.onebuilding.org/,2011-2025 typical year,Central Park,"8,760 h",typical-month selection from NOAA ISD,derived from primary,"Model A shapes, design peak",high,direct,A,hourly outdoor temperature; -10.5 C design,building-specific load shapes,-,keep
S08,EIA-861M NY commercial electricity price; EIA NY commercial gas price,US EIA,https://www.eia.gov/electricity/data/eia861m/,12-mo mean to 2026-07,New York State,monthly,utility survey (revenue/sales),secondary,A07 base $222/MWh; gas $38.85/MWh fuel,high,transferred: state average applied to Manhattan customers,B,average NY commercial price,"the tariff a specific Manhattan customer pays (Con Ed delivery, ESCO, demand charges); NYC gas likely above state mean","Con Ed 2024 EIA-861: bundled commercial $282/MWh, delivery-only $110 + energy; weighted all-in ~ $210 -> A07 base consistent",keep electricity; flag gas price as likely LOW for NYC (unverified)
S08o,EIA NY residential No.2 heating oil price (weekly),US EIA,https://www.eia.gov/dnav/pet/hist/LeafHandler.ashx?n=PET&s=W_EPD2F_PRS_SNY_DPG&f=W,12-mo mean to 2026-03-30 (29 heating-season weeks),New York State,weekly (Oct-Mar),price survey,secondary,"AUDIT ONLY (oil-heated buildings, e.g. M070)",high,transferred: residential retail price applied to an institutional oil buyer (likely an upper bound),B,~$4.24/gal = $104/MWh fuel,contract price paid by DOE/NYCHA for #4 oil,fetched 2026-10-03,use for oil-heated buildings (sensitivity -30%)
S09,NYISO Zone J hourly load 2025,NYISO,http://mis.nyiso.com/public/P-58Blist.htm,2025,Zone J,hourly,metered,primary,context only (not used in carbon accounting),high,context,A (context),grid peak timing,marginal or average carbon intensity,-,do not use for CO2
S10,"Danish Energy Agency technology data (heat pumps, boilers)",DEA / Energinet,https://ens.dk/en/analyses-and-statistics/technology-data-generation-electricity-and-district-heating,"Aug 2026 sheet, price year 2020",Denmark / EU,2025 values,engineering catalogue,secondary,"hp_capex/fom/vom/life; ASHP capex, SCOP; electric boiler",high,"transferred: Danish district-heating plant costs to NYC building-scale heat pumps (CPI+FX only, no NYC labour factor)",B,order-of-magnitude installed cost and O&M of large heat pumps,NYC installed cost of building-scale water-source heat pumps; whether 'installed' already includes engineering (soft-cost overlap),DEA cost includes installation; we add 15% contingency + 29% soft costs on top,flag possible partial double count; test x0.8/x1.3
S11,EIA equipment costs 2023 (boiler efficiency 0.85),US EIA (Guidehouse),https://www.eia.gov/analysis/studies/buildings/equipcosts/pdf/full.pdf,2023,US,2022 units,engineering reference,secondary,gas/oil boiler seasonal efficiency 0.85,high,"generic US equipment, not the NYC stock (older steam boilers 0.70-0.85)",C,efficiency of new typical equipment,actual seasonal efficiency of each candidate's plant,-,keep; note optimistic for old plant (raises baseline fuel if lower)
S12,NYC LL97 emission coefficients 2024-2029; $268/t penalty,NYC Council (Admin. Code 28-320),https://www.nyc.gov/assets/buildings/local_laws/ll97of2019.pdf,2024-2029,NYC,compliance period,statutory accounting factors,regulatory,"N_co2 (all fuels and grid), carbon benchmark",high,direct for compliance accounting; NOT a physical marginal emission rate,A (accounting) / C (as physical impact),"LL97-consistent tCO2e for electricity 0.289, gas 0.181, #2 oil 0.253, steam 0.153 t/MWh",marginal grid emissions of new heat-pump load; post-2030 factors,model applies the GAS factor to oil-heated buildings,correct oil EF; state CO2 basis = LL97 2024-29 average
S13,"Con Ed Chelsea UTEN pilot, Stage 2 filing","Con Edison, NY PSC Case 22-M-0429 (2025-07-09)",https://www.coned.com/-/media/files/coned/documents/our-energy-future/our-energy-vision/where-we-are-going/thermal-energy-networks/chelsea-uten-cecony-stage-2-filing.pdf,"2025-07-09 (100% design, NOT operating)",85 10th Ave -> 3 Fulton buildings,design estimates + modelled loads,engineering design / estimator; nominal $ with 3%/yr inflation + 10% tariff,primary for its own project,"COP calibration, A04, A05, A17, A21, contingency, interface, energy centre, NYCHA $/apt, steam price, tariff, fence price",high,"transferred: other source building (office w/ data center, winter free cooling), other scale (1.5 MW), first-of-kind",B,"Manhattan street pipe cost for 2x10in pre-insulated steel (1,250 ft); HX interface; pump room; building retrofit for NYCHA DHW (+1 building HVAC); source-side electricity +666 MWh",costs at 111 8th or for repeat projects; A17 for a data center with different cooling; actual operating performance,"text extracted from cached PDF (raw_verification/pilot_filing.txt) and cross-checked: Table 8, Table 11, pp.46-51, 68-70, 88-90",keep as reference; correct A17 basis and NYCHA DHW-only cost
S14,Con Ed steam tariff SC2 Rate II + fuel adjustment,Con Edison (PSC No. 4),https://www.coned.com/en/rates-tariffs/rates/steam,eff. 2025-11-01,Con Ed steam area,current,tariff,primary,steam price check (audit),high,direct for SC2 customers; marginal block depends on size/season,A,winter tail block $26.97/Mlb + fuel adj $4.25/Mlb,fixed/demand charges avoided,pilot-implied $37.65/Mlb is ~20% above SC2 tail energy charge,keep pilot-implied as base; SC2 as low case
S15,EIA-861 2024 Con Ed / NYPA sales & revenue,US EIA,https://www.eia.gov/electricity/data/eia861/,2024,Con Ed / NYPA,annual,utility reports,primary,A07 low/high,high,direct (utility averages),A,"Con Ed bundled commercial $282, delivery-only $110, NYPA energy $72 per MWh",customer-specific tariff,-,keep
S16,BLS CPI-U; FRED EUR/USD,BLS; Federal Reserve,https://fred.stlouisfed.org/series/AEXUSEU,to 2025,US,annual,statistics,primary,DEA EUR2020 -> USD2025,high,direct,A,price-level conversion,construction-cost escalation (CPI != construction index),-,keep
S17,EPA AP-42 1.4 natural-gas combustion,US EPA,https://www.epa.gov/sites/default/files/2020-09/documents/1.4_natural_gas_combustion.pdf,1998 ed.,US,-,emission factors,secondary,NOx avoided (context),high,generic,C,uncontrolled NOx per fuel,actual burner NOx,-,context only
S18,"FEC rebuild facts (FAQ, NYCHA PR); NIST 135 discount rates",PACT partners; NYCHA; NIST,https://www.fultonelliottchelsea.com/faqs,2024-2025,Fulton / Elliott-Chelsea,plan,project statements,secondary,"rebuild units, affordable share, first move-ins (A15); discount floor",medium (developer statements),"direct but plan, not built",B,"planned units 2,056 replacement + up to 3,454 new; all-electric intent","design heating system, demand, schedule, whether the pilot UTEN will serve the rebuild",-,keep; flag counterfactual (UTEN vs ASHP)
S19,ENERGY STAR thermal conversions,US EPA,https://portfoliomanager.energystar.gov/pdf/reference/Thermal%20Conversions.pdf,current,-,-,definitions,reference,unit conversions (steam 1.194 MMBtu/Mlb),high,direct,A,conversion constants,-,kBtu->MWh = /3412.142 verified in fetch script,keep
A01,Data-center share of 111 8th electricity (0.5/0.7/0.9),team assumption,-,-,111 8th,-,none,assumed,Model A supply,none,-,D,-,any value,monthly electricity flat (supports a large constant load) but tenants/offices mixed,keep as range; non-binding for networks < ~45 GWh
A02,Capture temperature 30 C (27/30/35),team assumption bounded by OCP/pilot,S13 p.46: pilot loop 54-97 F (12-36 C) heating mode,-,-,-,literature,assumed,Model A COP,medium,pilot shows capture temperature depends on the source plant running compressors in winter,C,condenser water 27-35 C when chillers run,30 C year-round with free cooling in winter,pilot: free cooling forces extra compressor work to make usable heat,couple with A17 (no 35 C + A17=0 unless liquid cooling)
A17,Source-side electricity per MWh of heat extracted (0/0.25/0.25),derived from S13 Table 8,S13 pp.68-70,2025,85 10th Ave,modelled,"666,060 kWh delta / heat delivered",derived,Model A E_src; Model B electricity + CO2,high (for the pilot),"transferred AND mis-based: pilot 666 MWh / 2,680 MWh DELIVERED = 0.25, but the model multiplies by heat EXTRACTED (1,814 MWh) -> consistent value 0.37",B (value) / D (basis as implemented),a commercial cooling plant that otherwise free-cools needs ~0.37 MWh_e per MWh injected,the value at 111 8th (tenant plants unknown),"recomputed from pilot Table 7/8: 2,680 MWh delivered - 866.5 MWh HP electricity = 1,813.5 MWh injected",correct base to 0.367 per MWh extracted; low 0 only with evidence (liquid cooling / chillers running anyway)
A04,Steam-to-useful efficiency 0.77,derived from S13,S13 Tables 5-6,2025,Fulton,modelled,useful/steam,derived,demand of steam buildings,high,transferred to other steam buildings,B,Fulton DHW conversion,other buildings' steam systems,-,keep
A05,"Pipe cost $29,318 per route-m (0.6x/1.3x)",derived from S13 Table 11,"S13 p.48, p.90",2025 nominal (escalated),W 16th St,estimate,UDS 11.17 M$ / 381 m,derived,Model B pipe capex,high,transferred: same street type and utility; first-of-kind; includes 10% tariff + inflation,B,Manhattan 2-pipe 10in pre-insulated steel cost,repeat-project cost; smaller diameters,scope verified pp.48-51,keep reference; 0.6x as labelled alternative
A06/tariff,Fence price $26/MMBtu; customer tariff $26.63/MMBtu + $5k,S13 p.101-102,S13,2025,pilot,-,proposed rates,derived,stakeholder view only (transfers),high,transfers - no effect on societal value,B,pilot price levels,a negotiated price at 111 8th,C5 test: transfers cancel,keep in stakeholder view only
A07,Electricity price $222/MWh (182/222/282),S08/S15,see S08,12-mo,NY,-,survey,secondary,all electricity costs,high,transferred (state avg); consistent with Con Ed weighted all-in ~$210,B,-,customer-specific tariff incl. demand charges,-,keep
A10,Heat-pump Carnot efficiency 0.45,calibrated to S13 COP,S13 Table 7,-,pilot,-,calibration,derived,Model A COP,high,calibrated pair with A02=30 C; pilot loop actually 12-36 C,C,pilot DHW COP 3.0 reproduced,COP at other source temperatures (extrapolation),V1 calibration test,keep; do not raise A02 without re-checking COP
A18,Existing hydronic supply temperature 70 C,team assumption,-,-,gas buildings,-,none,assumed,COP of existing space heat,low,unverified per building,D,-,actual emitter temperature,-,keep as range; survey needed
A20,Non-residential summer/winter ratio 0.2 -> base-load share,CBS district-network ratio (E17),sources/CBS white paper,-,EU networks,-,literature,assumed,base-load share of offices/hotels/schools incl. 111 8th (39%),medium,transferred from network-level ratios to single buildings,"C (gas buildings, consistent with LL84 monthly) / D (111 8th office steam)",hotel & Chelsea Market gas Jul/Jan 0.16-0.33 (LL84 monthly),111 8th steam base-load share (no monthly steam data),LL84 monthly gas check,keep for gas buildings; flag 111 8th internal reuse as uncertain
A03/A19,"Rebuilt apartment demand 7.5 MWh, DHW share 0.5",team assumption,-,-,rebuild,-,none,assumed,Rebuilt Fulton demand,low,design not public,D,-,actual design load,-,keep as range
A21,Soft costs 29% of construction,derived from S13 Table 11 (design 10.08 / construction 34.99),S13 p.90,2025,pilot,-,ratio,derived,markup on all capex,high,transferred: first-of-kind 100% design incl. stage-2 research,B,pilot design cost ratio,repeat-project design ratio,-,keep; 15% as labelled alternative
contingency,15% contingency,S13 p.89 (standard Con Ed procedure),S13,2025,-,-,policy,derived,markup,high,direct (utility practice); pilot costs exclude it -> applied once,A,-,-,verified 'excluding contingency' p.88,keep
apt_capex,NYCHA building retrofit $63.8k per apartment,S13 Table 11 customer building 18.57 M$ / 291 apts,S13 p.89-90,2025,3 Fulton buildings,estimate,ratio,derived,existing NYCHA building-side capex,high,transferred AND scope-mismatched: includes hydronic HVAC (heating + cooling fan coils) of 401 W 16th; removing a 2nd building's HVAC saved ~$7M (p.90),B (scope mismatch for DHW-only),cost of DHW + one building HVAC retrofit in NYCHA,DHW-only retrofit (our H7 scope) -> ~$39.8k/apt,p.90 text,correct for DHW-only existing NYCHA (medium confidence)
hx_capex,Source interface $1.75M per MW (2.56 M$ / 1.47 MW),S13 Table 11 + p.46-47,S13,2025,85 10th Ave,estimate,ratio,derived,network capex,high,"transferred; scaled linearly although much of the scope (room, piping, controls) is fixed",B,HX station cost at ~1.5 MW,cost at 5-12 MW (likely lower per MW) or < 1 MW (higher),-,keep; flag scaling
ec_capex,Energy centre $2.69M fixed per network,S13 Table 11 + p.51,S13,2025,pilot,estimate,fixed,derived,network capex,high,"transferred: pumps (3x125 HP, 2,400 gpm) sized for ~5 MW; fixed for any network size",B,pump room for a ~5 MW loop,a 1 MW spur,-,keep; flag oversizing for small spurs
steam_price,Steam $107.6/MWh-steam (pilot-implied marginal $37.65/Mlb),S13 / chelsea_uten_benchmarks,S13 p.102,2025,Fulton,-,derived,derived,baseline of steam buildings (111 8th),high,transferred to 111 8th (SC2 customer),B,Fulton avoided steam cost,111 8th marginal steam rate,SC2 tail energy+fuel = $31.2/Mlb (-17%),keep; SC2 as low case
eta_gas,Gas/oil boiler efficiency 0.85,S11,see S11,-,-,-,-,secondary,demand of gas/oil buildings,high,generic,C,-,-,-,keep
ashp,"ASHP counterfactual for rebuilt towers (DEA capex, SCOP 2.8)",S10 + FEC FAQ all-electric,-,-,rebuild,-,-,assumed,baseline of rebuilt towers,medium,counterfactual choice; pilot UTEN (85 10th) is an alternative counterfactual designed for reuse at the rebuild (S13 p.15),C,all-electric rebuild intent,which system the developer will actually install,S13: pilot uses ~40% more electricity than ASHP,keep ASHP; disclose UTEN counterfactual
profiles,"Hourly shapes: space heat by degree-hours, DHW flat",model choice,-,-,all,-,-,assumed,"Model A dispatch, peaks",-,"generic, not measured",C,annual energy balance,"peak DHW, school/office schedules",-,flag; annual totals unaffected when supply surplus
