section,metric,value,unit,page,quote,verified,source,url,note
scope,heat_source_building,85 10th Avenue (commercial office with data center; Related/Vornado),,7,recover and repurpose thermal energy from the commercial office building housing a data center at 85 10th Avenue,True,"Con Edison, Chelsea UTEN Pilot Stage 2 Filing, PSC Case 22-M-0429, 2025-07-09",https://www.coned.com/-/media/files/coned/documents/our-energy-future/our-energy-vision/where-we-are-going/thermal-energy-networks/chelsea-uten-cecony-stage-2-filing.pdf,
scope,apartments_served,291,apartments,7,serving a total of 291 apartments,True,"Con Edison, Chelsea UTEN Pilot Stage 2 Filing, PSC Case 22-M-0429, 2025-07-09",https://www.coned.com/-/media/files/coned/documents/our-energy-future/our-energy-vision/where-we-are-going/thermal-energy-networks/chelsea-uten-cecony-stage-2-filing.pdf,
scope,residential_floor_area,262000,ft2,8,"approximately 262,000 square feet",True,"Con Edison, Chelsea UTEN Pilot Stage 2 Filing, PSC Case 22-M-0429, 2025-07-09",https://www.coned.com/-/media/files/coned/documents/our-energy-future/our-energy-vision/where-we-are-going/thermal-energy-networks/chelsea-uten-cecony-stage-2-filing.pdf,
scope,google_111_8th_status,expressed interest in potentially joining,,66,most notably one owned by Google-have expressed interest in potentially joining the UTEN,True,"Con Edison, Chelsea UTEN Pilot Stage 2 Filing, PSC Case 22-M-0429, 2025-07-09",https://www.coned.com/-/media/files/coned/documents/our-energy-future/our-energy-vision/where-we-are-going/thermal-energy-networks/chelsea-uten-cecony-stage-2-filing.pdf,
technical,source_low_grade_capacity,5000,MBH,20,"approximately 5,000 MBH of low-grade thermal energy",True,"Con Edison, Chelsea UTEN Pilot Stage 2 Filing, PSC Case 22-M-0429, 2025-07-09",https://www.coned.com/-/media/files/coned/documents/our-energy-future/our-energy-vision/where-we-are-going/thermal-energy-networks/chelsea-uten-cecony-stage-2-filing.pdf,
technical,source_cooling_tower_backup_capacity,4800,tons,20,"combined capacity of 4,800 tons",True,"Con Edison, Chelsea UTEN Pilot Stage 2 Filing, PSC Case 22-M-0429, 2025-07-09",https://www.coned.com/-/media/files/coned/documents/our-energy-future/our-energy-vision/where-we-are-going/thermal-energy-networks/chelsea-uten-cecony-stage-2-filing.pdf,
technical,pipe_installed_total,2500,ft (supply+return),20,"approximately 2,500 linear feet of underground piping",True,"Con Edison, Chelsea UTEN Pilot Stage 2 Filing, PSC Case 22-M-0429, 2025-07-09",https://www.coned.com/-/media/files/coned/documents/our-energy-future/our-energy-vision/where-we-are-going/thermal-energy-networks/chelsea-uten-cecony-stage-2-filing.pdf,
technical,route_length_one_way,1250,ft,48,"approximately 1,250 feet in length",True,"Con Edison, Chelsea UTEN Pilot Stage 2 Filing, PSC Case 22-M-0429, 2025-07-09",https://www.coned.com/-/media/files/coned/documents/our-energy-future/our-energy-vision/where-we-are-going/thermal-energy-networks/chelsea-uten-cecony-stage-2-filing.pdf,
technical,dhw_delivery_capacity,1492,MBH,20,"up to 1,492 MBH of domestic hot water",True,"Con Edison, Chelsea UTEN Pilot Stage 2 Filing, PSC Case 22-M-0429, 2025-07-09",https://www.coned.com/-/media/files/coned/documents/our-energy-future/our-energy-vision/where-we-are-going/thermal-energy-networks/chelsea-uten-cecony-stage-2-filing.pdf,
technical,space_heating_delivery_capacity,1201,MBH,20,"1,201 MBH of heating",True,"Con Edison, Chelsea UTEN Pilot Stage 2 Filing, PSC Case 22-M-0429, 2025-07-09",https://www.coned.com/-/media/files/coned/documents/our-energy-future/our-energy-vision/where-we-are-going/thermal-energy-networks/chelsea-uten-cecony-stage-2-filing.pdf,
technical,cooling_delivery_capacity,948,MBH,20,948 MBH (~79 tons) of cooling,True,"Con Edison, Chelsea UTEN Pilot Stage 2 Filing, PSC Case 22-M-0429, 2025-07-09",https://www.coned.com/-/media/files/coned/documents/our-energy-future/our-energy-vision/where-we-are-going/thermal-energy-networks/chelsea-uten-cecony-stage-2-filing.pdf,
technical,source_chilled_water_supply_temp,48,degF,36,provides 48°F chilled water,True,"Con Edison, Chelsea UTEN Pilot Stage 2 Filing, PSC Case 22-M-0429, 2025-07-09",https://www.coned.com/-/media/files/coned/documents/our-energy-future/our-energy-vision/where-we-are-going/thermal-energy-networks/chelsea-uten-cecony-stage-2-filing.pdf,
technical,source_chilled_water_return_temp,60,degF,36,return chilled water temperature of 60°F,True,"Con Edison, Chelsea UTEN Pilot Stage 2 Filing, PSC Case 22-M-0429, 2025-07-09",https://www.coned.com/-/media/files/coned/documents/our-energy-future/our-energy-vision/where-we-are-going/thermal-energy-networks/chelsea-uten-cecony-stage-2-filing.pdf,
technical,loop_supply_temp_heating_mode_min,54,degF,46,UDS supply temperatures ranging from 54 °F to 97 °F during heating mode,True,"Con Edison, Chelsea UTEN Pilot Stage 2 Filing, PSC Case 22-M-0429, 2025-07-09",https://www.coned.com/-/media/files/coned/documents/our-energy-future/our-energy-vision/where-we-are-going/thermal-energy-networks/chelsea-uten-cecony-stage-2-filing.pdf,
technical,loop_supply_temp_heating_mode_max,97,degF,46,UDS supply temperatures ranging from 54 °F to 97 °F during heating mode,True,"Con Edison, Chelsea UTEN Pilot Stage 2 Filing, PSC Case 22-M-0429, 2025-07-09",https://www.coned.com/-/media/files/coned/documents/our-energy-future/our-energy-vision/where-we-are-going/thermal-energy-networks/chelsea-uten-cecony-stage-2-filing.pdf,
technical,loop_temp_range_all_modes_min,46,degF,51,temperature range (46 - 126 °F),True,"Con Edison, Chelsea UTEN Pilot Stage 2 Filing, PSC Case 22-M-0429, 2025-07-09",https://www.coned.com/-/media/files/coned/documents/our-energy-future/our-energy-vision/where-we-are-going/thermal-energy-networks/chelsea-uten-cecony-stage-2-filing.pdf,
technical,loop_temp_range_all_modes_max,126,degF,51,temperature range (46 - 126 °F),True,"Con Edison, Chelsea UTEN Pilot Stage 2 Filing, PSC Case 22-M-0429, 2025-07-09",https://www.coned.com/-/media/files/coned/documents/our-energy-future/our-energy-vision/where-we-are-going/thermal-energy-networks/chelsea-uten-cecony-stage-2-filing.pdf,
technical,loop_min_flow,386,GPM,51,minimum flow (386 GPM),True,"Con Edison, Chelsea UTEN Pilot Stage 2 Filing, PSC Case 22-M-0429, 2025-07-09",https://www.coned.com/-/media/files/coned/documents/our-energy-future/our-energy-vision/where-we-are-going/thermal-energy-networks/chelsea-uten-cecony-stage-2-filing.pdf,
technical,dhw_design_temperature,140,degF,37,The domestic hot water temperature was designed to be 140 °F,True,"Con Edison, Chelsea UTEN Pilot Stage 2 Filing, PSC Case 22-M-0429, 2025-07-09",https://www.coned.com/-/media/files/coned/documents/our-energy-future/our-energy-vision/where-we-are-going/thermal-energy-networks/chelsea-uten-cecony-stage-2-filing.pdf,
technical,design_day_heating_dry_bulb,17.9,degF,38,a dry bulb high of 17.9 °F was used,True,"Con Edison, Chelsea UTEN Pilot Stage 2 Filing, PSC Case 22-M-0429, 2025-07-09",https://www.coned.com/-/media/files/coned/documents/our-energy-future/our-energy-vision/where-we-are-going/thermal-energy-networks/chelsea-uten-cecony-stage-2-filing.pdf,
technical,hours_per_year_rejecting_heat_to_source,10,h/yr,44,only need to reject heat to 85 10th Avenue ~10 hours of the year,True,"Con Edison, Chelsea UTEN Pilot Stage 2 Filing, PSC Case 22-M-0429, 2025-07-09",https://www.coned.com/-/media/files/coned/documents/our-energy-future/our-energy-vision/where-we-are-going/thermal-energy-networks/chelsea-uten-cecony-stage-2-filing.pdf,
technical,backup_heat,new Con Ed steam service to a shell-and-tube HX at 401 W 16th St; existing steam radiators retained,,23,Incorporating a new steam-to-hot water heat exchanger in 401 W 16th Street,True,"Con Edison, Chelsea UTEN Pilot Stage 2 Filing, PSC Case 22-M-0429, 2025-07-09",https://www.coned.com/-/media/files/coned/documents/our-energy-future/our-energy-vision/where-we-are-going/thermal-energy-networks/chelsea-uten-cecony-stage-2-filing.pdf,
technical,redundancy,n+1 UDS distribution pumps,,23,"Providing an ""n+1 redundancy""",True,"Con Edison, Chelsea UTEN Pilot Stage 2 Filing, PSC Case 22-M-0429, 2025-07-09",https://www.coned.com/-/media/files/coned/documents/our-energy-future/our-energy-vision/where-we-are-going/thermal-energy-networks/chelsea-uten-cecony-stage-2-filing.pdf,
loads,dhw_load_401_W_16th,1769,MMBtu/yr,66,"401 W 16th St. 1,769 1,186 1.20 956 0.92",True,"Con Edison, Chelsea UTEN Pilot Stage 2 Filing, PSC Case 22-M-0429, 2025-07-09",https://www.coned.com/-/media/files/coned/documents/our-energy-future/our-energy-vision/where-we-are-going/thermal-energy-networks/chelsea-uten-cecony-stage-2-filing.pdf,
loads,space_heating_load_401_W_16th,1186,MMBtu/yr,66,"401 W 16th St. 1,769 1,186 1.20 956 0.92",True,"Con Edison, Chelsea UTEN Pilot Stage 2 Filing, PSC Case 22-M-0429, 2025-07-09",https://www.coned.com/-/media/files/coned/documents/our-energy-future/our-energy-vision/where-we-are-going/thermal-energy-networks/chelsea-uten-cecony-stage-2-filing.pdf,
loads,space_heating_peak_401_W_16th,1.2,MMBtu/h,66,"401 W 16th St. 1,769 1,186 1.20 956 0.92",True,"Con Edison, Chelsea UTEN Pilot Stage 2 Filing, PSC Case 22-M-0429, 2025-07-09",https://www.coned.com/-/media/files/coned/documents/our-energy-future/our-energy-vision/where-we-are-going/thermal-energy-networks/chelsea-uten-cecony-stage-2-filing.pdf,
loads,space_cooling_load_401_W_16th,956,MMBtu/yr,66,"401 W 16th St. 1,769 1,186 1.20 956 0.92",True,"Con Edison, Chelsea UTEN Pilot Stage 2 Filing, PSC Case 22-M-0429, 2025-07-09",https://www.coned.com/-/media/files/coned/documents/our-energy-future/our-energy-vision/where-we-are-going/thermal-energy-networks/chelsea-uten-cecony-stage-2-filing.pdf,
loads,dhw_load_410_W_17th,4422,MMBtu/yr,66,"410 W 17th St. 4,422",True,"Con Edison, Chelsea UTEN Pilot Stage 2 Filing, PSC Case 22-M-0429, 2025-07-09",https://www.coned.com/-/media/files/coned/documents/our-energy-future/our-energy-vision/where-we-are-going/thermal-energy-networks/chelsea-uten-cecony-stage-2-filing.pdf,
loads,dhw_load_420_W_17th,1769,MMBtu/yr,66,"420 W 17th St. 1,769",True,"Con Edison, Chelsea UTEN Pilot Stage 2 Filing, PSC Case 22-M-0429, 2025-07-09",https://www.coned.com/-/media/files/coned/documents/our-energy-future/our-energy-vision/where-we-are-going/thermal-energy-networks/chelsea-uten-cecony-stage-2-filing.pdf,
energy,customer_electricity_pre,2923517,kWh/yr,67,"2,923,517",True,"Con Edison, Chelsea UTEN Pilot Stage 2 Filing, PSC Case 22-M-0429, 2025-07-09",https://www.coned.com/-/media/files/coned/documents/our-energy-future/our-energy-vision/where-we-are-going/thermal-energy-networks/chelsea-uten-cecony-stage-2-filing.pdf,
energy,customer_electricity_during,3771007,kWh/yr,67,"3,771,007",True,"Con Edison, Chelsea UTEN Pilot Stage 2 Filing, PSC Case 22-M-0429, 2025-07-09",https://www.coned.com/-/media/files/coned/documents/our-energy-future/our-energy-vision/where-we-are-going/thermal-energy-networks/chelsea-uten-cecony-stage-2-filing.pdf,
energy,customer_winter_peak_pre,362,kW,67,"Pre-UTEN 2,923,517 362",True,"Con Edison, Chelsea UTEN Pilot Stage 2 Filing, PSC Case 22-M-0429, 2025-07-09",https://www.coned.com/-/media/files/coned/documents/our-energy-future/our-energy-vision/where-we-are-going/thermal-energy-networks/chelsea-uten-cecony-stage-2-filing.pdf,
energy,customer_winter_peak_during,682,kW,67,"3,771,007 682",True,"Con Edison, Chelsea UTEN Pilot Stage 2 Filing, PSC Case 22-M-0429, 2025-07-09",https://www.coned.com/-/media/files/coned/documents/our-energy-future/our-energy-vision/where-we-are-going/thermal-energy-networks/chelsea-uten-cecony-stage-2-filing.pdf,
energy,customer_steam_pre,23093,Mlb/yr,67,"23,093",True,"Con Edison, Chelsea UTEN Pilot Stage 2 Filing, PSC Case 22-M-0429, 2025-07-09",https://www.coned.com/-/media/files/coned/documents/our-energy-future/our-energy-vision/where-we-are-going/thermal-energy-networks/chelsea-uten-cecony-stage-2-filing.pdf,
energy,customer_steam_during,13132,Mlb/yr,67,"13,132",True,"Con Edison, Chelsea UTEN Pilot Stage 2 Filing, PSC Case 22-M-0429, 2025-07-09",https://www.coned.com/-/media/files/coned/documents/our-energy-future/our-energy-vision/where-we-are-going/thermal-energy-networks/chelsea-uten-cecony-stage-2-filing.pdf,
energy,customer_steam_peak_pre,16,Mlb/h,67,"23,093 16",True,"Con Edison, Chelsea UTEN Pilot Stage 2 Filing, PSC Case 22-M-0429, 2025-07-09",https://www.coned.com/-/media/files/coned/documents/our-energy-future/our-energy-vision/where-we-are-going/thermal-energy-networks/chelsea-uten-cecony-stage-2-filing.pdf,
energy,customer_steam_peak_during,13,Mlb/h,67,"13,132 13",True,"Con Edison, Chelsea UTEN Pilot Stage 2 Filing, PSC Case 22-M-0429, 2025-07-09",https://www.coned.com/-/media/files/coned/documents/our-energy-future/our-energy-vision/where-we-are-going/thermal-energy-networks/chelsea-uten-cecony-stage-2-filing.pdf,
energy,source_building_electricity_delta,666060,kWh/yr,68,"Delta 666,060",True,"Con Edison, Chelsea UTEN Pilot Stage 2 Filing, PSC Case 22-M-0429, 2025-07-09",https://www.coned.com/-/media/files/coned/documents/our-energy-future/our-energy-vision/where-we-are-going/thermal-energy-networks/chelsea-uten-cecony-stage-2-filing.pdf,
energy,customer_hp_electricity_space_heating,91721,kWh/yr,67,"During-UTEN 91,721 774,824 83,794 950,338",True,"Con Edison, Chelsea UTEN Pilot Stage 2 Filing, PSC Case 22-M-0429, 2025-07-09",https://www.coned.com/-/media/files/coned/documents/our-energy-future/our-energy-vision/where-we-are-going/thermal-energy-networks/chelsea-uten-cecony-stage-2-filing.pdf,
energy,customer_hp_electricity_water_heating,774824,kWh/yr,67,"During-UTEN 91,721 774,824 83,794 950,338",True,"Con Edison, Chelsea UTEN Pilot Stage 2 Filing, PSC Case 22-M-0429, 2025-07-09",https://www.coned.com/-/media/files/coned/documents/our-energy-future/our-energy-vision/where-we-are-going/thermal-energy-networks/chelsea-uten-cecony-stage-2-filing.pdf,
energy,source_building_january_peak_delta,-8,kW,68,"Delta 666,060 688,719 -22,658 -8 -24",True,"Con Edison, Chelsea UTEN Pilot Stage 2 Filing, PSC Case 22-M-0429, 2025-07-09",https://www.coned.com/-/media/files/coned/documents/our-energy-future/our-energy-vision/where-we-are-going/thermal-energy-networks/chelsea-uten-cecony-stage-2-filing.pdf,
energy,pilot_vs_ASHP_annual_electricity,about 40% more electricity throughout the year (10-15% more on peak days),,68,use about 40% more electricity throughout the year,True,"Con Edison, Chelsea UTEN Pilot Stage 2 Filing, PSC Case 22-M-0429, 2025-07-09",https://www.coned.com/-/media/files/coned/documents/our-energy-future/our-energy-vision/where-we-are-going/thermal-energy-networks/chelsea-uten-cecony-stage-2-filing.pdf,
carbon,lifetime_GHG_reduction_claim,15000,tCO2e (lifetime),14,"15,000 metric tons of lifetime Greenhouse Gas (GHG) emissions equivalent",True,"Con Edison, Chelsea UTEN Pilot Stage 2 Filing, PSC Case 22-M-0429, 2025-07-09",https://www.coned.com/-/media/files/coned/documents/our-energy-future/our-energy-vision/where-we-are-going/thermal-energy-networks/chelsea-uten-cecony-stage-2-filing.pdf,
cost,UDS_construction,11.17,MUSD,90,UDS - - 11.17 - - 11.17,True,"Con Edison, Chelsea UTEN Pilot Stage 2 Filing, PSC Case 22-M-0429, 2025-07-09",https://www.coned.com/-/media/files/coned/documents/our-energy-future/our-energy-vision/where-we-are-going/thermal-energy-networks/chelsea-uten-cecony-stage-2-filing.pdf,Nominal USD incl. 10% material tariff and 3%/yr inflation assumptions of the filing
cost,thermal_resource_construction,2.56,MUSD,90,Resource - - 2.56 - - 2.56,True,"Con Edison, Chelsea UTEN Pilot Stage 2 Filing, PSC Case 22-M-0429, 2025-07-09",https://www.coned.com/-/media/files/coned/documents/our-energy-future/our-energy-vision/where-we-are-going/thermal-energy-networks/chelsea-uten-cecony-stage-2-filing.pdf,Nominal USD incl. 10% material tariff and 3%/yr inflation assumptions of the filing
cost,energy_center_construction,2.69,MUSD,90,- - 2.69 - - 2.69,True,"Con Edison, Chelsea UTEN Pilot Stage 2 Filing, PSC Case 22-M-0429, 2025-07-09",https://www.coned.com/-/media/files/coned/documents/our-energy-future/our-energy-vision/where-we-are-going/thermal-energy-networks/chelsea-uten-cecony-stage-2-filing.pdf,Nominal USD incl. 10% material tariff and 3%/yr inflation assumptions of the filing
cost,customer_building_construction,18.57,MUSD,90,Building - - 18.57 - - 18.57,True,"Con Edison, Chelsea UTEN Pilot Stage 2 Filing, PSC Case 22-M-0429, 2025-07-09",https://www.coned.com/-/media/files/coned/documents/our-energy-future/our-energy-vision/where-we-are-going/thermal-energy-networks/chelsea-uten-cecony-stage-2-filing.pdf,Nominal USD incl. 10% material tariff and 3%/yr inflation assumptions of the filing
cost,administrative,16.26,MUSD,90,Administrative 0.35 0.89 4.92 10.00 0.10 16.26,True,"Con Edison, Chelsea UTEN Pilot Stage 2 Filing, PSC Case 22-M-0429, 2025-07-09",https://www.coned.com/-/media/files/coned/documents/our-energy-future/our-energy-vision/where-we-are-going/thermal-energy-networks/chelsea-uten-cecony-stage-2-filing.pdf,Nominal USD incl. 10% material tariff and 3%/yr inflation assumptions of the filing
cost,design,10.08,MUSD,90,Design 0.13 6.66 3.19 0.10 - 10.08,True,"Con Edison, Chelsea UTEN Pilot Stage 2 Filing, PSC Case 22-M-0429, 2025-07-09",https://www.coned.com/-/media/files/coned/documents/our-energy-future/our-energy-vision/where-we-are-going/thermal-energy-networks/chelsea-uten-cecony-stage-2-filing.pdf,Nominal USD incl. 10% material tariff and 3%/yr inflation assumptions of the filing
cost,outreach_education,0.78,MUSD,90,- - 0.73 0.05 - 0.78,True,"Con Edison, Chelsea UTEN Pilot Stage 2 Filing, PSC Case 22-M-0429, 2025-07-09",https://www.coned.com/-/media/files/coned/documents/our-energy-future/our-energy-vision/where-we-are-going/thermal-energy-networks/chelsea-uten-cecony-stage-2-filing.pdf,Nominal USD incl. 10% material tariff and 3%/yr inflation assumptions of the filing
cost,operational_5yr,18.37,MUSD,90,Operational - - - 18.37 - 18.37,True,"Con Edison, Chelsea UTEN Pilot Stage 2 Filing, PSC Case 22-M-0429, 2025-07-09",https://www.coned.com/-/media/files/coned/documents/our-energy-future/our-energy-vision/where-we-are-going/thermal-energy-networks/chelsea-uten-cecony-stage-2-filing.pdf,Nominal USD incl. 10% material tariff and 3%/yr inflation assumptions of the filing
cost,scada_data_collection,3.64,MUSD,90,- - 1.70 1.93 - 3.64,True,"Con Edison, Chelsea UTEN Pilot Stage 2 Filing, PSC Case 22-M-0429, 2025-07-09",https://www.coned.com/-/media/files/coned/documents/our-energy-future/our-energy-vision/where-we-are-going/thermal-energy-networks/chelsea-uten-cecony-stage-2-filing.pdf,Nominal USD incl. 10% material tariff and 3%/yr inflation assumptions of the filing
cost,total_excl_contingency,84.12,MUSD,90,Total 0.48 7.55 45.53 30.45 0.10 84.12,True,"Con Edison, Chelsea UTEN Pilot Stage 2 Filing, PSC Case 22-M-0429, 2025-07-09",https://www.coned.com/-/media/files/coned/documents/our-energy-future/our-energy-vision/where-we-are-going/thermal-energy-networks/chelsea-uten-cecony-stage-2-filing.pdf,Nominal USD incl. 10% material tariff and 3%/yr inflation assumptions of the filing
cost,construction_stage3_excl_contingency,45.53,MUSD,90,Total 0.48 7.55 45.53 30.45 0.10 84.12,True,"Con Edison, Chelsea UTEN Pilot Stage 2 Filing, PSC Case 22-M-0429, 2025-07-09",https://www.coned.com/-/media/files/coned/documents/our-energy-future/our-energy-vision/where-we-are-going/thermal-energy-networks/chelsea-uten-cecony-stage-2-filing.pdf,Nominal USD incl. 10% material tariff and 3%/yr inflation assumptions of the filing
cost,contingency,11.41,MUSD,90,Contingency - - 6.83 4.57 0.02 11.41,True,"Con Edison, Chelsea UTEN Pilot Stage 2 Filing, PSC Case 22-M-0429, 2025-07-09",https://www.coned.com/-/media/files/coned/documents/our-energy-future/our-energy-vision/where-we-are-going/thermal-energy-networks/chelsea-uten-cecony-stage-2-filing.pdf,Nominal USD incl. 10% material tariff and 3%/yr inflation assumptions of the filing
cost,total_incl_contingency,95.53,MUSD,90,0.48 7.55 52.36 35.02 0.12 95.53,True,"Con Edison, Chelsea UTEN Pilot Stage 2 Filing, PSC Case 22-M-0429, 2025-07-09",https://www.coned.com/-/media/files/coned/documents/our-energy-future/our-energy-vision/where-we-are-going/thermal-energy-networks/chelsea-uten-cecony-stage-2-filing.pdf,Nominal USD incl. 10% material tariff and 3%/yr inflation assumptions of the filing
cost,decommissioning,13.3,MUSD,92,approximately $13.3 million,True,"Con Edison, Chelsea UTEN Pilot Stage 2 Filing, PSC Case 22-M-0429, 2025-07-09",https://www.coned.com/-/media/files/coned/documents/our-energy-future/our-energy-vision/where-we-are-going/thermal-energy-networks/chelsea-uten-cecony-stage-2-filing.pdf,Nominal USD incl. 10% material tariff and 3%/yr inflation assumptions of the filing
cost,reusable_for_rebuild,19,MUSD,15,This equipment eligible for reuse represents $19 million,True,"Con Edison, Chelsea UTEN Pilot Stage 2 Filing, PSC Case 22-M-0429, 2025-07-09",https://www.coned.com/-/media/files/coned/documents/our-energy-future/our-energy-vision/where-we-are-going/thermal-energy-networks/chelsea-uten-cecony-stage-2-filing.pdf,Nominal USD incl. 10% material tariff and 3%/yr inflation assumptions of the filing
cost,cost_assumptions,10% tariff on construction materials; 3% annual inflation; 15% contingency,,89,assume a 10% tariff on all material related to construction costs and 3% annual inflation,True,"Con Edison, Chelsea UTEN Pilot Stage 2 Filing, PSC Case 22-M-0429, 2025-07-09",https://www.coned.com/-/media/files/coned/documents/our-energy-future/our-energy-vision/where-we-are-going/thermal-energy-networks/chelsea-uten-cecony-stage-2-filing.pdf,
price,heat_purchase_price_paid_to_source,26.0,USD/MMBtu,101,The draft $/MMBtu price for heat injection and heat dissipation are $26/MMBtu,True,"Con Edison, Chelsea UTEN Pilot Stage 2 Filing, PSC Case 22-M-0429, 2025-07-09",https://www.coned.com/-/media/files/coned/documents/our-energy-future/our-energy-vision/where-we-are-going/thermal-energy-networks/chelsea-uten-cecony-stage-2-filing.pdf,
price,customer_thermal_rate,26.63,USD/MMBtu,102,MMBtu will be $26.63 for thermal heating and cooling,True,"Con Edison, Chelsea UTEN Pilot Stage 2 Filing, PSC Case 22-M-0429, 2025-07-09",https://www.coned.com/-/media/files/coned/documents/our-energy-future/our-energy-vision/where-we-are-going/thermal-energy-networks/chelsea-uten-cecony-stage-2-filing.pdf,
price,customer_fixed_connection_charge,5000,USD/yr,102,"fixed connection charge is set at $5,000 a year",True,"Con Edison, Chelsea UTEN Pilot Stage 2 Filing, PSC Case 22-M-0429, 2025-07-09",https://www.coned.com/-/media/files/coned/documents/our-energy-future/our-energy-vision/where-we-are-going/thermal-energy-networks/chelsea-uten-cecony-stage-2-filing.pdf,
price,cost_based_rate_vs_pilot_rate,151.93 vs 0.12,USD per MBH of HX capacity,103,$0.12 per MBH of heat exchanger capacity vs. $151.93 per MBH heat exchanger capacity,True,"Con Edison, Chelsea UTEN Pilot Stage 2 Filing, PSC Case 22-M-0429, 2025-07-09",https://www.coned.com/-/media/files/coned/documents/our-energy-future/our-energy-vision/where-we-are-going/thermal-energy-networks/chelsea-uten-cecony-stage-2-filing.pdf,
revenue,source_thermal_revenues_yr1,132,kUSD/yr,101,$132,True,"Con Edison, Chelsea UTEN Pilot Stage 2 Filing, PSC Case 22-M-0429, 2025-07-09",https://www.coned.com/-/media/files/coned/documents/our-energy-future/our-energy-vision/where-we-are-going/thermal-energy-networks/chelsea-uten-cecony-stage-2-filing.pdf,
revenue,source_incremental_electricity_cost_yr1,-97,kUSD/yr,101,($97),True,"Con Edison, Chelsea UTEN Pilot Stage 2 Filing, PSC Case 22-M-0429, 2025-07-09",https://www.coned.com/-/media/files/coned/documents/our-energy-future/our-energy-vision/where-we-are-going/thermal-energy-networks/chelsea-uten-cecony-stage-2-filing.pdf,
revenue,source_incremental_om_yr1,-30,kUSD/yr,101,($30),True,"Con Edison, Chelsea UTEN Pilot Stage 2 Filing, PSC Case 22-M-0429, 2025-07-09",https://www.coned.com/-/media/files/coned/documents/our-energy-future/our-energy-vision/where-we-are-going/thermal-energy-networks/chelsea-uten-cecony-stage-2-filing.pdf,
revenue,source_net_thermal_revenues_yr1_as_published,538,kUSD/yr,101,$538,True,"Con Edison, Chelsea UTEN Pilot Stage 2 Filing, PSC Case 22-M-0429, 2025-07-09",https://www.coned.com/-/media/files/coned/documents/our-energy-future/our-energy-vision/where-we-are-going/thermal-energy-networks/chelsea-uten-cecony-stage-2-filing.pdf,As published; inconsistent with components (132-97-30 = 5). Do not use without clarification.
customer_bill,steam_savings,375,kUSD/yr,102,Steam Savings $375,True,"Con Edison, Chelsea UTEN Pilot Stage 2 Filing, PSC Case 22-M-0429, 2025-07-09",https://www.coned.com/-/media/files/coned/documents/our-energy-future/our-energy-vision/where-we-are-going/thermal-energy-networks/chelsea-uten-cecony-stage-2-filing.pdf,
customer_bill,thermal_usage_cost,-146,kUSD/yr,102,Thermal Usage Cost ($146),True,"Con Edison, Chelsea UTEN Pilot Stage 2 Filing, PSC Case 22-M-0429, 2025-07-09",https://www.coned.com/-/media/files/coned/documents/our-energy-future/our-energy-vision/where-we-are-going/thermal-energy-networks/chelsea-uten-cecony-stage-2-filing.pdf,
customer_bill,thermal_connection_cost,-5,kUSD/yr,102,Thermal Connection Cost ($5),True,"Con Edison, Chelsea UTEN Pilot Stage 2 Filing, PSC Case 22-M-0429, 2025-07-09",https://www.coned.com/-/media/files/coned/documents/our-energy-future/our-energy-vision/where-we-are-going/thermal-energy-networks/chelsea-uten-cecony-stage-2-filing.pdf,
customer_bill,incremental_electricity_cost,-193,kUSD/yr,102,Incremental Electricity Costs ($193),True,"Con Edison, Chelsea UTEN Pilot Stage 2 Filing, PSC Case 22-M-0429, 2025-07-09",https://www.coned.com/-/media/files/coned/documents/our-energy-future/our-energy-vision/where-we-are-going/thermal-energy-networks/chelsea-uten-cecony-stage-2-filing.pdf,
customer_bill,incremental_om_cost,-30,kUSD/yr,102,Incremental O&M Costs ($30),True,"Con Edison, Chelsea UTEN Pilot Stage 2 Filing, PSC Case 22-M-0429, 2025-07-09",https://www.coned.com/-/media/files/coned/documents/our-energy-future/our-energy-vision/where-we-are-going/thermal-energy-networks/chelsea-uten-cecony-stage-2-filing.pdf,
customer_bill,net_annual_savings,1,kUSD/yr,102,Net Annual Savings $1,True,"Con Edison, Chelsea UTEN Pilot Stage 2 Filing, PSC Case 22-M-0429, 2025-07-09",https://www.coned.com/-/media/files/coned/documents/our-energy-future/our-energy-vision/where-we-are-going/thermal-energy-networks/chelsea-uten-cecony-stage-2-filing.pdf,
governance,owner_operator,Con Edison (regulated utility) owns UDS and Energy Center; NYCHA owns buildings; PACT partners manage,,7,"The Chelsea Pilot's participants include NYCHA, which owns the Fulton Houses campus",True,"Con Edison, Chelsea UTEN Pilot Stage 2 Filing, PSC Case 22-M-0429, 2025-07-09",https://www.coned.com/-/media/files/coned/documents/our-energy-future/our-energy-vision/where-we-are-going/thermal-energy-networks/chelsea-uten-cecony-stage-2-filing.pdf,
governance,pilot_and_contract_term,5,years,104,Limiting Customer Agreements to the duration of the 5-year Pilot period,True,"Con Edison, Chelsea UTEN Pilot Stage 2 Filing, PSC Case 22-M-0429, 2025-07-09",https://www.coned.com/-/media/files/coned/documents/our-energy-future/our-energy-vision/where-we-are-going/thermal-energy-networks/chelsea-uten-cecony-stage-2-filing.pdf,
governance,risk_sharing_supply,85 10th Ave commits a monthly minimum of heat; revenue reduced for shortfall,,108,85 10th Avenue will need to commit to providing each month a to be negotiated minimum,True,"Con Edison, Chelsea UTEN Pilot Stage 2 Filing, PSC Case 22-M-0429, 2025-07-09",https://www.coned.com/-/media/files/coned/documents/our-energy-future/our-energy-vision/where-we-are-going/thermal-energy-networks/chelsea-uten-cecony-stage-2-filing.pdf,
governance,risk_sharing_offtake,customer guaranteed minimum purchase; shortfall compensation up to a cap,,108,up to a set cap,True,"Con Edison, Chelsea UTEN Pilot Stage 2 Filing, PSC Case 22-M-0429, 2025-07-09",https://www.coned.com/-/media/files/coned/documents/our-energy-future/our-energy-vision/where-we-are-going/thermal-energy-networks/chelsea-uten-cecony-stage-2-filing.pdf,
governance,ITC_eligibility,ITC does not apply to non-geothermal projects (Company's finding),,93,the ITC does not apply to non-geothermal projects,True,"Con Edison, Chelsea UTEN Pilot Stage 2 Filing, PSC Case 22-M-0429, 2025-07-09",https://www.coned.com/-/media/files/coned/documents/our-energy-future/our-energy-vision/where-we-are-going/thermal-energy-networks/chelsea-uten-cecony-stage-2-filing.pdf,
governance,customer_electric_supplier,Fulton Houses is a NYPA electric customer,,100,Fulton Houses is a NYPA electric customer,True,"Con Edison, Chelsea UTEN Pilot Stage 2 Filing, PSC Case 22-M-0429, 2025-07-09",https://www.coned.com/-/media/files/coned/documents/our-energy-future/our-energy-vision/where-we-are-going/thermal-energy-networks/chelsea-uten-cecony-stage-2-filing.pdf,
governance,LL97_applicability_NYCHA,NYCHA not subject to LL97 fines (per filing),,102,NYCHA is not subject to them,True,"Con Edison, Chelsea UTEN Pilot Stage 2 Filing, PSC Case 22-M-0429, 2025-07-09",https://www.coned.com/-/media/files/coned/documents/our-energy-future/our-energy-vision/where-we-are-going/thermal-energy-networks/chelsea-uten-cecony-stage-2-filing.pdf,
governance,ratepayer_bill_impact_electric,0.06% / 0.05%,,95,Electric Customers 0.06% 0.05%,True,"Con Edison, Chelsea UTEN Pilot Stage 2 Filing, PSC Case 22-M-0429, 2025-07-09",https://www.coned.com/-/media/files/coned/documents/our-energy-future/our-energy-vision/where-we-are-going/thermal-energy-networks/chelsea-uten-cecony-stage-2-filing.pdf,
context,fulton_rebuild_start,late 2028; UTEN-connected block rebuilt last,,15,"The rebuild, targeted to begin in late 2028",True,"Con Edison, Chelsea UTEN Pilot Stage 2 Filing, PSC Case 22-M-0429, 2025-07-09",https://www.coned.com/-/media/files/coned/documents/our-energy-future/our-energy-vision/where-we-are-going/thermal-energy-networks/chelsea-uten-cecony-stage-2-filing.pdf,
