param_id,parameter,value_low,value_central,value_high,unit,evidence_type,source_tag,source_document,location_in_source,used_for_indicator,caveat
E01,share of data-center electricity that becomes heat,0.95,,1.00,fraction,engineering_reference,GRUNDFOS-SLIDES; OCP-101,Grundfos NYU hackathon challenge slides; OCP Data Center Heat Reuse 101 (2023),"Grundfos slide 'It's getting hot in here': '~95-100% of energy supplied into a Data Center becomes heat'; OCP p.5 'Almost 100%'",T1,Physics; applies to IT + cooling electricity
E02,recoverable share of data-center heat (upper bound),,,0.85,fraction,engineering_reference,GRUNDFOS-SLIDES,Grundfos NYU hackathon challenge slides,"'Up to 85% is recoverable!'",T1,Vendor upper bound; Site 1 recovery is limited by offtake not supply
E03,return temperature air-cooled IT,27,,28,degC,engineering_reference,OCP-101,OCP Data Center Heat Reuse 101 (2023),Figure 3 text '45-65 C vs 27-28 C',T2,Tenant loop temperatures at 111 8th Ave are unknown
E04,return temperature direct liquid cooling,45,,65,degC,engineering_reference,OCP-101,OCP Data Center Heat Reuse 101 (2023),Figure 3 text,T2,Only if tenants adopt DLC
E05,typical data-center waste-heat temperature,20,,26,degC,engineering_reference,CBS,CBS district heating white paper (organizer packet),'Most of the waste heat is in the 20-26 C temperature range',T2,
E06,5th-generation network flow temperature,10,,25,degC,engineering_reference,CBS,CBS district heating white paper,Heat network generation table,T2,Ambient-loop design basis
E07,5th-generation network return temperature,3,,15,degC,engineering_reference,CBS,CBS district heating white paper,Heat network generation table,T2,
E08,4th-generation network flow temperature,50,60,80,degC,engineering_reference,CBS,CBS district heating white paper,Heat network generation table '(50) 60-80 C',T2,Alternative if rebuilt towers use a warm loop
E09,heat-pump Lorenz efficiency (excess-heat source 1 / 3 / 10 MW; 2020),0.40,0.45,0.50,fraction,engineering_reference,DEA,Danish Energy Agency Technology Data - Electricity and District Heating (ch. 40 Heat pumps),"Table 0-1: excess heat 1 MW 40%, 3 MW 45%, 10 MW 50% (2020); 44/49/54% (2050)",T3,COP_real = Lorenz_eff x COP_Lorenz(T_source; T_sink); calibrate to DEA datasheet COP (data/processed/equipment_dea_heat.csv)
E10,share of annual heat covered by heat pump when co-producing with peak units,,0.85,,fraction,engineering_reference,DEA,Danish Energy Agency Technology Data (ch. 40),'only cover 85 % of the annual heat demand',T4,Design convention; backup covers the rest and the full peak
E11,data-center availability,0.998,,,fraction of hours,engineering_reference,OCP-101,OCP Data Center Heat Reuse 101 (2023),'uptime is over 99.8% yearly ... maximum 20 h of downtime per year',T5,Heat supply interruption basis; backup sized to full peak regardless
E12,network capacity above peak demand,0.30,,0.60,fraction,engineering_reference,CBS,CBS district heating white paper,'typical heat networks have 30-60% more capacity than their peak demand',T5,Redundancy margin
E13,heat loss of insulated 70-80 C pipe,0.005,,0.015,fraction per km,engineering_reference,CBS,CBS district heating white paper,'heat loss will be 0.5-1.5% per kilometre',T4,Ambient (10-25 C) loop losses are near zero or a gain; corrects the 0.5%/km in file 06
E14,connection cost share of total CAPEX vs distance,0.03,,0.50,fraction,engineering_reference,CBS,CBS district heating white paper,'3 to 50% of the total CAPEX when the distance increases from 50 to 4000 m',C2,Two points only (50 m and 4000 m); do not extrapolate
E15,10 MW data-center heat-pump system cost (CBS business case),,6,,MEUR,engineering_reference,CBS,CBS district heating white paper,'At a cost of EUR 6m for the heat pump system ... simple payback approximately 9 years',C1,European DH case; benchmark only
E16,simple payback of CBS 10 MW case (data-center source vs ambient source),9,,30,years,engineering_reference,CBS,CBS district heating white paper,'approximately 9 years' vs 'more than 30 years' for ambient source,C3,Benchmark only
E17,summer-to-winter heat demand ratio,0.05,0.20,0.30,fraction,engineering_reference,CBS,CBS district heating white paper,"Helsinki 5%, London/Madrid 20%, Denmark up to 30%",T4,Use NYC hourly profile instead when available
E18,thermal storage round-trip efficiency,,1.00,,fraction,engineering_reference,IDEA-TES,IDEA Thermal Energy Storage for Data Centers (CB&I),'near-100%' vs batteries 68-86%,T5,Hot-water TES standing loss still applies
E19,thermal storage life,40,,,years,engineering_reference,IDEA-TES,IDEA Thermal Energy Storage for Data Centers (CB&I),'40 yrs or more',C1,
E20,colocation data-center PUE,,,1.5,-,engineering_reference,HDR-DECK,HDR NYU BAC Hackathon Waste Heat Reuse deck (2026-10-02),'PUE < 1.5 Colocation PUE Reporting in Uptime Study',N2,Industry survey value; 111 8th PUE not public
E21,industry average site WUE,,1.8,,L/kWh,engineering_reference,HDR-DECK,HDR NYU BAC Hackathon Waste Heat Reuse deck,'1.8 L/kWh Industry Average site-WUE',N3,Only if tenant towers are evaporative
E22,cooling-tower water use split (evaporation / blowdown / drift),0.67,0.32,0.01,fraction,engineering_reference,HDR-DECK,HDR NYU BAC Hackathon Waste Heat Reuse deck,'Evaporation [67%] Blowdown [32%] & Drift/Windage [<1%]',N3,value_low=evaporation value_central=blowdown value_high=drift
E23,EU average heat re-use share of operating projects,,0.15,,fraction,engineering_reference,DATA-HEAT,DATA HEAT Market Development Guide (3 Mar 2026),'average heat re-use from operational projects in the EU is ~15%',N1,Benchmark for ERF
E24,German EnEfG minimum ERF for new data centers (2026 / 2027 / 2028),0.10,0.15,0.20,fraction,regulatory,DATA-HEAT,DATA HEAT Market Development Guide (3 Mar 2026),'2026 - 10% / 2027 - 15% / 2028 - 20% heat re-use',N1,Benchmark only; not applicable in NY
E25,data-center OPEX saving from heat reuse,,,0.05,fraction,engineering_reference,DATA-HEAT,DATA HEAT Market Development Guide,'closer to <5%',C3,Means the DC's motive is not cost; value proposition must be permits/community
E26,typical data-center contract horizon for heat supply,,,10,years,engineering_reference,DATA-HEAT,DATA HEAT Market Development Guide,'10-year planning horizon ... not willing to enter into contracts longer than 10 years',C4,Drives backup and contract-term design
E27,NYC heating degree days (base 18 C),,2600,,K*day,engineering_reference,DATA-HEAT,DATA HEAT Market Development Guide (Appendix B),"'~2,600 (NYC)'",T4,Cross-check: TMYx 2011-2025 gives 2383 (data/processed/weather_design_conditions.csv)
E28,emission intensity of the two nearest cogeneration plants,,654,,lb CO2/MWh,measured_secondary,SP-111,HDR Regenerative Design Site Data - 111 8th Ave,'Cogen plants with emission intensities on the lower end (654 lb of CO2 / MWh)',N4,Context; LL97 factors are used for accounting
E29,days above 90 F (today -> 2050),19,,69,days/yr,modeled_secondary,SP-111,HDR Regenerative Design Site Data - 111 8th Ave,'up to 69 days above 90 degrees compared with 19 days today',S5,Cooling co-benefit context
E30,natural-gas heat content,,1.036,,MMBtu/Mcf,statistical_constant,EIA,EIA (US average heat content of gas delivered to consumers),Used in scripts/fetch_site1_data.py to convert $/Mcf to $/MMBtu,C1,Annual national average; NY value varies by ~1%
A01,data-center share of 111 8th Ave electricity,0.50,,0.90,fraction,team_assumption,TEAM,None (not public),Slider; ask Google / tenants,T1,Largest single uncertainty on supply side
A02,tenant condenser-loop temperature at capture point,27,30,35,degC,team_assumption,TEAM,Bounded by E03/E05,Slider,T2,Needs tenant confirmation
A03,heat demand of a rebuilt efficient apartment (space + DHW),6,,9,MWh/unit/yr,team_assumption,TEAM,None yet (compare: existing Fulton 31 MWh/apt steam input from LL84),Scenario input,T4,Replace with design-team or new-build LL84 benchmark when available
A04,EUR to USD exchange rate (2020 annual average),,1.142,,USD/EUR,statistical_constant,FRB-H10,Federal Reserve H.10 annual average 2020,Converts DEA 2020-EUR costs,C1,Verify; DEA costs also need CPI escalation 2020 -> today
A05,Manhattan urban construction cost factor on DEA pipe/civil costs,1.5,,2.0,multiplier,team_assumption,TEAM,None (replace with PSC 22-M-0429 Con Ed pilot cost),Scenario input,C1,High uncertainty; label on slides
