year,month,state,status,res_rev_kUSD,res_sales_MWh,res_customers,res_price_c_kWh,com_rev_kUSD,com_sales_MWh,com_customers,com_price_c_kWh,ind_rev_kUSD,ind_sales_MWh,ind_customers,ind_price_c_kWh
2026,7.0,NY,Preliminary,1762185.7,5893708.1,7521353.0,29.9,1701158.1,7034715.3,1164345.0,24.18,141332.83,1307976.0,16865.0,10.81
2026,6.0,NY,Preliminary,1273319.3,4317311.5,7522799.0,29.49,1413534.1,5999468.9,1173549.0,23.56,128838.64,1267212.6,16985.0,10.17
2026,5.0,NY,Preliminary,1001834.3,3347238.3,7477735.0,29.93,1192837.0,5326176.4,1173511.0,22.4,118103.14,1236113.4,16961.0,9.55
2026,4.0,NY,Preliminary,1054697.5,3581731.7,7482148.0,29.45,1198719.4,5479832.9,1176471.0,21.88,106087.98,1230898.2,17095.0,8.62
2026,3.0,NY,Preliminary,1164503.8,4078548.7,7502437.0,28.55,1253369.1,5643927.0,1177640.0,22.21,107651.3,1233442.7,17248.0,8.73
2026,2.0,NY,Preliminary,1478794.6,4931629.2,7464595.0,29.99,1460367.8,6218012.3,1175336.0,23.49,121774.29,1115012.2,17246.0,10.92
2026,1.0,NY,Preliminary,1428003.3,5033904.5,7474160.0,28.37,1408884.3,6322313.4,1179681.0,22.28,165690.93,1293186.9,17414.0,12.81
2025,12.0,NY,Preliminary,1254659.6,4580673.8,7480119.0,27.39,1246433.4,6047146.9,1182286.0,20.61,142859.97,1367769.3,17566.0,10.44
2025,11.0,NY,Preliminary,938913.88,3554340.4,7447409.0,26.42,1057944.7,5340369.6,1174366.0,19.81,110663.08,1236623.3,17589.0,8.95
2025,10.0,NY,Preliminary,974387.43,3615113.8,7463313.0,26.95,1202881.7,5777051.3,1180022.0,20.82,121398.71,1315041.8,17788.0,9.23
2025,9.0,NY,Preliminary,1137813.2,4177882.9,7464225.0,27.23,1362790.4,5995717.6,1177686.0,22.73,123040.07,1380161.6,17848.0,8.91
2025,8.0,NY,Preliminary,1497176.9,5612873.6,7450782.0,26.67,1533125.4,6836567.6,1177652.0,22.43,141072.67,1420001.7,17965.0,9.93
2025,7.0,NY,Preliminary,1631583.4,6223612.1,7451807.0,26.22,1623795.2,7043561.6,1174890.0,23.05,148719.85,1478642.3,18055.0,10.06
2025,6.0,NY,Preliminary,1099012.2,4139226.6,7444622.0,26.55,1311272.4,5959526.2,1168529.0,22.0,139585.73,1515754.1,17526.0,9.21
2025,5.0,NY,Preliminary,896840.16,3359883.0,7451562.0,26.69,1069173.1,5491592.6,1171290.0,19.47,113012.24,1334301.1,16127.0,8.47
2025,4.0,NY,Preliminary,892893.73,3475517.8,7452821.0,25.69,1025853.1,5302753.5,1171123.0,19.35,108036.68,1325745.5,16140.0,8.15
2025,3.0,NY,Preliminary,1028791.5,4041998.7,7460461.0,25.45,1170423.9,5760128.6,1168345.0,20.32,102788.0,1202318.2,16177.0,8.55
2025,2.0,NY,Preliminary,1198262.4,4570115.3,7423320.0,26.22,1265015.2,6058512.9,1162638.0,20.88,151224.44,1308208.5,16216.0,11.56
2025,1.0,NY,Preliminary,1280843.5,5054948.6,7449570.0,25.34,1277762.8,6271844.4,1168571.0,20.37,150923.31,1385133.8,16320.0,10.9
2024,12.0,NY,Final,1079433.1,4421239.1,7444436.0,24.41,1134683.8,6059891.2,1166643.0,18.72,126181.7,1285679.2,16397.0,9.81
2024,11.0,NY,Final,842996.5,3407584.9,7431866.0,24.74,962979.32,5448424.1,1167189.0,17.67,112107.34,1245660.5,16377.0,9.0
2024,10.0,NY,Final,860703.66,3435335.8,7442248.0,25.05,1063505.3,5583606.0,1166506.0,19.05,121971.05,1288102.3,16511.0,9.47
2024,9.0,NY,Final,1087292.2,4341090.0,7430594.0,25.05,1274247.4,6228342.4,1167742.0,20.46,127867.51,1366240.0,16458.0,9.36
2024,8.0,NY,Final,1425382.8,5656931.5,7412222.0,25.2,1371391.7,6852865.6,1155824.0,20.01,137259.37,1386315.2,16416.0,9.9
2024,7.0,NY,Final,1507951.4,6010182.7,7423052.0,25.09,1433111.5,7017949.8,1162279.0,20.42,139866.59,1393072.0,16474.0,10.04
2024,6.0,NY,Final,1079735.8,4388935.9,7412499.0,24.6,1191121.0,6134879.4,1160605.0,19.42,126236.87,1315968.0,16472.0,9.59
2024,5.0,NY,Final,793446.62,3351297.4,7418313.0,23.68,925806.79,5220469.4,1163452.0,17.73,115108.17,1298617.6,16489.0,8.86
2024,4.0,NY,Final,804873.75,3494451.6,7412195.0,23.03,926126.59,5327747.1,1161074.0,17.38,95331.06,1290132.0,16638.0,7.39
2024,3.0,NY,Final,890301.01,3757873.8,7401596.0,23.69,982938.9,5686367.2,1160465.0,17.29,107921.96,1287484.8,16768.0,8.38
2024,2.0,NY,Final,1014453.9,4175362.1,7398435.0,24.3,1030749.2,5659624.8,1161161.0,18.21,119471.46,1308598.3,17063.0,9.13
2024,1.0,NY,Final,1037734.0,4417088.5,7415039.0,23.49,1040450.1,5833011.2,1172237.0,17.84,120735.17,1338868.3,17167.0,9.02
2023,12.0,NY,Final,962739.69,4294034.0,7395212.0,22.42,978461.69,5868060.9,1180027.0,16.67,73429.92,1157990.5,7025.0,6.34
2023,11.0,NY,Final,824779.14,3608974.2,7404622.0,22.85,1077721.0,5876936.5,1168146.0,18.34,87725.42,1317120.7,7038.0,6.66
2023,10.0,NY,Final,802801.71,3651021.2,7396581.0,21.99,1072087.6,5689894.6,1182612.0,18.84,77510.81,1185723.3,7182.0,6.54
2023,9.0,NY,Final,1074310.6,4622049.7,7399254.0,23.24,1303786.9,6464233.3,1192737.0,20.17,91874.6,1316238.8,7138.0,6.98
2023,8.0,NY,Final,1189418.7,5343093.5,7386771.0,22.26,1301766.2,6700572.1,1192207.0,19.43,94058.77,1319644.4,7270.0,7.13
2023,7.0,NY,Final,1239286.7,5560011.3,7384143.0,22.29,1343044.1,6820400.5,1182206.0,19.69,95938.74,1366496.7,7040.0,7.02
2023,6.0,NY,Final,832569.48,3849082.9,7386085.0,21.63,1061735.0,5770239.9,1184268.0,18.4,81953.06,1237443.1,7192.0,6.62
2023,5.0,NY,Final,692179.3,3380731.9,7394886.0,20.47,869345.08,5313694.9,1185059.0,16.36,89347.96,1299839.5,7262.0,6.87
2023,4.0,NY,Final,672925.79,3396082.7,7365179.0,19.81,871550.74,5406480.1,1173961.0,16.12,89501.98,1320815.3,7102.0,6.78
2023,3.0,NY,Final,843632.5,3977937.8,7391961.0,21.21,968479.23,5722554.1,1178646.0,16.92,89260.96,1294852.4,7351.0,6.89
2023,2.0,NY,Final,955831.9,3953484.4,7329069.0,24.18,939041.1,5783003.1,1172212.0,16.24,81640.3,1156003.7,7196.0,7.06
2023,1.0,NY,Final,1057207.0,4476754.6,7379485.0,23.62,1079311.3,6006113.9,1177931.0,17.97,89968.0,1201365.5,7336.0,7.49
2022,12.0,NY,Final,964727.5,4234464.6,7370759.0,22.78,1083209.3,6173992.5,1176218.0,17.54,104591.36,1352538.0,7008.0,7.73
2022,11.0,NY,Final,815804.71,3448434.6,7400113.0,23.66,961964.29,5410038.5,1179999.0,17.78,99327.09,1400910.1,7446.0,7.09
2022,10.0,NY,Final,826058.39,3550874.6,7384092.0,23.26,1085468.1,5738249.5,1173523.0,18.92,97482.61,1309498.8,7307.0,7.44
2022,9.0,NY,Final,1166840.0,4871893.7,7336278.0,23.95,1323288.5,6489485.3,1164034.0,20.39,112234.98,1410004.9,7234.0,7.96
2022,8.0,NY,Final,1260590.8,5944884.1,7323847.0,21.2,1448769.4,7259115.0,1165258.0,19.96,121531.85,1433563.4,7279.0,8.48
2022,7.0,NY,Final,1233377.3,5637790.5,7327446.0,21.88,1303965.1,6565057.2,1163988.0,19.86,120417.38,1451468.5,7217.0,8.3
2022,6.0,NY,Final,953097.96,4263376.2,7333658.0,22.36,1165777.7,6005193.5,1166495.0,19.41,108152.46,1433613.0,7378.0,7.54
2022,5.0,NY,Final,787838.31,3604333.2,7331381.0,21.86,915547.65,5417884.8,1162888.0,16.9,84686.78,1210067.8,7332.0,7.0
2022,4.0,NY,Final,744911.32,3536876.4,7351133.0,21.06,899136.33,5510563.0,1166340.0,16.32,95727.89,1370737.6,7483.0,6.98
2022,3.0,NY,Final,854325.84,4116518.7,7364678.0,20.75,941678.81,5811197.9,1169000.0,16.2,82607.03,1187930.0,7598.0,6.95
2022,2.0,NY,Final,939848.34,4343205.9,7302981.0,21.64,1013139.4,5844530.9,1156090.0,17.33,86693.13,1169181.9,7313.0,7.41
2022,1.0,NY,Final,984231.39,4674760.6,7328444.0,21.05,991046.86,5980280.9,1159802.0,16.57,108019.07,1448255.0,7371.0,7.46
2021,12.0,NY,Final,826124.27,4223902.0,7331454.0,19.56,885001.29,5770097.6,1165815.0,15.34,92898.8,1405692.8,7553.0,6.61
2021,11.0,NY,Final,718853.49,3577612.8,7260574.0,20.09,863734.1,5503134.5,1137008.0,15.7,92935.91,1396585.9,7108.0,6.65
2021,10.0,NY,Final,765965.23,3707836.3,7268794.0,20.66,979626.16,5722216.0,1173203.0,17.12,92160.27,1363393.5,7344.0,6.76
2021,9.0,NY,Final,1011081.7,4932437.6,7286584.0,20.5,1129312.6,6356479.2,1157445.0,17.77,100220.99,1495018.7,7303.0,6.7
2021,8.0,NY,Final,1129948.9,5659416.2,7273201.0,19.97,1169298.7,6665712.7,1160720.0,17.54,95843.31,1463936.5,7274.0,6.55
2021,7.0,NY,Final,1082390.1,5512321.8,7267882.0,19.64,1162210.0,6702698.0,1163945.0,17.34,100212.34,1501714.5,7275.0,6.67
2021,6.0,NY,Final,882523.4,4502463.4,7249140.0,19.6,1015124.7,5937100.7,1164509.0,17.1,92614.22,1440241.7,7282.0,6.43
2021,5.0,NY,Final,675881.94,3391473.0,7242436.0,19.93,784256.87,5028024.6,1165989.0,15.6,84518.2,1401199.3,7288.0,6.03
2021,4.0,NY,Final,648466.56,3495217.3,7231021.0,18.55,732959.11,5137319.4,1165648.0,14.27,81889.65,1393965.2,7308.0,5.87
2021,3.0,NY,Final,742461.5,4114995.2,7234947.0,18.04,823690.32,5509935.0,1166656.0,14.95,76444.5,1267538.0,7360.0,6.03
2021,2.0,NY,Final,824334.69,4377577.7,7212622.0,18.83,868860.97,5734754.1,1159880.0,15.15,83944.14,1381874.6,7308.0,6.07
2021,1.0,NY,Final,853723.72,4661628.8,7215891.0,18.31,824272.12,5853016.7,1161387.0,14.08,77953.15,1379991.4,7349.0,5.65
2020,12.0,NY,Final,804126.32,4403194.1,7230551.0,18.26,789974.22,5632892.5,1164023.0,14.02,80425.62,1424455.7,7368.0,5.65
2020,11.0,NY,Final,687577.3,3628920.6,7210605.0,18.95,772773.2,5232566.8,1157661.0,14.77,79649.85,1445695.6,7489.0,5.51
2020,10.0,NY,Final,732956.12,3799170.3,7219499.0,19.29,820988.99,5358006.2,1155439.0,15.32,81384.18,1415210.0,7547.0,5.75
2020,9.0,NY,Final,910051.59,4786680.1,7220966.0,19.01,964984.14,6031897.6,1151067.0,16.0,80368.01,1386929.8,7535.0,5.79
2020,8.0,NY,Final,1098114.2,5958492.7,7229660.0,18.43,1037871.4,6559115.6,1145157.0,15.82,81078.12,1427997.4,7527.0,5.68
2020,7.0,NY,Final,1144517.5,6104682.0,7237828.0,18.75,1056873.8,6672401.5,1141962.0,15.84,82656.35,1459444.8,7541.0,5.66
2020,6.0,NY,Final,837561.87,4379178.8,7242854.0,19.13,873137.56,5561212.8,1139243.0,15.7,75130.24,1332764.2,7543.0,5.64
2020,5.0,NY,Final,660929.8,3563752.6,7246712.0,18.55,666924.29,4804562.8,1134636.0,13.88,63568.04,1183529.2,7515.0,5.37
2020,4.0,NY,Final,617609.57,3559959.5,7255797.0,17.35,695537.4,5248536.4,1133854.0,13.25,72390.5,1354255.4,7574.0,5.35
2020,3.0,NY,Final,653493.63,3799343.0,7260872.0,17.2,766929.08,5751019.7,1133351.0,13.34,73167.5,1381698.3,7609.0,5.3
2020,2.0,NY,Final,685249.38,3924953.4,7257234.0,17.46,780588.24,5905282.9,1131637.0,13.22,76662.5,1428376.1,7567.0,5.37
2020,1.0,NY,Final,764618.19,4348817.1,7257340.0,17.58,818293.4,6231322.2,1132016.0,13.13,74477.09,1370100.5,7621.0,5.44
2019,12.0,NY,Final,739499.92,4266229.1,7265649.0,17.33,828155.94,6194655.7,1130535.0,13.37,74872.38,1376939.5,7586.0,5.44
2019,11.0,NY,Final,635347.39,3527543.6,7251043.0,18.01,771893.76,5744016.4,1127408.0,13.44,80805.82,1481032.6,7547.0,5.46
2019,10.0,NY,Final,649350.5,3495082.5,7241758.0,18.58,876126.73,6002574.3,1125877.0,14.6,79957.3,1427178.9,7592.0,5.6
2019,9.0,NY,Final,816102.35,4360141.5,7237146.0,18.72,1045148.1,6651888.8,1125210.0,15.71,86233.4,1493732.9,7609.0,5.77
2019,8.0,NY,Final,1027614.9,5589501.0,7236699.0,18.38,1108551.9,7273391.8,1125230.0,15.24,89194.56,1545607.7,7576.0,5.77
2019,7.0,NY,Final,1023555.6,5490228.4,7231102.0,18.64,1092803.1,7155929.7,1122888.0,15.27,97360.63,1702110.0,7622.0,5.72
2019,6.0,NY,Final,718055.94,3875682.4,7230549.0,18.53,910515.24,6142618.6,1122927.0,14.82,82162.4,1533665.7,7612.0,5.36
2019,5.0,NY,Final,590197.05,3401871.3,7232086.0,17.35,767432.0,5741736.1,1117894.0,13.37,68838.05,1190795.6,7613.0,5.78
2019,4.0,NY,Final,595369.33,3395273.2,7227932.0,17.54,743327.35,5660759.7,1115860.0,13.13,79026.92,1438530.6,7633.0,5.49
2019,3.0,NY,Final,683296.22,4054537.8,7229578.0,16.85,773926.23,5984974.0,1115057.0,12.93,77834.13,1401490.9,7632.0,5.55
2019,2.0,NY,Final,740018.45,4192625.0,7220988.0,17.65,821149.41,6250577.9,1112916.0,13.14,81803.85,1439367.3,7626.0,5.68
2019,1.0,NY,Final,777031.76,4492287.3,7220272.0,17.3,817628.57,6287696.8,1111423.0,13.0,86943.95,1518005.4,7630.0,5.73
2018,12.0,NY,Final,749208.74,4322758.5,7220166.0,17.33,813620.44,6203159.5,1109472.0,13.12,93468.43,1667649.4,6822.0,5.6
2018,11.0,NY,Final,675506.92,3717901.7,7210578.0,18.17,806689.05,5859522.5,1106240.0,13.77,86179.73,1497527.7,6815.0,5.75
2018,10.0,NY,Final,756150.53,3920784.0,7202477.0,19.29,942981.65,6303481.6,1110514.0,14.96,90894.84,1506896.9,6835.0,6.03
2018,9.0,NY,Final,992085.45,5146433.0,7198372.0,19.28,1134670.2,7071506.2,1110189.0,16.05,96219.79,1596377.5,6856.0,6.03
2018,8.0,NY,Final,1073424.7,5642510.4,7195098.0,19.02,1150384.3,7423019.2,1109183.0,15.5,98835.56,1624429.0,6889.0,6.08
2018,7.0,NY,Final,1049560.5,5419404.7,7189130.0,19.37,1156796.3,7219570.2,1108245.0,16.02,99845.5,1597250.9,6895.0,6.25
2018,6.0,NY,Final,778430.46,4036628.7,7190674.0,19.28,968039.23,6413282.1,1106578.0,15.09,83800.25,1400176.8,6892.0,5.99
2018,5.0,NY,Final,642603.82,3472368.7,7185083.0,18.51,794072.78,5799648.4,1106289.0,13.69,92420.33,1421649.0,6904.0,6.5
2018,4.0,NY,Final,643969.7,3580683.8,7180251.0,17.98,774907.66,5808985.7,1105148.0,13.34,79373.05,1426996.5,6924.0,5.56
2018,3.0,NY,Final,690327.15,3940105.0,7177115.0,17.52,801755.22,6001527.7,1104291.0,13.36,77318.01,1413936.0,6933.0,5.47
2018,2.0,NY,Final,746845.84,4105430.4,7171867.0,18.19,840356.37,6137072.4,1102317.0,13.69,95619.22,1448417.9,6904.0,6.6
2018,1.0,NY,Final,860508.21,4848237.3,7170030.0,17.75,943729.54,6504687.7,1101260.0,14.51,93853.19,1475484.5,6916.0,6.36
2017,12.0,NY,Final,717461.21,4222101.5,7167741.0,16.99,831751.15,6180655.4,1099641.0,13.46,88654.05,1514888.0,6944.0,5.85
2017,11.0,NY,Final,641428.58,3603215.7,7158852.0,17.8,838444.8,6027447.8,1096992.0,13.91,88995.02,1544215.1,6975.0,5.76
2017,10.0,NY,Final,694235.45,3704700.3,7152187.0,18.74,950469.43,6327172.3,1095302.0,15.02,91883.49,1493888.9,6972.0,6.15
2017,9.0,NY,Final,792288.84,4213790.4,7150851.0,18.8,1070792.5,6637876.9,1093289.0,16.13,97961.23,1581710.4,6974.0,6.19
2017,8.0,NY,Final,935106.85,5037599.7,7145902.0,18.56,1124609.4,7049522.6,1092549.0,15.95,100730.99,1625131.8,6984.0,6.2
2017,7.0,NY,Final,979188.28,5209855.7,7141402.0,18.79,1150045.0,7141020.4,1091746.0,16.1,93875.64,1584947.7,6987.0,5.92
2017,6.0,NY,Final,758927.34,4049597.9,7143784.0,18.74,1009274.4,6324957.4,1090759.0,15.96,90130.09,1475644.9,6994.0,6.11
2017,5.0,NY,Final,612268.89,3303745.6,7140915.0,18.53,815295.11,5606700.3,1085086.0,14.54,89682.7,1447540.8,6994.0,6.2
2017,4.0,NY,Final,597012.87,3451933.1,7136878.0,17.3,780239.56,5663548.9,1084568.0,13.78,88146.03,1502347.8,7016.0,5.87
2017,3.0,NY,Final,672783.64,3952986.7,7141476.0,17.02,819051.44,5767657.4,1085278.0,14.2,78519.41,1338416.1,7060.0,5.87
2017,2.0,NY,Final,678437.36,3880711.5,7125011.0,17.48,838761.98,6248333.7,1081955.0,13.42,66569.47,1336286.5,7001.0,4.98
2017,1.0,NY,Final,770006.99,4450518.9,7127955.0,17.3,882541.82,6358592.1,1081479.0,13.88,80148.49,1366437.1,7036.0,5.87
2016,12.0,NY,Final,707885.75,4122240.4,7127651.0,17.17,845128.22,6146368.5,1079163.0,13.75,84999.6,1458614.2,7551.0,5.83
2016,11.0,NY,Final,622989.99,3513423.2,7118471.0,17.73,818026.56,5848510.1,1076795.0,13.99,97277.33,1475967.0,7576.0,6.59
2016,10.0,NY,Final,678691.97,3716537.2,7116500.0,18.26,912777.17,6145488.7,1074077.0,14.85,83147.32,1397322.4,7564.0,5.95
2016,9.0,NY,Final,937982.04,5108569.3,7114888.0,18.36,1135606.8,7204138.8,1075977.0,15.76,92590.49,1499386.5,7598.0,6.18
2016,8.0,NY,Final,1062822.6,5908407.2,7106176.0,17.99,1175945.3,7559337.1,1075167.0,15.56,98362.79,1566910.3,7643.0,6.28
2016,7.0,NY,Final,964340.89,5379175.3,7226773.0,17.93,1136202.9,7257732.3,1087767.0,15.66,86768.85,1552287.6,7763.0,5.59
2016,6.0,NY,Final,729776.92,4083397.6,7108458.0,17.87,979474.9,6487542.8,1076172.0,15.1,100563.42,1501035.7,7740.0,6.7
2016,5.0,NY,Final,588535.28,3323302.2,7102767.0,17.71,782466.6,5767404.3,1070712.0,13.57,83945.86,1466357.6,7632.0,5.72
2016,4.0,NY,Final,587165.2,3379162.4,7105319.0,17.38,781292.68,5674902.2,1068449.0,13.77,86822.59,1461072.8,7765.0,5.94
2016,3.0,NY,Final,650160.45,3871539.4,7103734.0,16.79,828924.63,6120763.3,1064371.0,13.54,84010.04,1407446.1,7613.0,5.97
2016,2.0,NY,Final,684261.84,4083643.5,7100105.0,16.76,821773.87,6054607.0,1064676.0,13.57,88107.02,1449252.0,7710.0,6.08
2016,1.0,NY,Final,719009.96,4341889.4,7095989.0,16.56,836590.98,6240173.0,1061393.0,13.41,81181.82,1473565.7,7596.0,5.51
2015,12.0,NY,Final,696350.07,3978743.5,7093898.0,17.5,853070.05,6130810.8,1060768.0,13.91,82731.2,1445997.9,7641.0,5.72
2015,11.0,NY,Final,616314.37,3380184.3,7085540.0,18.23,816217.98,5813201.0,1056076.0,14.04,87107.28,1483193.8,7516.0,5.87
2015,10.0,NY,Final,691004.99,3775683.4,7085540.0,18.3,945980.48,6169122.1,1059037.0,15.33,94496.17,1499343.7,7647.0,6.3
2015,9.0,NY,Final,909860.06,4949531.6,7082017.0,18.38,1154982.8,7158922.2,1054728.0,16.13,104334.73,1596847.6,7533.0,6.53
2015,8.0,NY,Final,981048.23,5337155.9,7080019.0,18.38,1163127.7,7287371.8,1058309.0,15.96,100550.76,1589212.5,7640.0,6.33
2015,7.0,NY,Final,909944.07,4864375.8,7076789.0,18.71,1154353.8,7125733.8,1056826.0,16.2,97669.07,1563928.2,7610.0,6.25
2015,6.0,NY,Final,752176.56,4010418.4,7074252.0,18.76,1051844.7,6458809.2,1056744.0,16.29,116521.2,1938198.4,7667.0,6.01
2015,5.0,NY,Final,621960.59,3444008.5,7072403.0,18.06,856227.97,5899782.0,1053029.0,14.51,62197.33,1080422.8,7620.0,5.76
2015,4.0,NY,Final,653932.1,3689893.8,7072625.0,17.72,848576.51,5868834.8,1054977.0,14.46,95890.63,1520352.0,7687.0,6.31
2015,3.0,NY,Final,837644.7,4427013.4,7081153.0,18.92,1009773.0,6388222.0,1051623.0,15.81,106241.83,1413790.2,7651.0,7.51
2015,2.0,NY,Final,887727.44,4495934.6,7075586.0,19.75,994921.14,6326258.7,1051816.0,15.73,100632.67,1469564.2,7720.0,6.85
2015,1.0,NY,Final,898224.43,4659801.9,7069313.0,19.28,936663.67,6378556.7,1047597.0,14.68,92200.3,1478348.6,7642.0,6.24
2014,12.0,NY,Final,805728.13,4183065.8,7062352.0,19.26,938598.58,6304669.8,1052354.0,14.89,84830.95,1375752.4,7861.0,6.17
2014,11.0,NY,Final,699745.74,3597507.7,7050435.0,19.45,897925.67,5873755.2,1045355.0,15.29,94562.45,1516109.5,7803.0,6.24
2014,10.0,NY,Final,682832.7,3514735.8,7048988.0,19.43,971631.75,6134277.2,1047381.0,15.84,93157.65,1528767.2,7896.0,6.09
2014,9.0,NY,Final,840656.36,4331593.4,7044878.0,19.41,1158096.6,6883522.7,1043738.0,16.82,103699.61,1603254.6,7817.0,6.47
2014,8.0,NY,Final,913255.9,4681983.1,7046452.0,19.51,1136535.7,6941494.8,1046809.0,16.37,100535.97,1565816.5,7889.0,6.42
2014,7.0,NY,Final,1004148.9,4902128.4,7039796.0,20.48,1203803.8,7175531.1,1044037.0,16.78,101038.65,1561206.6,7811.0,6.47
2014,6.0,NY,Final,817255.27,3914492.5,7045719.0,20.88,1042104.3,6355475.0,1045107.0,16.4,98405.7,1554301.0,7871.0,6.33
2014,5.0,NY,Final,712086.81,3458450.6,7041265.0,20.59,891391.41,5921943.9,1044616.0,15.05,91273.69,1538571.1,7829.0,5.93
2014,4.0,NY,Final,716779.7,3669009.7,7040296.0,19.54,878609.46,5894032.6,1043964.0,14.91,88577.79,1426930.8,7896.0,6.21
2014,3.0,NY,Final,898758.18,4301045.5,7043554.0,20.9,1049360.2,6231001.0,1042540.0,16.84,94326.68,1379241.4,7891.0,6.84
2014,2.0,NY,Final,986902.32,4550076.2,7048993.0,21.69,1117208.0,6390264.7,1044401.0,17.48,122672.19,1497618.5,7926.0,8.19
2014,1.0,NY,Final,953166.13,4870825.5,7049234.0,19.57,1055511.0,6434845.3,1046480.0,16.4,111173.59,1455406.4,7867.0,7.64
2013,12.0,NY,Final,801115.98,4407303.5,7039203.0,18.18,907475.76,6280511.9,1042307.0,14.45,87171.86,1460222.4,7998.0,5.97
2013,11.0,NY,Final,641453.35,3468764.0,7031151.0,18.49,807326.28,5866067.2,1039922.0,13.76,79385.45,1445087.6,7902.0,5.49
2013,10.0,NY,Final,674722.51,3573594.8,7029796.0,18.88,940876.78,6126682.9,1042430.0,15.36,90442.24,1519278.5,7989.0,5.95
2013,9.0,NY,Final,873392.03,4464407.4,7029660.0,19.56,1140916.6,6864583.7,1040207.0,16.62,90240.38,1551372.8,7904.0,5.82
2013,8.0,NY,Final,997789.33,5212449.7,7031975.0,19.14,1195603.3,7300010.0,1042353.0,16.38,92663.44,1534895.9,7980.0,6.04
2013,7.0,NY,Final,1111973.9,5550456.5,7027464.0,20.03,1230904.3,7350698.8,1043936.0,16.75,106508.94,1519842.3,7915.0,7.01
2013,6.0,NY,Final,802624.48,4155001.2,7025367.0,19.32,1040021.1,6478036.9,1041568.0,16.05,105835.79,1494686.0,8003.0,7.08
2013,5.0,NY,Final,648119.23,3531243.9,7028113.0,18.35,846963.58,5826305.2,1039351.0,14.54,95765.08,1443280.9,7903.0,6.64
2013,4.0,NY,Final,650829.14,3682231.2,7025545.0,17.67,814962.24,5772913.6,1041117.0,14.12,107882.66,1580086.6,7990.0,6.83
2013,3.0,NY,Final,732919.19,4035969.3,7023099.0,18.16,896526.23,6024407.5,1036294.0,14.88,101506.6,1396626.9,7961.0,7.27
2013,2.0,NY,Final,807998.72,4229774.5,7018965.0,19.1,971231.89,6187003.1,1038300.0,15.7,113637.88,1472365.8,8004.0,7.72
2013,1.0,NY,Final,800571.68,4466173.0,7024003.0,17.93,928848.88,6265098.2,1037028.0,14.83,108348.96,1493204.5,7960.0,7.26
2012,12.0,NY,Final,735406.0,4210736.0,6994253.0,17.47,874503.0,6038024.0,1038619.0,14.48,71763.0,1164539.0,8120.0,6.16
2012,11.0,NY,Final,639331.0,3666343.0,6991513.0,17.44,810084.0,5682954.0,1035531.0,14.25,73286.0,1185310.0,8077.0,6.18
2012,10.0,NY,Final,663987.0,3599866.0,6994469.0,18.44,929430.0,6140382.0,1039646.0,15.14,73165.0,1201150.0,8151.0,6.09
2012,9.0,NY,Final,882200.0,4764353.0,6994502.0,18.52,1175425.0,7248951.0,1038154.0,16.22,80305.0,1287824.0,8099.0,6.24
2012,8.0,NY,Final,1024065.0,5652107.0,6991800.0,18.12,1118040.0,7302886.0,1041316.0,15.31,85281.0,1156316.0,8201.0,7.38
2012,7.0,NY,Final,1008464.0,5485306.0,6987428.0,18.38,1209241.0,7347840.0,1037826.0,16.46,84108.0,1156302.0,8119.0,7.27
2012,6.0,NY,Final,757329.0,4135254.0,7258348.0,18.31,1042860.0,6546233.0,1041050.0,15.93,81771.0,1147907.0,8162.0,7.12
2012,5.0,NY,Final,614976.0,3548281.0,6985454.0,17.33,853876.0,5843523.0,1037384.0,14.61,73745.0,1098931.0,8097.0,6.71
2012,4.0,NY,Final,567018.0,3394313.0,6985148.0,16.7,833970.0,5738795.0,1041776.0,14.53,74436.0,1114889.0,8173.0,6.68
2012,3.0,NY,Final,630816.0,3791742.0,6986770.0,16.64,848956.0,5934978.0,1035572.0,14.3,75258.0,1100564.0,8132.0,6.84
2012,2.0,NY,Final,667863.0,4046413.0,6980088.0,16.51,852997.0,5987171.0,1037167.0,14.25,70878.0,1049612.0,8181.0,6.75
2012,1.0,NY,Final,738258.0,4396791.0,6979058.0,16.79,896143.0,6206227.0,1035102.0,14.44,73704.0,1041987.0,8162.0,7.07
2011,12.0,NY,Final,699833.0,4053918.0,7000836.0,17.26,878124.0,6083365.0,1038085.0,14.43,78022.0,1077228.0,8181.0,7.24
2011,11.0,NY,Final,649366.0,3620782.0,6991865.0,17.93,845566.0,5786548.0,1033903.0,14.61,75553.0,1089242.0,8120.0,6.94
2011,10.0,NY,Final,702937.0,3743979.0,6992180.0,18.78,972723.0,6192300.0,1037239.0,15.71,86906.0,1175022.0,8207.0,7.4
2011,9.0,NY,Final,866845.0,4600368.0,6993392.0,18.84,1150151.0,6876644.0,1035338.0,16.73,80954.0,1098940.0,8187.0,7.37
2011,8.0,NY,Final,1040982.0,5406845.0,6991223.0,19.25,1248704.0,7322466.0,1036471.0,17.05,99928.0,1195400.0,8247.0,8.36
2011,7.0,NY,Final,1035328.0,5386772.0,6984112.0,19.22,1275393.0,7388969.0,1034236.0,17.26,95107.0,1175712.0,8189.0,8.09
2011,6.0,NY,Final,788936.0,4137928.0,6987857.0,19.07,1121069.0,6591366.0,1037504.0,17.01,90821.0,1153648.0,8277.0,7.87
2011,5.0,NY,Final,650970.0,3557054.0,6983068.0,18.3,906857.0,5821564.0,1035164.0,15.58,82852.0,1082880.0,8176.0,7.65
2011,4.0,NY,Final,647978.0,3675740.0,6982192.0,17.63,861898.0,5709894.0,1037261.0,15.09,85490.0,1131766.0,8273.0,7.55
2011,3.0,NY,Final,709728.0,4038110.0,6985158.0,17.58,910063.0,6147997.0,1034657.0,14.8,85119.0,1078643.0,8238.0,7.89
2011,2.0,NY,Final,750347.0,4300851.0,6981602.0,17.45,931976.0,6141514.0,1036667.0,15.18,92598.0,1068048.0,8268.0,8.67
2011,1.0,NY,Final,813715.0,4717252.0,6978088.0,17.25,976850.0,6343171.0,1035325.0,15.4,98097.0,1093624.0,8261.0,8.97
2010,12.0,NY,Final,782877.0,4417184.0,6979674.0,17.72,988271.0,6321023.0,1036566.0,15.63,93879.0,1106485.0,8312.0,8.48
2010,11.0,NY,Final,659264.0,3611571.0,6968631.0,18.25,916184.0,5758272.0,1032689.0,15.91,89320.0,1076022.0,8271.0,8.3
2010,10.0,NY,Final,685784.0,3734312.0,6968302.0,18.36,998665.0,6155386.0,1037371.0,16.22,97328.0,1117015.0,8359.0,8.71
2010,9.0,NY,Final,859333.0,4276815.0,6963948.0,20.09,1136000.0,7115380.0,1036266.0,15.97,101091.0,1167082.0,8292.0,8.66
2010,8.0,NY,Final,1080183.0,5582113.0,6959353.0,19.35,1285414.0,7503301.0,1039857.0,17.13,114673.0,1257437.0,8399.0,9.12
2010,7.0,NY,Final,1137918.0,5659242.0,6957912.0,20.11,1393538.0,7605767.0,1038664.0,18.32,110180.0,1158398.0,8334.0,9.51
2010,6.0,NY,Final,818132.0,4214011.0,6951068.0,19.41,1168324.0,6654533.0,1041342.0,17.56,108676.0,1178468.0,8395.0,9.22
2010,5.0,NY,Final,655007.0,3409430.0,6948495.0,19.21,973155.0,5938140.0,1038735.0,16.39,98166.0,1096697.0,8314.0,8.95
2010,4.0,NY,Final,633191.0,3346928.0,6949843.0,18.92,875361.0,5622522.0,1040908.0,15.57,94772.0,1110440.0,8451.0,8.53
2010,3.0,NY,Final,686935.0,3914836.0,6954191.0,17.55,909985.0,5998208.0,1039685.0,15.17,88206.0,1075281.0,8438.0,8.2
2010,2.0,NY,Final,741721.0,4110006.0,6924920.0,18.05,954892.0,6143969.0,1038586.0,15.54,92519.0,1052418.0,8414.0,8.79
2010,1.0,NY,Final,807540.0,4669201.0,6932538.0,17.3,1001319.0,6459176.0,1038374.0,15.5,95872.0,1084720.0,8393.0,8.84
