date,Natural Gas Citygate Price in New York (Dollars per Thousand Cubic Feet),New York Price of Natural Gas Delivered to Residential Consumers (Dollars per Thousand Cubic Feet),New York Natural Gas % of Total Residential - Sales (%),New York Price of Natural Gas Sold to Commercial Consumers (Dollars per Thousand Cubic Feet),Percent of Commercial Natural Gas Deliveries in New York Represented by the Price (%),New York Natural Gas Industrial Price (Dollars per Thousand Cubic Feet),Percent of Industrial Natural Gas Deliveries in New York Represented by the Price (%),New York Natural Gas Price Sold to Electric Power Consumers (Dollars per Thousand Cubic Feet)
1989-01-15,3.24,6.6,,5.66,90.4,,,
1989-02-15,3.09,6.66,,5.7,90.1,,,
1989-03-15,2.87,7.46,,5.95,89.3,,,
1989-04-15,2.87,6.87,,5.86,85.0,,,
1989-05-15,2.84,7.11,,5.7,85.4,,,
1989-06-15,2.96,8.31,,5.54,81.3,,,
1989-07-15,3.07,9.01,,5.51,78.6,,,
1989-08-15,3.03,9.36,,5.55,78.2,,,
1989-09-15,2.94,9.18,,5.46,73.6,,,
1989-10-15,2.8,7.98,,5.16,74.8,,,
1989-11-15,3.23,7.58,,5.32,82.4,,,
1989-12-15,3.41,6.77,,5.48,89.7,,,
1990-01-15,3.37,6.77,,5.72,90.5,,,
1990-02-15,3.23,7.18,,6.17,92.3,,,
1990-03-15,2.98,6.91,,5.75,85.6,,,
1990-04-15,2.92,7.08,,5.77,85.3,,,
1990-05-15,2.63,7.64,,5.65,78.9,,,
1990-06-15,2.76,8.13,,5.04,77.8,,,
1990-07-15,2.77,9.02,,4.96,80.2,,,
1990-08-15,2.74,9.61,,4.88,80.1,,,
1990-09-15,2.79,9.01,,4.89,76.5,,,
1990-10-15,2.66,8.38,,5.14,75.8,,,
1990-11-15,3.28,7.41,,5.58,80.7,,,
1990-12-15,3.54,7.35,,5.72,81.5,,,
1991-01-15,3.36,6.96,,5.76,86.2,,,
1991-02-15,2.92,6.97,,5.87,85.4,,,
1991-03-15,2.79,6.82,,5.41,84.4,,,
1991-04-15,2.77,6.91,,5.35,81.0,,,
1991-05-15,2.64,7.53,,5.34,75.8,,,
1991-06-15,2.69,8.91,,5.29,72.8,,,
1991-07-15,2.53,9.53,,4.79,76.8,,,
1991-08-15,2.55,9.79,,4.89,75.1,,,
1991-09-15,3.09,8.9,,5.14,73.1,,,
1991-10-15,3.02,8.03,,5.31,75.0,,,
1991-11-15,2.9,7.44,,5.41,79.5,,,
1991-12-15,3.14,7.14,,5.62,81.1,,,
1992-01-15,2.88,7.1,,5.76,81.0,,,
1992-02-15,2.49,6.83,,5.63,78.9,,,
1992-03-15,2.57,6.89,,5.25,79.5,,,
1992-04-15,2.67,6.79,,5.31,77.3,,,
1992-05-15,2.91,7.4,,5.77,72.4,,,
1992-06-15,3.11,8.7,,6.08,70.9,,,
1992-07-15,2.92,9.7,,5.76,72.9,,,
1992-08-15,3.15,10.28,,5.84,69.3,,,
1992-09-15,3.37,9.92,,5.57,69.3,,,
1992-10-15,3.75,8.62,,5.66,76.0,,,
1992-11-15,3.47,8.68,,6.44,82.6,,,
1992-12-15,3.34,7.74,,6.26,81.5,,,
1993-01-15,3.1,7.57,,6.15,81.4,,,
1993-02-15,2.91,7.2,,5.9,81.5,,,
1993-03-15,3.11,7.14,,5.78,82.3,,,
1993-04-15,3.64,7.71,,6.32,77.8,,,
1993-05-15,4.08,9.17,,7.18,71.3,,,
1993-06-15,3.73,9.83,,6.69,66.2,,,
1993-07-15,3.49,10.95,,6.16,69.1,,,
1993-08-15,3.25,11.43,,5.94,72.1,,,
1993-09-15,3.78,10.88,,5.88,72.8,,,
1993-10-15,3.44,9.33,,5.94,74.1,,,
1993-11-15,3.11,8.38,,6.15,77.9,,,
1993-12-15,3.39,8.43,,6.5,77.2,,,
1994-01-15,3.07,7.69,,6.56,83.7,,,
1994-02-15,3.34,7.99,,6.73,83.4,,,
1994-03-15,3.34,8.33,,6.93,83.3,,,
1994-04-15,3.04,8.87,,7.07,77.7,,,
1994-05-15,3.21,9.2,,6.86,73.4,,,
1994-06-15,3.08,10.64,,6.49,73.2,,,
1994-07-15,3.01,11.64,,6.16,74.7,,,
1994-08-15,3.13,12.0,,5.86,73.4,,,
1994-09-15,2.76,11.42,,6.01,75.1,,,
1994-10-15,2.66,9.7,,5.84,76.4,,,
1994-11-15,2.78,9.36,,6.02,78.0,,,
1994-12-15,2.63,8.64,,6.23,81.9,,,
1995-01-15,2.55,8.1,,6.29,80.8,,,
1995-02-15,2.44,7.66,,6.38,82.8,,,
1995-03-15,2.31,7.66,,6.1,79.3,,,
1995-04-15,2.3,7.88,,6.34,76.3,,,
1995-05-15,2.42,8.7,,6.45,71.7,,,
1995-06-15,2.4,10.2,,6.43,66.5,,,
1995-07-15,2.2,11.64,,5.86,66.5,,,
1995-08-15,2.12,12.0,,5.74,64.1,,,
1995-09-15,2.32,11.81,,5.73,68.1,,,
1995-10-15,2.53,11.09,,5.46,72.3,,,
1995-11-15,2.61,8.7,,5.51,77.2,,,
1995-12-15,2.98,7.77,,6.16,79.9,,,
1996-01-15,3.57,8.01,,,,,,
1996-02-15,3.38,8.22,,,,,,
1996-03-15,3.5,8.12,,,,,,
1996-04-15,3.4,8.39,,,,,,
1996-05-15,3.18,8.8,,,,,,
1996-06-15,3.17,10.03,,,,,,
1996-07-15,3.13,11.08,,,,,,
1996-08-15,2.91,,,,,,,
1996-09-15,2.61,,,,,,,
1996-10-15,2.86,,,,,,,
1996-11-15,3.03,,,,,,,
1996-12-15,4.38,,,,,,,
1997-01-15,4.45,9.88,,8.17,74.3,,,
1997-02-15,3.65,9.55,,7.61,72.1,,,
1997-03-15,2.85,8.86,,6.78,69.3,,,
1997-04-15,2.69,8.51,,6.15,67.7,,,
1997-05-15,2.64,9.01,,5.95,59.1,,,
1997-06-15,2.87,10.83,,5.32,53.5,,,
1997-07-15,2.59,12.7,,4.4,53.3,,,
1997-08-15,2.79,11.62,,4.86,54.6,,,
1997-09-15,2.92,12.59,,5.09,56.2,,,
1997-10-15,3.68,11.38,,5.62,59.3,,,
1997-11-15,14.26,9.93,,6.58,65.6,,,
1997-12-15,3.33,9.34,,6.8,68.3,,,
1998-01-15,2.06,9.17,,6.67,55.3,,,
1998-02-15,3.32,9.09,,6.79,60.7,,,
1998-03-15,2.01,8.9,,6.15,59.0,,,
1998-04-15,3.27,9.56,,6.55,53.6,,,
1998-05-15,3.11,10.73,,6.36,48.2,,,
1998-06-15,2.84,11.99,,5.15,49.8,,,
1998-07-15,2.85,7.08,,5.49,43.2,,,
1998-08-15,2.44,13.24,,4.59,43.2,,,
1998-09-15,2.56,12.66,,5.64,43.3,,,
1998-10-15,2.83,11.62,,5.4,50.2,,,
1998-11-15,2.84,9.5,,5.61,53.3,,,
1998-12-15,3.04,9.3,,6.05,56.7,,,
1999-01-15,2.82,8.21,,5.86,68.1,,,
1999-02-15,2.74,8.49,,6.31,61.7,,,
1999-03-15,2.75,8.05,,4.58,62.2,,,
1999-04-15,2.53,8.74,,5.87,58.7,,,
1999-05-15,3.0,10.1,,5.31,48.8,,,
1999-06-15,2.62,11.79,,3.99,55.7,,,
1999-07-15,2.77,12.65,,3.91,49.7,,,
1999-08-15,2.96,12.01,,3.77,48.4,,,
1999-09-15,3.37,11.93,,4.24,52.3,,,
1999-10-15,3.28,10.29,,4.38,52.4,,,
1999-11-15,3.72,9.66,,5.34,56.1,,,
1999-12-15,2.86,9.01,,5.9,56.8,,,
2000-01-15,3.44,7.97,,10.53,39.7,,,
2000-02-15,3.52,8.49,,10.86,41.8,,,
2000-03-15,3.5,9.55,,6.65,38.9,,,
2000-04-15,3.84,9.82,,7.88,37.4,,,
2000-05-15,4.0,11.66,,6.72,38.8,,,
2000-06-15,4.7,13.3,,5.48,38.1,,,
2000-07-15,5.37,14.81,,4.8,42.1,,,
2000-08-15,4.58,14.68,,4.94,43.3,,,
2000-09-15,5.32,15.05,,5.72,42.1,,,
2000-10-15,6.37,12.15,,6.59,38.6,,,
2000-11-15,5.26,10.16,,8.73,39.1,,,
2000-12-15,7.13,9.02,,12.11,42.1,,,
2001-01-15,8.99,12.47,,11.96,62.0,9.39,13.3,
2001-02-15,6.47,11.24,,12.02,64.8,10.92,14.8,
2001-03-15,5.37,10.53,,10.86,60.0,9.08,13.4,
2001-04-15,5.32,11.43,,10.38,56.0,7.92,11.3,
2001-05-15,5.22,13.5,,10.46,36.3,8.17,10.4,
2001-06-15,3.94,13.84,,9.26,32.4,7.31,10.0,
2001-07-15,3.38,14.25,,8.19,24.3,4.84,9.2,
2001-08-15,3.64,14.41,,7.63,24.0,4.59,10.2,
2001-09-15,3.02,13.14,,7.12,24.1,7.11,4.2,
2001-10-15,3.12,11.57,,6.47,39.4,4.94,4.8,
2001-11-15,2.22,11.16,,6.92,50.0,5.06,15.5,
2001-12-15,3.84,10.89,,7.32,53.6,6.41,9.7,
2002-01-15,4.23,9.35,100.0,6.72,100.0,6.18,12.2,3.42
2002-02-15,3.55,8.65,100.0,6.51,100.0,5.86,12.1,3.13
2002-03-15,3.84,9.17,100.0,6.3,100.0,5.97,11.1,3.55
2002-04-15,3.76,9.34,100.0,6.43,100.0,5.64,11.1,4.16
2002-05-15,3.67,9.96,100.0,6.33,100.0,5.21,11.9,4.14
2002-06-15,3.56,11.66,100.0,6.37,100.0,4.91,10.9,4.02
2002-07-15,3.21,13.04,100.0,5.53,100.0,4.75,9.4,3.92
2002-08-15,3.1,13.18,100.0,5.36,100.0,4.52,10.4,3.87
2002-09-15,2.91,13.21,100.0,5.55,100.0,4.58,13.5,4.18
2002-10-15,4.19,11.84,100.0,6.4,100.0,5.02,7.7,4.69
2002-11-15,4.63,10.08,100.0,6.58,100.0,5.92,9.4,4.94
2002-12-15,5.21,9.48,100.0,7.55,100.0,6.68,11.2,5.21
2003-01-15,5.44,9.63,100.0,7.85,100.0,6.67,11.5,6.29
2003-02-15,5.85,9.88,100.0,8.34,100.0,7.45,11.6,7.26
2003-03-15,7.86,11.69,100.0,9.79,100.0,8.25,12.1,8.71
2003-04-15,5.49,12.22,100.0,9.48,100.0,8.83,10.9,6.18
2003-05-15,5.69,12.93,100.0,9.27,100.0,7.07,10.9,
2003-06-15,5.88,14.71,100.0,8.95,100.0,7.03,12.3,6.77
2003-07-15,5.08,16.01,100.0,8.09,100.0,7.17,10.5,5.89
2003-08-15,4.91,16.17,100.0,7.62,100.0,6.6,12.0,5.67
2003-09-15,5.06,15.58,100.0,7.73,100.0,7.18,8.0,5.54
2003-10-15,5.02,13.01,100.0,7.87,100.0,7.04,5.8,5.4
2003-11-15,5.46,12.02,100.0,8.42,100.0,6.66,10.5,5.41
2003-12-15,5.52,11.36,100.0,9.14,100.0,7.51,10.1,6.11
2004-01-15,6.73,11.41,100.0,10.22,100.0,7.79,12.4,7.16
2004-02-15,6.38,11.33,100.0,10.42,100.0,8.53,13.5,6.55
2004-03-15,5.73,11.48,100.0,10.11,100.0,8.21,11.5,6.06
2004-04-15,5.63,11.51,100.0,9.49,100.0,7.72,13.0,6.18
2004-05-15,6.06,13.07,100.0,9.36,100.0,7.23,11.1,6.77
2004-06-15,6.42,15.34,100.0,9.69,100.0,7.42,11.5,6.87
2004-07-15,5.57,16.29,100.0,9.47,100.0,7.38,9.3,6.6
2004-08-15,5.89,16.89,100.0,9.35,100.0,7.86,8.7,6.27
2004-09-15,5.59,16.22,100.0,8.88,100.0,7.77,8.0,5.72
2004-10-15,6.07,14.41,100.0,9.23,100.0,7.73,7.6,6.72
2004-11-15,6.93,13.44,100.0,10.92,100.0,8.72,8.7,7.46
2004-12-15,7.49,13.19,100.0,11.63,100.0,9.52,9.8,7.88
2005-01-15,7.01,12.8,100.0,10.64,100.0,9.8,17.0,7.75
2005-02-15,6.76,12.65,100.0,10.67,100.0,9.9,16.9,7.27
2005-03-15,6.87,12.42,100.0,10.65,100.0,10.01,17.4,7.54
2005-04-15,7.51,13.45,100.0,10.63,100.0,10.18,14.3,7.83
2005-05-15,7.23,14.49,100.0,10.32,100.0,9.92,10.2,7.31
2005-06-15,6.69,16.16,100.0,10.02,100.0,9.96,11.1,7.58
2005-07-15,6.38,17.62,100.0,9.55,100.0,9.29,15.9,8.11
2005-08-15,7.0,18.48,100.0,10.29,100.0,9.67,16.5,9.36
2005-09-15,9.32,20.78,100.0,12.28,100.0,10.3,14.3,12.19
2005-10-15,12.4,22.24,100.0,15.51,100.0,12.87,11.9,13.58
2005-11-15,10.93,20.21,100.0,16.37,100.0,14.74,12.4,12.06
2005-12-15,10.59,17.44,100.0,15.1,100.0,14.16,14.8,12.17
2006-01-15,11.24,16.61,100.0,15.22,100.0,12.55,14.8,11.74
2006-02-15,9.94,15.11,100.0,13.39,100.0,11.86,14.0,9.15
2006-03-15,9.69,13.99,100.0,12.14,100.0,11.01,11.5,7.95
2006-04-15,8.51,14.58,100.0,11.31,100.0,9.96,9.6,7.93
2006-05-15,8.31,16.09,100.0,11.11,100.0,9.73,7.6,7.52
2006-06-15,7.46,16.69,100.0,10.03,100.0,7.57,11.4,7.35
2006-07-15,7.69,18.04,100.0,9.44,100.0,8.63,11.0,7.2
2006-08-15,8.77,18.91,100.0,9.97,100.0,9.39,9.9,8.1
2006-09-15,7.71,18.43,100.0,10.15,100.0,9.14,9.6,6.62
2006-10-15,6.08,13.37,100.0,9.58,100.0,8.55,10.8,5.95
2006-11-15,9.39,14.75,100.0,11.05,100.0,11.1,13.6,8.28
2006-12-15,10.09,14.97,100.0,12.75,100.0,12.18,13.7,8.48
2007-01-15,8.77,15.24,100.0,12.09,100.0,11.42,13.5,7.68
2007-02-15,9.36,14.43,100.0,12.39,100.0,11.69,18.5,8.86
2007-03-15,9.41,15.08,100.0,12.77,100.0,12.18,12.7,8.65
2007-04-15,8.9,15.47,100.0,12.15,100.0,11.76,13.3,8.69
2007-05-15,9.14,17.33,100.0,11.07,100.0,11.17,10.1,8.62
2007-06-15,9.36,19.59,100.0,11.62,100.0,11.52,7.8,8.52
2007-07-15,8.59,19.95,100.0,10.72,100.0,11.19,10.2,7.68
2007-08-15,9.26,18.94,100.0,10.2,100.0,11.63,9.0,7.49
2007-09-15,7.29,18.53,100.0,9.84,100.0,9.71,11.0,6.8
2007-10-15,8.17,18.64,100.0,10.83,100.0,11.23,9.7,7.55
2007-11-15,9.12,16.04,100.0,11.98,100.0,12.02,11.2,8.19
2007-12-15,9.27,14.83,100.0,12.21,100.0,10.97,15.1,9.52
2008-01-15,9.31,14.99,100.0,12.24,100.0,11.59,16.6,10.91
2008-02-15,9.83,14.91,100.0,12.3,100.0,11.28,13.4,10.84
2008-03-15,10.01,15.21,100.0,12.84,100.0,12.07,13.1,10.7
2008-04-15,9.64,16.76,100.0,12.79,100.0,11.83,10.6,11.15
2008-05-15,12.21,19.95,100.0,13.98,100.0,13.1,9.0,12.45
2008-06-15,12.98,22.88,100.0,14.58,100.0,14.82,9.2,14.25
2008-07-15,13.78,24.96,100.0,15.22,100.0,12.68,9.0,13.45
2008-08-15,10.54,24.2,100.0,13.26,100.0,13.3,7.7,10.1
2008-09-15,9.89,21.66,100.0,11.76,100.0,11.37,9.3,8.93
2008-10-15,8.38,18.42,100.0,12.26,100.0,12.56,9.8,7.97
2008-11-15,9.52,16.48,100.0,12.43,100.0,12.69,11.3,7.99
2008-12-15,9.24,16.26,100.0,12.87,100.0,12.81,12.9,8.52
2009-01-15,9.43,15.46,100.0,12.7,100.0,11.36,14.7,8.6
2009-02-15,8.22,14.84,100.0,12.09,100.0,10.54,15.7,6.55
2009-03-15,7.64,14.63,100.0,11.64,100.0,10.31,13.5,5.38
2009-04-15,6.67,14.19,100.0,10.19,100.0,9.31,12.0,4.74
2009-05-15,5.86,15.13,100.0,9.22,100.0,8.62,10.0,4.72
2009-06-15,6.49,16.82,100.0,8.72,100.0,8.71,9.4,4.77
2009-07-15,6.34,18.24,100.0,8.78,100.0,7.68,7.5,4.63
2009-08-15,5.94,17.81,100.0,8.46,100.0,7.71,8.5,4.2
2009-09-15,5.68,17.74,100.0,9.2,100.0,9.12,8.0,3.83
2009-10-15,5.88,14.71,100.0,9.23,100.0,8.7,8.2,5.09
2009-11-15,7.07,14.97,100.0,10.32,100.0,8.81,9.6,5.13
2009-12-15,7.16,14.02,100.0,10.81,100.0,8.56,15.0,7.08
2010-01-15,7.34,12.97,100.0,11.85,100.0,9.06,14.2,8.32
2010-02-15,7.03,13.01,100.0,11.55,100.0,8.88,14.8,7.42
2010-03-15,6.85,13.6,100.0,11.77,100.0,8.92,11.4,6.01
2010-04-15,6.86,15.08,100.0,10.96,100.0,8.26,10.3,5.09
2010-05-15,7.11,15.82,100.0,10.33,100.0,8.16,8.8,5.24
2010-06-15,6.82,18.42,100.0,10.14,100.0,7.7,7.5,5.71
2010-07-15,7.31,20.0,100.0,9.68,100.0,7.66,8.0,5.69
2010-08-15,7.46,20.17,100.0,9.67,100.0,7.5,10.3,5.38
2010-09-15,7.29,18.54,100.0,10.03,100.0,8.31,9.0,4.82
2010-10-15,6.42,16.47,100.0,10.31,100.0,8.74,8.1,4.54
2010-11-15,6.42,13.88,100.0,10.32,100.0,9.11,9.6,4.89
2010-12-15,6.08,12.09,100.0,10.58,100.0,8.48,11.0,7.07
2011-01-15,6.09,12.05,100.0,9.72,100.0,8.25,10.3,7.76
2011-02-15,6.09,12.27,100.0,9.49,100.0,7.88,11.0,6.71
2011-03-15,6.36,12.73,100.0,9.87,100.0,8.72,8.2,5.51
2011-04-15,6.14,13.6,100.0,9.38,100.0,8.35,8.7,5.45
2011-05-15,5.74,15.88,100.0,9.8,100.0,9.11,5.6,5.43
2011-06-15,6.25,19.74,100.0,9.03,100.0,8.85,5.2,5.64
2011-07-15,6.6,19.77,100.0,8.14,100.0,7.5,6.7,5.88
2011-08-15,6.38,19.78,100.0,8.55,100.0,7.72,7.5,5.26
2011-09-15,6.14,19.75,100.0,8.63,100.0,8.15,6.0,4.99
2011-10-15,5.6,16.56,100.0,9.02,100.0,8.66,6.3,4.75
2011-11-15,6.16,13.93,100.0,9.19,100.0,8.41,6.4,4.88
2011-12-15,5.32,12.65,100.0,9.19,100.0,7.32,8.5,4.88
2012-01-15,5.06,11.67,100.0,8.26,100.0,6.81,8.5,5.52
2012-02-15,4.92,11.69,100.0,7.76,100.0,6.78,8.3,4.27
2012-03-15,5.73,12.99,100.0,8.88,100.0,7.42,6.8,3.51
2012-04-15,5.09,13.06,100.0,7.87,100.0,6.79,5.4,2.96
2012-05-15,6.84,15.13,100.0,7.56,100.0,6.64,5.0,3.13
2012-06-15,7.35,18.0,100.0,6.96,100.0,6.78,6.1,3.49
2012-07-15,7.96,17.4,100.0,6.62,100.0,6.18,5.7,3.74
2012-08-15,7.72,18.78,100.0,6.5,100.0,6.3,5.6,3.76
2012-09-15,7.73,18.16,100.0,6.39,100.0,6.87,6.3,3.68
2012-10-15,6.44,15.26,100.0,7.61,100.0,6.97,6.0,4.08
2012-11-15,4.74,11.35,100.0,7.72,100.0,7.53,7.2,4.89
2012-12-15,4.33,11.97,100.0,8.64,100.0,7.24,8.2,5.2
2013-01-15,4.2,11.27,100.0,8.37,100.0,7.38,8.4,7.21
2013-02-15,4.3,10.8,100.0,8.43,100.0,7.11,7.8,6.94
2013-03-15,4.09,11.41,100.0,8.36,100.0,7.83,7.3,5.41
2013-04-15,5.88,12.65,100.0,8.33,100.0,7.65,5.4,5.21
2013-05-15,7.89,15.73,100.0,8.34,100.0,7.37,5.4,5.14
2013-06-15,9.33,18.16,100.0,7.88,100.0,7.99,4.2,5.04
2013-07-15,9.09,19.25,100.0,7.1,100.0,7.35,4.5,4.74
2013-08-15,8.61,18.99,100.0,7.17,100.0,6.89,4.5,4.48
2013-09-15,7.81,18.42,100.0,7.47,100.0,7.17,4.7,4.34
2013-10-15,5.96,16.12,100.0,7.87,100.0,7.7,5.6,4.42
2013-11-15,4.66,12.27,100.0,7.62,100.0,7.51,7.0,4.73
2013-12-15,4.42,10.5,100.0,7.62,100.0,7.39,7.4,6.0
2014-01-15,6.09,11.18,100.0,8.31,100.0,8.01,7.1,11.85
2014-02-15,5.5,11.32,100.0,9.25,100.0,8.64,8.5,11.0
2014-03-15,4.76,11.78,100.0,9.22,100.0,9.38,7.9,8.44
2014-04-15,5.87,12.49,100.0,8.95,100.0,8.68,7.1,5.19
2014-05-15,7.59,14.55,100.0,8.75,100.0,8.66,5.8,4.69
2014-06-15,7.87,17.99,100.0,7.91,100.0,8.1,4.9,4.4
2014-07-15,7.92,18.99,100.0,7.71,100.0,7.93,4.0,3.96
2014-08-15,7.16,18.88,100.0,7.21,100.0,7.48,4.8,3.36
2014-09-15,6.97,17.86,100.0,7.15,100.0,6.75,4.1,3.29
2014-10-15,5.23,15.99,100.0,7.2,100.0,6.71,4.4,3.28
2014-11-15,4.22,12.27,100.0,7.32,100.0,7.03,4.6,4.63
2014-12-15,4.27,10.66,100.0,7.6,100.0,7.19,6.4,4.71
2015-01-15,3.84,10.51,100.0,7.52,100.0,7.43,6.9,6.24
2015-02-15,4.43,9.79,100.0,7.18,100.0,7.04,8.7,9.93
2015-03-15,3.19,9.34,100.0,7.11,100.0,7.21,7.8,4.48
2015-04-15,2.94,10.19,100.0,7.24,100.0,7.21,7.3,2.82
2015-05-15,5.72,12.68,100.0,6.65,100.0,6.54,4.7,2.76
2015-06-15,6.26,16.26,100.0,6.8,100.0,6.0,5.4,2.71
2015-07-15,7.01,17.09,100.0,6.05,100.0,5.86,4.9,2.56
2015-08-15,7.07,17.3,100.0,5.72,100.0,5.33,4.8,2.61
2015-09-15,7.12,17.5,100.0,5.96,100.0,5.83,4.6,2.51
2015-10-15,4.57,14.24,100.0,6.24,100.0,5.57,4.4,2.6
2015-11-15,3.54,12.26,100.0,6.32,100.0,6.01,5.0,2.69
2015-12-15,3.56,11.43,100.0,6.78,100.0,6.26,6.6,2.96
2016-01-15,2.62,10.3,100.0,6.7,100.0,6.22,7.0,3.82
2016-02-15,2.92,9.45,100.0,6.7,100.0,6.24,8.2,3.45
2016-03-15,2.84,9.64,100.0,6.48,100.0,6.2,7.5,2.23
2016-04-15,3.03,9.88,100.0,6.21,100.0,5.88,5.4,2.37
2016-05-15,4.26,10.99,100.0,6.03,100.0,5.72,5.6,2.12
2016-06-15,5.65,14.69,100.0,5.77,100.0,5.55,5.0,2.35
2016-07-15,6.58,16.64,100.0,5.58,100.0,5.56,5.3,2.73
2016-08-15,6.85,17.86,100.0,5.3,100.0,5.7,4.0,2.56
2016-09-15,6.3,17.34,100.0,5.33,100.0,5.29,4.2,2.18
2016-10-15,3.61,14.87,100.0,5.59,100.0,5.56,4.6,1.98
2016-11-15,3.42,10.95,100.0,5.97,100.0,5.69,4.6,2.95
2016-12-15,3.85,9.6,100.0,6.5,100.0,6.11,5.8,5.48
2017-01-15,3.85,9.86,100.0,6.82,100.0,6.91,7.7,5.45
2017-02-15,3.64,11.04,100.0,7.51,100.0,7.46,7.9,4.57
2017-03-15,3.27,10.81,100.0,7.15,100.0,7.5,7.5,4.31
2017-04-15,4.24,11.09,100.0,6.99,100.0,7.86,6.4,3.44
2017-05-15,6.0,14.45,100.0,6.89,100.0,7.21,5.6,3.35
2017-06-15,7.02,16.28,100.0,6.87,100.0,7.79,4.0,3.02
2017-07-15,7.37,19.14,100.0,6.64,100.0,8.05,3.8,2.81
2017-08-15,7.11,19.06,100.0,5.96,100.0,6.72,4.7,2.61
2017-09-15,7.08,18.12,100.0,6.02,100.0,6.18,4.2,2.41
2017-10-15,5.11,17.17,100.0,6.5,100.0,6.45,4.3,2.39
2017-11-15,4.17,13.07,100.0,6.65,100.0,6.69,4.4,3.44
2017-12-15,3.9,10.52,100.0,6.93,100.0,7.21,6.6,5.14
2018-01-15,6.36,9.51,100.0,7.22,100.0,7.4,8.2,8.27
2018-02-15,3.41,11.23,100.0,7.86,100.0,7.93,8.2,5.53
2018-03-15,3.19,12.09,100.0,7.87,100.0,8.54,7.3,3.54
2018-04-15,3.56,11.29,100.0,7.2,100.0,7.95,7.0,3.23
2018-05-15,6.08,14.19,100.0,7.38,100.0,7.99,5.4,2.86
2018-06-15,7.08,19.32,100.0,7.18,100.0,8.09,3.6,2.99
2018-07-15,8.05,20.1,100.0,7.02,100.0,7.97,3.5,3.14
2018-08-15,8.45,20.83,100.0,6.83,100.0,7.42,3.6,3.26
2018-09-15,8.32,20.14,100.0,6.71,100.0,7.31,3.2,3.07
2018-10-15,5.04,17.15,100.0,6.9,100.0,7.06,4.0,3.26
2018-11-15,4.74,12.18,100.0,7.01,100.0,7.27,4.6,4.47
2018-12-15,4.57,11.64,100.0,7.71,100.0,8.21,7.1,5.46
2019-01-15,4.35,12.28,100.0,8.44,100.0,9.15,7.6,5.8
2019-02-15,3.58,11.44,100.0,7.88,100.0,8.95,7.8,4.48
2019-03-15,3.62,10.86,100.0,7.45,100.0,8.28,7.2,3.99
2019-04-15,4.09,12.09,100.0,7.17,100.0,7.85,6.4,2.8
2019-05-15,5.15,13.99,100.0,7.12,100.0,7.34,5.1,2.62
2019-06-15,7.3,17.06,100.0,6.59,100.0,6.54,4.6,2.55
2019-07-15,8.29,19.86,100.0,6.18,100.0,6.69,4.0,2.43
2019-08-15,7.95,20.14,100.0,6.01,100.0,5.92,4.4,2.24
2019-09-15,7.51,19.97,100.0,6.02,100.0,6.14,4.3,2.23
2019-10-15,5.09,16.89,100.0,6.72,100.0,6.04,4.4,2.05
2019-11-15,3.57,12.45,100.0,6.61,100.0,7.06,4.2,3.1
2019-12-15,3.36,10.75,100.0,6.98,100.0,7.46,6.7,3.29
2020-01-15,3.18,11.37,100.0,7.56,100.0,7.86,7.3,3.12
2020-02-15,3.05,11.62,100.0,7.43,100.0,7.39,7.9,2.71
2020-03-15,2.98,11.93,100.0,7.43,100.0,7.65,6.9,2.23
2020-04-15,2.92,12.07,100.0,6.81,100.0,6.89,6.2,1.73
2020-05-15,4.52,11.56,100.0,6.11,100.0,6.0,5.5,1.74
2020-06-15,6.8,16.03,100.0,6.03,100.0,5.67,4.4,1.72
2020-07-15,7.08,19.34,100.0,6.01,100.0,5.82,3.7,1.84
2020-08-15,7.79,19.82,100.0,5.68,100.0,5.84,3.0,1.88
2020-09-15,6.85,19.24,100.0,6.14,100.0,7.13,2.7,1.78
2020-10-15,4.54,16.08,100.0,6.26,100.0,6.22,3.5,1.84
2020-11-15,3.38,13.67,100.0,6.62,100.0,6.85,3.9,2.51
2020-12-15,3.14,12.15,100.0,7.28,100.0,7.44,6.2,3.69
2021-01-15,3.15,11.14,100.0,7.38,100.0,7.84,7.5,3.54
2021-02-15,4.0,10.8,100.0,7.36,100.0,7.81,7.8,5.36
2021-03-15,3.39,11.46,100.0,7.72,100.0,8.26,7.2,3.11
2021-04-15,3.65,13.85,100.0,7.85,100.0,7.74,6.0,2.58
2021-05-15,5.15,15.04,100.0,7.39,100.0,7.88,4.2,2.68
2021-06-15,8.12,17.64,100.0,7.08,100.0,8.05,3.9,3.01
2021-07-15,8.73,21.13,100.0,7.33,100.0,7.87,3.3,3.54
2021-08-15,9.36,22.85,100.0,7.21,100.0,7.89,3.1,3.98
2021-09-15,9.54,22.24,100.0,7.37,100.0,8.39,3.5,4.6
2021-10-15,8.63,22.64,100.0,8.64,100.0,8.59,3.4,5.13
2021-11-15,5.7,17.19,100.0,9.57,100.0,10.24,3.7,5.79
2021-12-15,5.0,14.56,100.0,9.7,100.0,10.62,6.1,5.18
2022-01-15,5.49,13.82,100.0,9.7,100.0,10.69,6.9,9.52
2022-02-15,5.1,13.07,100.0,9.75,100.0,10.2,8.0,7.17
2022-03-15,4.8,14.13,100.0,9.61,100.0,10.16,7.9,5.15
2022-04-15,6.42,14.82,100.0,9.48,100.0,10.05,6.1,6.42
2022-05-15,9.24,17.59,100.0,9.97,100.0,10.59,4.2,7.75
2022-06-15,12.73,24.56,100.0,10.97,100.0,11.71,3.9,7.51
2022-07-15,11.48,26.19,100.0,10.34,100.0,10.86,3.9,7.07
2022-08-15,13.71,26.14,100.0,10.71,100.0,11.46,3.1,8.02
2022-09-15,13.25,28.2,100.0,12.75,100.0,11.76,3.5,7.54
2022-10-15,7.65,21.91,100.0,11.2,100.0,11.68,4.0,5.14
2022-11-15,7.19,19.26,100.0,10.52,100.0,11.55,4.0,6.07
2022-12-15,7.95,16.73,100.0,11.51,100.0,12.56,6.1,10.42
2023-01-15,5.8,17.23,100.0,11.8,100.0,12.95,7.6,6.36
2023-02-15,5.53,16.59,100.0,11.26,100.0,12.84,7.4,6.06
2023-03-15,4.49,15.92,100.0,11.07,100.0,11.6,7.2,3.74
2023-04-15,3.41,15.83,100.0,9.69,100.0,9.86,6.1,2.21
2023-05-15,4.34,16.72,100.0,8.11,100.0,8.39,4.1,1.88
2023-06-15,5.99,19.73,100.0,7.5,100.0,8.18,3.4,2.02
2023-07-15,6.85,21.77,100.0,7.09,100.0,7.13,4.2,2.51
2023-08-15,5.81,22.72,100.0,7.16,100.0,6.74,3.4,1.89
2023-09-15,6.09,21.0,100.0,7.05,100.0,7.66,3.2,2.02
2023-10-15,4.39,20.0,100.0,8.39,100.0,8.85,3.4,1.93
2023-11-15,3.83,16.3,100.0,8.66,100.0,9.09,4.3,3.26
2023-12-15,3.75,14.71,100.0,9.69,100.0,11.1,6.7,3.21
2024-01-15,4.25,14.56,100.0,10.91,100.0,12.85,6.7,5.76
2024-02-15,3.37,14.75,100.0,11.06,100.0,13.94,5.9,2.99
2024-03-15,3.32,15.47,100.0,10.68,100.0,12.7,6.5,2.3
2024-04-15,2.97,15.05,100.0,10.77,100.0,12.46,5.5,2.08
2024-05-15,4.88,18.07,100.0,10.09,100.0,11.0,3.9,2.08
2024-06-15,6.31,21.42,100.0,9.94,100.0,10.85,3.1,2.42
2024-07-15,7.21,23.2,100.0,9.24,100.0,12.8,2.2,2.21
2024-08-15,6.68,23.3,100.0,8.08,100.0,7.61,2.9,1.87
2024-09-15,6.31,23.38,100.0,8.44,100.0,7.65,2.6,2.1
2024-10-15,4.67,22.28,100.0,9.11,100.0,9.04,4.0,2.13
2024-11-15,4.03,19.62,100.0,10.92,100.0,9.66,4.8,2.71
2024-12-15,4.13,15.34,100.0,11.19,100.0,12.8,5.8,5.0
2025-01-15,5.79,14.45,100.0,11.28,100.0,11.71,8.5,8.8
2025-02-15,4.92,14.5,100.0,11.56,100.0,12.2,8.4,7.0
2025-03-15,4.29,16.1,100.0,11.93,100.0,12.97,8.0,4.6
2025-04-15,5.06,18.26,100.0,12.36,100.0,12.02,6.8,3.58
2025-05-15,5.84,23.27,100.0,12.4,100.0,13.02,4.2,3.07
2025-06-15,7.18,23.9,100.0,10.26,100.0,10.84,4.0,3.12
2025-07-15,7.59,28.83,100.0,11.6,100.0,11.05,3.8,3.7
2025-08-15,7.51,29.35,100.0,10.32,100.0,9.81,3.6,3.06
2025-09-15,7.08,26.61,100.0,10.05,100.0,9.53,3.8,2.71
2025-10-15,4.87,23.88,100.0,10.34,100.0,9.76,3.6,2.76
2025-11-15,4.7,17.95,100.0,10.86,100.0,11.68,4.1,4.28
2025-12-15,4.92,16.06,100.0,12.07,100.0,13.09,6.7,7.69
2026-01-15,10.4,16.01,100.0,12.97,100.0,14.5,7.3,16.15
2026-02-15,6.32,16.42,100.0,14.0,100.0,14.71,8.2,11.9
2026-03-15,,18.9,100.0,13.12,100.0,16.27,7.5,3.39
2026-04-15,3.98,21.15,100.0,12.84,100.0,15.61,5.2,2.61
2026-05-15,4.95,22.74,100.0,12.37,100.0,13.6,4.4,2.47
2026-06-15,6.7,27.01,100.0,11.41,100.0,11.52,3.7,2.86
2026-07-15,8.07,30.86,100.0,11.21,100.0,,,3.2
